# 3ds Max Wavefront OBJ Exporter v0.99 - (c)2007 guruware
# File Created: 16.05.2025 15:21:36

mtllib SM_PlayerFPV.mtl

#
# object Box728
#

v  -10.7973 61.1659 4.4483
v  -11.2188 61.0489 2.5972
v  -9.3527 60.2100 2.8673
v  -9.3510 60.7182 5.3432
v  -11.3905 61.0218 -0.2913
v  -9.5116 60.0112 -0.1766
v  -7.2664 59.1284 0.0656
v  -7.1220 59.4885 3.3068
v  -7.0692 60.2574 6.0494
v  -11.6462 60.9711 -3.4037
v  -9.7221 59.9043 -3.3660
v  -11.7944 60.9400 -6.6158
v  -9.8398 59.8739 -6.6158
v  -7.4237 58.9768 -3.2602
v  -4.9347 58.9899 3.6249
v  -4.8928 59.8613 6.4929
v  -5.0185 58.5776 0.2859
v  -5.1022 58.4063 -3.1475
v  -7.5053 58.9531 -6.6158
v  -5.1439 58.3810 -6.6158
v  -11.6396 74.9839 6.9507
v  -10.5720 75.6037 8.0267
v  -10.8866 76.7081 4.8376
v  -12.1706 75.5052 4.3575
v  -8.5926 76.1943 8.8169
v  -8.8976 77.5040 5.5950
v  -9.0778 78.3451 1.6872
v  -11.1884 77.4138 1.0126
v  -12.5920 76.0374 0.4934
v  -5.8673 76.4464 9.4819
v  -6.0484 77.8351 6.1700
v  -6.1322 78.7426 2.1345
v  -11.4465 77.7893 -2.8087
v  -12.9309 76.3898 -3.1280
v  -9.2470 78.7215 -2.4205
v  -6.2159 79.1316 -2.1777
v  -9.6124 61.7537 6.8288
v  -11.5435 61.8220 5.1890
v  -7.1869 61.6359 7.8793
v  -7.3724 63.4745 9.1856
v  -9.9356 63.3374 7.9102
v  -12.0103 63.1799 6.0116
v  -4.9347 61.4099 8.5135
v  -5.0185 63.4042 9.9735
v  -10.1195 65.4906 9.1739
v  -12.2423 65.3509 7.2472
v  -7.5231 65.6238 10.3571
v  -7.5892 67.9105 11.2939
v  -10.1744 67.8564 10.2759
v  -12.3076 67.8111 8.3798
v  -5.1022 65.6128 11.1596
v  -5.1441 67.9285 12.0678
v  -10.2752 74.0323 9.9402
v  -8.0487 74.4121 10.8667
v  -11.9631 73.7783 8.1029
v  -12.1549 72.0258 8.7980
v  -10.0901 72.1413 10.8110
v  -7.5851 72.3402 11.8559
v  -10.1106 70.0780 10.8722
v  -7.5209 70.1611 11.8959
v  -12.2741 70.0364 8.8935
v  -5.4916 74.6141 11.6232
v  -5.1577 72.4946 12.6688
v  -5.1022 70.2442 12.6939
v  -12.3126 61.8997 2.7873
v  -12.5398 61.9558 -0.1288
v  -12.8989 63.1887 3.3541
v  -13.2145 63.2622 0.2083
v  -13.2423 65.3424 4.2143
v  -13.6699 65.3900 0.6179
v  -13.3962 67.8194 4.9718
v  -13.9212 67.8520 0.9193
v  -12.8448 61.9595 -3.3118
v  -13.5705 63.2988 -3.1554
v  -13.7579 63.3079 -6.6158
v  -13.0162 61.9482 -6.6158
v  -14.0757 65.4186 -2.9998
v  -14.3634 67.8800 -2.9102
v  -14.5631 67.8927 -6.6158
v  -14.2724 65.4281 -6.6158
v  -12.9046 73.9536 4.6142
v  -13.4168 74.3046 0.5125
v  -13.8262 72.3133 0.7615
v  -13.2615 72.1216 5.0809
v  -13.8169 74.5780 -3.1641
v  -13.0792 76.5207 -6.6158
v  -13.9882 74.6949 -6.6158
v  -14.2652 72.4855 -3.0582
v  -13.4140 70.0780 5.2303
v  -13.9838 70.1611 0.9321
v  -14.4370 70.2442 -2.9516
v  -14.4526 72.5665 -6.6158
v  -14.6337 70.2857 -6.6158
v  -7.0073 60.2991 6.1821
v  -7.0910 59.4509 3.3689
v  -4.9254 59.0639 3.6263
v  -4.8836 59.9353 6.4943
v  -7.2585 59.0364 0.0779
v  -5.0092 58.6516 0.2873
v  -2.7598 58.4564 0.3868
v  -2.7598 58.8590 3.7340
v  -2.7598 59.7363 6.6189
v  -7.4260 58.8722 -3.2621
v  -5.0929 58.4803 -3.1461
v  -7.5095 58.8528 -6.6158
v  -5.1347 58.4550 -6.6158
v  -2.7598 58.2844 -3.0881
v  5.2280 61.3528 -0.3504
v  4.6836 61.2940 2.3564
v  3.2245 60.2306 2.6373
v  3.5782 60.0871 -0.2331
v  4.1530 61.4431 4.1479
v  3.0280 60.7843 4.9976
v  1.3418 60.2440 5.8067
v  1.4432 59.4921 3.1454
v  1.6363 59.1886 0.0263
v  -0.5942 59.0183 3.5423
v  -0.5105 58.6402 0.2663
v  -0.6361 59.8669 6.3684
v  5.6079 61.4140 -3.4023
v  3.8536 60.0390 -3.3646
v  1.8099 59.0659 -3.2588
v  1.8915 59.0499 -6.6158
v  3.9713 60.0388 -6.6158
v  -0.4267 58.4803 -3.1461
v  -2.7598 58.2561 -6.6158
v  -0.3850 58.4550 -6.6158
v  -8.9563 76.4375 8.8809
v  -5.8581 76.5204 9.4833
v  -6.0391 77.9090 6.1714
v  -9.3185 77.8105 5.6877
v  -3.0035 76.5088 9.7845
v  -3.0383 77.8976 6.4133
v  -3.0383 78.8211 2.3026
v  -6.1229 78.8166 2.1359
v  -9.4860 78.6861 1.8023
v  -6.2067 79.2056 -2.1763
v  -9.6535 79.0565 -2.3464
v  -3.0383 79.2194 -2.0912
v  1.3418 75.9309 8.6518
v  3.0280 75.3905 7.3620
v  3.2245 76.4539 4.6941
v  1.4432 77.1924 5.5602
v  4.1530 74.8639 6.1556
v  4.6836 75.3905 4.0365
v  5.2280 75.8735 0.9298
v  3.5782 77.1269 1.3215
v  1.6363 78.0253 1.7655
v  3.8536 77.4041 -2.5323
v  1.8099 78.3771 -2.3504
v  5.6079 76.0786 -2.7141
v  -0.6361 76.3079 9.4833
v  -0.5942 77.6662 6.1714
v  -0.5105 78.5737 2.1359
v  -0.4267 78.9627 -2.1763
v  -4.9254 61.4839 8.5149
v  -7.0910 61.7640 8.0889
v  -2.7598 61.3324 8.7069
v  -2.7598 63.3884 10.2417
v  -5.0092 63.4782 9.9749
v  -7.2585 63.6521 9.4308
v  -5.0929 65.6868 11.1610
v  -7.4260 65.7699 10.5489
v  -2.7598 65.6452 11.4670
v  -2.7598 68.0025 12.3950
v  -5.1348 68.0025 12.0692
v  -7.5098 68.0025 11.4174
v  3.2245 62.0628 6.5988
v  1.4432 61.7117 7.7180
v  4.6836 62.4276 4.9482
v  5.2280 64.0801 5.7413
v  3.5782 63.8307 7.7130
v  1.6363 63.6390 9.1111
v  3.8536 65.8530 8.6122
v  1.8099 65.7699 10.2178
v  5.6079 65.9795 6.4039
v  5.7567 68.0237 6.9567
v  3.9717 68.0025 9.3276
v  1.8918 68.0025 11.0579
v  -0.5942 61.4383 8.4310
v  -0.5105 63.4668 9.9539
v  -0.4267 65.6868 11.1610
v  -0.3849 68.0025 12.0692
v  3.2245 73.9422 9.1017
v  4.6836 73.7473 6.9132
v  1.4432 74.2933 10.6582
v  1.6363 72.3659 11.6384
v  3.5782 72.1743 9.9367
v  5.2280 72.0736 7.5031
v  -0.5942 74.5667 11.6246
v  -2.8991 74.7143 11.9603
v  -2.7946 72.6271 13.0187
v  -0.5105 72.5382 12.6702
v  3.8536 70.1520 9.8906
v  5.6079 70.1104 7.4204
v  1.8099 70.2351 11.6516
v  -0.4267 70.3182 12.6953
v  -2.7598 70.3598 13.0380
v  -5.4823 74.6881 11.6246
v  -8.2047 74.5750 10.9532
v  -7.5370 72.4364 11.9733
v  -5.1484 72.5686 12.6702
v  -5.0929 70.3182 12.6953
v  -7.4260 70.2351 12.0101
v  5.7550 62.7423 2.6412
v  6.4990 63.0029 -0.1643
v  7.4042 64.7794 0.1653
v  6.4990 64.4253 3.1779
v  6.9764 63.2055 -3.3104
v  5.7562 61.4451 -6.6158
v  7.1478 63.2920 -6.6158
v  7.9567 65.0550 -3.1540
v  6.9763 66.1928 3.6526
v  7.9567 66.4239 0.4785
v  8.1448 68.1660 0.6833
v  7.1483 68.0874 4.0235
v  8.5467 66.6039 -2.9984
v  8.1442 65.1729 -6.6158
v  8.7435 66.6809 -6.6158
v  8.7441 68.2318 -2.9088
v  5.7550 73.9422 4.0507
v  6.4990 74.2605 0.7164
v  6.4990 72.1743 4.2753
v  7.4042 72.3577 0.6471
v  6.9763 70.1520 4.2487
v  7.9567 70.2351 0.6878
v  6.9763 74.4356 -2.8877
v  7.9567 72.5054 -2.9881
v  8.1442 72.5701 -6.6158
v  7.1478 74.4872 -6.6158
v  8.5467 70.3182 -2.9502
v  8.9439 68.2614 -6.6158
v  8.7435 70.3597 -6.6158
v  -2.2381 60.9632 15.2861
v  -4.8400 62.6129 9.7063
v  -2.4858 62.6129 7.7341
v  0.1161 60.9632 13.3139
v  -0.9263 68.4660 18.0999
v  1.4283 68.4660 16.1274
v  -1.5707 70.6942 9.6960
v  -3.9253 70.6942 11.6685
v  -2.0918 61.1351 15.6163
v  0.2735 61.1351 13.6349
v  1.4996 68.1442 16.2643
v  -0.8657 68.1442 18.2458
v  1.0614 62.7450 12.6488
v  -0.6529 63.8319 8.9725
v  -0.0894 68.8075 10.1808
v  1.8676 67.3535 14.3776
v  -2.5608 62.9341 7.5551
v  -4.9272 62.9341 9.5375
v  -4.0678 70.5228 11.3804
v  -1.7015 70.5228 9.3980
v  -5.0209 62.8662 9.9323
v  -2.3990 61.2039 15.5549
v  -2.7780 62.5664 14.7421
v  -4.8999 63.9117 10.1917
v  -1.1712 68.2226 18.1880
v  -1.7314 67.2725 16.9866
v  -0.4566 65.4074 11.6489
v  -0.2115 67.7226 12.1744
v  -1.1125 68.5795 10.2423
v  -1.4054 65.9926 9.6141
v  -4.4235 64.0283 10.5981
v  -2.7049 62.9386 14.2837
v  -1.6236 62.9386 13.7796
v  -3.3423 64.0283 10.0939
v  -2.5476 63.1014 14.6211
v  -1.7082 66.8755 16.4211
v  -0.6270 66.8755 15.9169
v  -1.4663 63.1014 14.1169
v  -4.0106 68.6790 11.4835
v  -4.3358 65.8071 10.7861
v  -3.2220 66.0615 10.3516
v  -2.3299 68.6798 10.6996
v  -4.5012 64.3467 10.4314
v  -3.4200 64.3467 9.9273
v  -3.0781 68.1264 14.0985
v  -4.1626 70.4452 11.7728
v  -4.2919 69.2808 11.4956
v  -1.9308 65.3418 12.6139
v  -1.6889 67.6271 13.1327
v  -0.3440 67.6271 12.5055
v  -0.5859 65.3418 11.9868
v  0.3669 61.2039 13.2378
v  -2.2550 62.8662 7.6152
v  -2.0591 63.2081 8.0354
v  0.2943 61.7160 13.0823
v  -1.3968 70.4452 9.4557
v  -1.3012 69.9004 9.6606
v  1.5947 68.2226 15.8709
v  1.3779 67.9099 15.4059
v  -1.7637 67.1683 16.3022
v  -2.8888 67.8815 13.8910
v  -2.2601 67.9718 13.2006
v  -0.7059 67.1744 15.8107
v  -3.8814 68.8266 11.7607
v  -2.1751 68.8301 10.9667
v  -2.0891 64.7713 12.8246
v  -2.9169 65.4898 10.3264
v  -3.0780 64.2797 10.0454
v  -1.3602 63.1751 13.7873
v  -0.5052 66.9363 15.5709
v  -1.7937 67.5628 13.4583
v  -4.6776 65.8744 10.6684
v  -1.3091 68.8235 10.4360
v  -0.4180 67.9831 12.3467
v  -1.7353 66.0571 9.5191
v  -1.4398 68.6803 10.1534
v  -2.7081 65.7422 10.2842
v  -2.0359 65.1542 12.3153
v  -0.7184 65.1595 11.7025
v  -1.6605 65.7365 9.6824
v  0.3582 62.2013 12.6732
v  -1.4950 63.3763 8.6990
v  -0.9553 63.4979 8.8699
v  0.7836 62.3953 12.5991
v  -1.6325 63.7216 8.4725
v  -1.0106 69.2137 9.8062
v  -0.4384 68.9790 9.9101
v  -1.0181 63.8600 8.6670
v  -0.7874 69.3471 10.1671
v  1.3503 67.7589 14.7513
v  1.6853 67.6605 14.5822
v  -0.3352 69.1616 10.2492
v  1.4187 67.4310 14.8799
v  0.5419 62.4189 12.9996
v  0.9090 62.5863 12.9356
v  1.7400 67.3367 14.7177
v  -2.1500 60.9714 15.4889
v  -2.2831 61.0097 15.5771
v  -2.3795 61.0223 15.4432
v  -4.9899 62.6773 9.8453
v  -5.0286 62.7508 9.6895
v  -4.9199 62.7279 9.5493
v  -2.5561 62.7279 7.5691
v  -2.4144 62.7508 7.4995
v  -2.3269 62.6773 7.6144
v  0.2834 61.0223 13.2124
v  0.3309 61.0098 13.3872
v  0.2135 60.9714 13.5089
v  -1.0886 68.4039 18.2116
v  -1.0035 68.3250 18.3212
v  -0.8602 68.3453 18.2550
v  1.5034 68.3453 16.2749
v  1.6105 68.3250 16.1312
v  1.5744 68.4039 15.9807
v  -1.4261 70.6331 9.5462
v  -1.5198 70.6508 9.4179
v  -1.6543 70.6915 9.5028
v  -4.0182 70.6915 11.4831
v  -4.1340 70.6508 11.6079
v  -4.0891 70.6331 11.7771
v  -2.2688 61.1517 15.6847
v  0.3969 61.1517 13.4515
v  1.6236 68.1644 16.0823
v  -1.0421 68.1644 18.3155
v  1.0767 62.6704 12.8349
v  1.0101 62.5133 12.7542
v  0.9712 62.5362 12.5919
v  -0.7427 63.6228 8.9164
v  -0.8360 63.6932 8.7681
v  -0.7972 63.8726 8.7823
v  -0.2291 68.8895 10.0006
v  -0.2332 69.0516 10.0702
v  -0.1367 69.0217 10.2283
v  1.8433 67.5507 14.4744
v  1.8743 67.4793 14.6183
v  1.8884 67.3106 14.5757
v  -2.3845 62.9168 7.4864
v  -5.0505 62.9168 9.7198
v  -4.1914 70.5037 11.5622
v  -1.5254 70.5037 9.3288
v  -0.5354 65.2193 11.6337
v  -0.4951 65.2096 11.7970
v  -0.4358 65.3582 11.8474
v  -0.1931 67.6510 12.3678
v  -0.2181 67.8222 12.3907
v  -0.2492 67.9146 12.2474
v  -1.1477 68.7673 10.3207
v  -1.2431 68.7976 10.1924
v  -1.2456 68.6544 10.1102
v  -1.5410 66.0415 9.4764
v  -1.5740 65.8755 9.4826
v  -1.4834 65.8030 9.6007
v  -4.4960 64.1415 10.4426
v  -4.7107 64.0956 10.4549
v  -4.6604 63.9991 10.5514
v  -2.8410 62.8455 14.4533
v  -2.7644 62.8702 14.5892
v  -2.6125 62.9456 14.4819
v  -1.5312 62.9456 13.9777
v  -1.3952 62.9840 13.8958
v  -1.4400 62.9977 13.7266
v  -3.1584 64.0911 10.0268
v  -3.2506 64.1645 9.9059
v  -3.4148 64.1415 9.9384
v  -2.7230 62.9676 14.7063
v  -1.8318 66.9748 16.6174
v  -1.8213 67.1055 16.6088
v  -1.6965 67.0638 16.4462
v  -0.6211 67.0653 15.9452
v  -0.4927 67.0440 15.8325
v  -0.4787 66.8907 15.7755
v  -1.3220 63.1198 13.9796
v  -3.9641 68.8415 11.5833
v  -4.1474 68.9295 11.6209
v  -4.1988 68.8294 11.5415
v  -4.7187 64.2380 10.4265
v  -3.2167 64.3299 9.9018
v  -1.9704 65.1688 12.5106
v  -2.1125 65.0894 12.6286
v  -2.0882 65.1992 12.7215
v  -1.8330 67.6110 13.2690
v  -1.9052 67.8088 13.2838
v  -1.8184 67.8394 13.1783
v  -0.3492 67.8422 12.4944
v  -0.6324 65.1701 11.8871
v  -1.8732 67.1967 16.5288
v  -0.5373 67.1125 15.6955
v  -4.1013 68.9434 11.7506
v  -2.1673 65.0604 12.4992
v  -2.8763 65.6773 10.3577
v  -2.9884 65.7885 10.2370
v  -3.0584 65.6658 10.2250
v  -1.8980 67.7913 13.4229
v  -1.3915 68.8410 10.2567
v  -1.7318 65.8520 9.5275
v  -2.8792 65.8545 10.1804
v  0.4567 62.2214 12.8697
v  0.3081 62.0662 12.9319
v  0.2249 62.0261 12.7969
v  -1.7977 63.3085 8.4594
v  -1.8303 63.4129 8.3617
v  -1.6230 63.4978 8.4932
v  -1.0082 63.6362 8.6878
v  0.8694 62.4096 12.7977
v  -1.8709 63.5540 8.3195
v  -1.2046 69.4385 9.7485
v  -1.1326 69.5307 9.8502
v  -0.9433 69.3771 9.9271
v  -0.3950 69.1522 10.0267
v  -1.0821 69.5585 9.9816
v  1.2448 67.8296 14.9718
v  1.3012 67.7250 15.0537
v  1.4197 67.6380 14.8960
v  1.7516 67.5405 14.7285
v  1.2933 67.5886 15.0713
v  0.3449 62.1669 13.0374
v  -4.5391 65.8239 10.8116
v  -2.2706 68.8426 10.7940
v  -3.0482 67.9416 14.0092
v  16.4121 66.2341 4.9363
v  14.2434 62.4718 3.3381
v  14.6986 62.1187 -6.6158
v  16.9440 66.6085 -6.6158
v  4.2960 60.8656 5.8756
v  6.2401 63.7357 13.2646
v  5.7366 65.3690 16.4296
v  4.9800 65.0072 14.2251
v  7.7624 67.2710 19.3527
v  6.6868 68.0882 20.9434
v  5.8494 67.2297 18.4124
v  10.1111 59.9047 2.4741
v  9.8599 59.2317 -6.6158
v  10.2036 75.2240 5.7343
v  10.0506 73.8482 10.7086
v  14.0037 70.4134 6.8112
v  13.1523 72.3368 -3.6112
v  13.1934 72.1680 -6.6158
v  8.3452 75.8524 -6.3947
v  8.7270 75.5732 -6.6158
v  4.0899 65.9754 9.3103
v  3.7388 64.8903 6.2703
v  3.9612 59.9948 1.1847
v  4.6095 71.4845 12.8010
v  3.6963 69.7414 9.8277
v  3.8550 70.2471 5.6676
v  3.3934 64.7256 1.9873
v  3.5640 61.1959 -0.8842
v  11.0377 64.2198 13.2417
v  12.4785 65.2202 13.6763
v  10.5173 67.2623 17.3270
v  9.6262 65.5745 16.2996
v  13.1271 66.5063 13.4361
v  11.4366 68.1836 15.4992
v  8.9330 69.8047 17.3225
v  8.4495 68.8806 19.8818
v  6.6288 59.3110 2.8014
v  8.1323 62.3271 10.6455
v  10.7948 61.9888 9.1953
v  13.6094 63.5665 9.5371
v  14.9063 66.2255 10.9186
v  13.0152 69.1315 12.5877
v  9.8447 71.2839 14.1452
v  6.1132 69.7943 17.7967
v  5.5803 70.3753 15.4117
v  4.8669 67.4131 14.4876
v  5.8950 68.6826 19.1720
v  6.9989 69.2629 20.7335
v  7.0716 70.0688 18.0622
v  7.3030 71.6820 15.1920
v  6.8597 72.9761 13.1282
v  -3.6692 73.5592 12.5001
v  -4.5352 75.2507 11.7085
v  -5.8650 74.1954 11.7162
v  -4.7747 72.1123 12.6407
v  -3.3914 76.4853 11.1597
v  -4.7154 76.1736 10.9018
v  -4.1613 74.5702 11.1425
v  -4.9549 73.0352 11.8340
v  -4.2742 71.7937 12.4541
v  7.9386 76.2842 4.2194
v  8.2907 75.8927 -6.3947
v  5.0182 75.7643 -6.3947
v  4.8762 75.6485 -6.3947
v  5.5807 74.3913 4.0502
v  2.9326 72.2305 -6.3947
v  2.6779 65.9713 -6.3947
v  2.6968 65.9384 -6.6158
v  3.6773 60.3410 -6.6158
v  8.2990 76.2215 11.0513
v  7.2189 75.6437 12.0624
v  6.7681 74.2666 12.3082
v  5.5529 77.2750 11.2779
v  4.4863 76.0750 12.4358
v  3.4927 74.1051 13.0370
v  5.0929 74.6067 8.9696
v  7.1987 76.8286 9.1928
v  3.2110 72.0839 9.4701
v  1.1936 73.1404 10.2949
v  3.0149 75.5364 10.3075
v  2.4879 71.2862 11.2241
v  3.0211 71.7034 12.8274
v  0.5452 70.9046 12.8681
v  0.3422 71.4256 11.5109
v  4.9084 72.8250 12.8760
v  1.8872 72.0896 13.2790
v  -0.1620 77.2791 11.1343
v  -0.2583 75.9106 12.1331
v  -0.9180 73.5795 13.0335
v  -2.0381 74.2230 10.8718
v  -1.0050 76.3396 10.6919
v  -2.4230 70.8601 12.7063
v  -2.5123 72.0602 11.7399
v  -1.7656 71.6312 13.1811
v  8.5935 76.7232 9.6103
v  8.2834 75.9008 -6.6158
v  4.8911 75.6219 -6.6158
v  2.9495 72.1942 -6.6158
v  -8.0811 76.4416 11.2466
v  -9.9932 76.0750 10.4692
v  -9.9015 72.6434 12.3236
v  -7.9894 73.0099 13.1010
v  -9.7598 70.4933 12.7684
v  -7.8477 70.8598 13.5458
v  -7.3944 60.4330 8.1894
v  -5.4823 60.3304 8.6267
v  -7.4481 59.7291 7.3548
v  -5.4941 59.2733 7.2602
v  -7.4948 59.3312 2.9674
v  -5.5959 58.8656 2.8639
v  -7.7061 59.1099 -0.9836
v  -8.8323 58.7979 -6.0756
v  -6.8638 58.0846 -6.1792
v  -5.8913 58.4438 -1.0871
v  8.0799 64.8431 -1.0554
v  -2.9528 64.8431 -1.0554
v  -2.9528 64.8431 -6.6158
v  8.0799 64.8431 -6.6158
v  8.0799 69.2562 -1.0554
v  8.0799 69.2562 -6.6158
v  -2.9528 69.2562 -6.6158
v  -2.9528 69.2562 -1.0554
v  -20.4714 81.2673 1.8536
v  -21.7255 81.4825 -0.0076
v  -22.1662 80.1214 0.1124
v  -20.9028 79.7785 2.0656
v  -22.2610 81.5282 -1.7455
v  -22.8099 80.1296 -1.7199
v  -21.1786 79.1791 -1.6918
v  -20.6219 79.1093 0.1717
v  -19.4934 78.6789 2.2006
v  -2.8655 79.8809 13.7823
v  -5.8251 79.0657 12.9462
v  -6.0919 77.3222 13.1008
v  -3.0970 78.2803 13.8993
v  -8.3985 78.2932 11.6811
v  -8.7400 76.3623 11.9076
v  -8.3689 75.2116 11.7053
v  -5.8665 76.3304 13.0064
v  -3.0888 77.1794 13.6687
v  -17.4620 85.5626 -3.2031
v  -18.1849 85.0835 -4.1343
v  -20.3872 83.2630 -3.5724
v  -18.3498 84.4609 -2.5339
v  -18.3226 85.0803 -6.6158
v  -20.7048 83.2463 -6.6158
v  -22.6093 81.6803 -3.7561
v  -22.8280 81.6878 -6.6158
v  -20.5928 82.7464 -1.8218
v  -18.8995 83.6154 -1.6925
v  -13.3874 89.8017 -3.6487
v  -15.8853 87.2611 -3.1677
v  -16.2855 86.3146 -2.4435
v  -13.4664 89.2271 -3.1041
v  -17.7985 84.3372 -1.7352
v  -17.1069 84.9427 -1.7176
v  -15.8115 86.4117 -2.1754
v  -13.3355 88.8856 -2.7248
v  -19.1478 82.7534 1.2219
v  -20.4035 82.5941 -0.3646
v  -18.4608 83.6687 0.1391
v  -18.9893 83.3742 -0.7574
v  2.5215 90.7015 4.7234
v  0.6765 90.4560 4.6186
v  1.0026 90.1221 5.5249
v  2.8416 90.3002 5.5412
v  -1.4610 90.0187 4.5686
v  -1.1302 89.7355 5.5052
v  -0.7977 89.6052 6.5009
v  1.3428 89.9185 6.4727
v  3.2348 90.0238 6.3832
v  -13.3165 88.6441 -1.0793
v  -13.2869 88.6824 -1.9355
v  -15.6441 86.4286 -1.5307
v  -15.7724 86.3510 -0.7858
v  -17.4309 84.4932 -1.1938
v  -17.0691 84.9577 -0.7573
v  4.9088 92.9677 -1.9437
v  5.2453 92.9166 -2.5019
v  3.1837 93.3669 -2.5710
v  3.3555 93.2686 -1.7927
v  4.5816 93.2035 -3.0974
v  3.0483 93.5837 -3.3398
v  0.0833 93.7956 -3.4663
v  0.0943 93.5854 -2.6568
v  0.1002 93.5217 -1.8233
v  6.5158 92.7702 -3.5915
v  7.3510 92.6592 -4.9803
v  3.6007 94.1198 -5.1495
v  3.2643 93.9838 -4.1881
v  7.6265 92.7001 -6.6157
v  3.7580 94.1635 -6.6157
v  0.1546 94.4329 -5.2260
v  0.1828 94.4691 -6.6157
v  0.0887 94.2882 -4.3457
v  4.8762 78.7706 14.0891
v  8.5764 76.6046 13.1407
v  9.6902 79.0355 12.4804
v  5.5359 80.7477 13.7002
v  11.4045 74.3829 11.8910
v  12.8068 77.0638 11.1291
v  14.6692 79.7913 9.3723
v  10.2972 81.6299 11.5865
v  6.0303 82.8523 13.0140
v  13.8517 75.4745 10.5075
v  14.9514 75.8281 9.1615
v  12.7826 73.1642 10.8430
v  13.9543 72.7247 9.2711
v  10.1842 84.2584 10.6540
v  6.2331 85.0207 11.9899
v  13.1709 83.5267 9.1760
v  12.5638 86.3833 7.9480
v  9.2822 86.6696 9.5721
v  5.9483 87.0579 10.6308
v  13.8514 87.1378 5.3826
v  10.1097 89.4011 4.2213
v  9.4266 88.7015 6.7632
v  16.2042 86.2298 3.0602
v  11.4269 89.6093 1.3340
v  6.8268 92.3416 -0.6867
v  6.8673 91.3990 2.2399
v  6.1860 90.9778 4.1124
v  7.3695 90.2478 5.1262
v  6.9658 89.8963 6.3208
v  -6.1410 88.4850 4.6894
v  -8.3659 86.9755 5.0278
v  -7.5799 86.5337 5.7275
v  -5.3857 88.0542 5.5719
v  -10.1548 85.4882 5.3976
v  -9.4341 85.0758 5.8792
v  -8.7272 84.8208 6.4449
v  -6.8050 86.3302 6.5223
v  -4.6533 87.8992 6.5522
v  5.3885 75.7487 -1.3328
v  5.4902 75.5305 -3.7711
v  10.7814 71.0870 -3.8884
v  10.5148 71.3634 -1.4176
v  5.5292 75.4247 -6.6158
v  10.8969 70.9546 -6.6158
v  10.9072 70.9449 -6.4416
v  15.6979 67.3627 -6.4960
v  15.4822 67.5096 -3.9848
v  15.6864 67.3697 -6.6158
v  15.0344 67.8037 -1.4753
v  7.4138 71.0148 11.9882
v  5.8598 73.2395 13.2617
v  5.0415 73.5429 12.8941
v  5.7154 72.6774 11.7377
v  3.5977 75.7570 13.9510
v  3.2940 75.4552 13.1303
v  3.5414 75.3299 11.6640
v  0.3403 77.0293 14.0351
v  0.2658 76.5786 13.1351
v  -2.9326 76.8801 12.9768
v  -3.0763 76.9513 11.6701
v  0.3369 76.7201 11.6506
v  -2.9360 79.6255 -1.3576
v  -2.8718 79.6463 -3.7362
v  1.0198 78.2356 -3.7299
v  0.9602 78.3525 -1.3205
v  -2.8507 79.6505 -6.6158
v  1.0397 78.1791 -6.6158
v  -12.4687 89.2384 0.3515
v  -14.8633 87.0258 0.5972
v  -12.1779 87.5683 2.3787
v  -9.9302 89.4320 2.0954
v  -15.6080 85.6037 1.2662
v  -14.2287 85.3783 2.7675
v  -11.4608 85.9502 4.5133
v  -9.6252 87.7313 4.1002
v  -7.4004 89.3535 3.7545
v  -5.7473 83.7360 10.4983
v  -4.3229 85.5792 10.0595
v  -5.4886 86.1830 8.8456
v  -7.3993 84.1692 8.9454
v  -3.3139 86.7367 9.7317
v  -3.7589 87.5965 8.8268
v  -4.2148 88.3639 7.8227
v  -6.2172 86.6989 7.7725
v  -8.1667 84.8373 7.6541
v  7.5223 88.6120 8.2297
v  5.7597 89.8374 7.0683
v  3.9516 89.8713 7.4840
v  4.9799 88.7684 8.9396
v  0.4011 93.5919 -0.4254
v  1.3413 92.6460 1.6021
v  4.0615 92.4198 1.5943
v  3.6092 93.2945 -0.5098
v  2.2566 91.5567 3.5848
v  4.3973 91.4310 3.6921
v  -8.7011 87.4542 4.7343
v  -6.4749 88.9779 4.3514
v  -10.4666 85.8832 5.1662
v  -6.5034 86.5666 7.1010
v  -8.4570 84.8979 6.9286
v  -4.3879 88.2336 7.1835
v  4.8497 90.0975 6.5289
v  3.4874 90.0853 6.8313
v  5.6299 90.1656 6.0712
v  5.0393 90.1438 5.9340
v  4.4148 90.0436 6.1642
v  3.4356 93.4110 -1.3722
v  5.6116 92.9073 -1.6873
v  0.0949 93.7038 -1.3234
v  7.5884 92.1790 -2.1096
v  6.0509 92.8831 -2.4916
v  5.0931 93.2194 -3.3260
v  3.0777 93.7972 -3.7319
v  0.0732 94.0528 -3.8942
v  -9.1260 76.2242 7.9943
v  -8.6615 75.4250 10.0240
v  -10.5384 75.1620 9.6723
v  -11.8275 75.7947 8.0668
v  -11.0779 75.3514 10.1605
v  -12.9690 75.8584 8.6275
v  -10.6497 83.7096 6.2288
v  -9.9681 83.9374 6.3188
v  -10.5522 84.2343 5.9304
v  -11.1852 83.8340 5.9644
v  -11.2014 84.6092 5.6169
v  -11.5049 84.2004 5.7554
v  -10.7981 83.5367 6.4038
v  -9.8222 83.9120 6.6939
v  -11.2310 82.9614 6.8746
v  -9.8270 83.3917 7.4590
v  -11.5430 84.8688 5.4668
v  -12.7898 84.5455 4.9059
v  -12.6922 83.6388 5.7635
v  -11.9192 84.2085 5.7338
v  -21.6062 79.2415 -3.8152
v  -16.5458 79.4993 -3.8070
v  -16.3059 79.3056 -1.6081
v  -21.7538 79.2637 -6.6158
v  -16.6350 79.5626 -6.6158
v  -10.6494 80.0977 -3.7900
v  -10.6752 80.1919 -6.6158
v  -10.5992 79.8162 -1.5055
v  15.1905 81.2654 7.4354
v  16.4678 80.2900 6.1950
v  15.5051 82.7337 5.9176
v  14.1406 83.1013 7.5716
v  17.4933 80.4948 4.9080
v  17.0993 82.3661 4.3397
v  16.1460 84.4149 4.5891
v  14.7720 85.1774 5.7163
v  14.0071 84.7598 7.0085
v  -3.9128 93.6937 -4.4388
v  -3.8519 93.4221 -3.9983
v  -7.8578 92.6107 -4.3808
v  -7.7844 92.2942 -3.9422
v  -7.7087 91.9552 -3.4966
v  -3.7982 93.1305 -3.5532
v  -10.7342 90.3893 -2.3484
v  -10.7612 90.6368 -3.1929
v  -10.7245 90.3666 -1.4582
v  -7.6675 91.7149 -1.7674
v  -7.6742 91.7398 -2.6491
v  -3.8167 92.8851 -1.8520
v  -3.8386 93.0956 -1.3181
v  -7.6755 91.9473 -1.2192
v  -6.9257 92.0195 -0.3180
v  -3.3009 93.0543 -0.4092
v  -1.6442 92.2601 1.5811
v  -4.6456 91.5139 1.6227
v  -2.3573 90.8272 3.4941
v  0.0173 91.3039 3.5099
v  -4.0166 89.8507 4.1975
v  -4.9038 90.2813 3.5640
v  -3.7865 89.4305 4.5642
v  -1.5829 90.3557 4.1871
v  1.4924 89.9894 6.9811
v  -0.6706 89.7268 7.0597
v  -0.4976 89.5897 7.7611
v  1.7420 89.7978 7.6831
v  -0.0272 88.6834 9.1847
v  2.3825 88.8067 9.2116
v  0.1663 87.2383 10.7725
v  2.8510 87.2561 10.9636
v  -2.7254 85.4480 11.1535
v  -1.9296 86.9784 10.2595
v  -3.9164 83.6134 11.8410
v  -1.4855 83.5800 12.8309
v  -0.4911 85.4850 11.9663
v  1.3779 81.5583 13.9271
v  0.8820 79.8226 14.2331
v  1.9664 83.4143 13.3254
v  -2.3026 81.6797 13.4312
v  10.9902 70.8286 10.7500
v  12.4093 70.2068 8.9857
v  9.4585 71.9750 12.1084
v  8.8328 70.0866 10.3998
v  10.3386 69.7000 8.4491
v  7.1689 74.4663 13.3725
v  4.1776 76.9846 14.2217
v  0.5409 78.2118 14.3351
v  -10.9868 78.4793 9.9430
v  -11.3376 76.4251 10.2875
v  -13.2310 78.7355 8.4714
v  -13.4791 76.9030 8.7607
v  -15.7711 79.4771 6.4844
v  -17.9673 80.6069 4.2341
v  -18.5323 78.7497 4.5263
v  -16.1269 77.6736 6.7139
v  -17.3501 77.5346 4.8203
v  -16.0596 77.0438 6.3791
v  -23.3215 80.1541 -3.8176
v  -23.4979 80.1664 -6.6158
v  19.0898 69.9718 -1.3170
v  19.6529 69.7685 -3.9136
v  20.6712 73.6076 -3.9250
v  20.1268 73.6782 -1.3169
v  19.9236 69.6680 -6.6158
v  20.9329 73.5719 -6.6158
v  20.8306 78.0498 -3.9960
v  21.0590 78.0662 -6.6158
v  20.3482 78.0158 -1.4206
v  11.9580 89.7691 -2.8336
v  12.3558 89.8095 -4.6675
v  16.6954 86.1525 -2.0825
v  17.0143 86.1412 -4.3396
v  17.1732 86.1358 -6.6157
v  12.5970 89.8254 -6.6157
v  -16.1854 86.1644 -0.2171
v  -17.1555 84.4304 0.8647
v  -13.4203 88.7974 -0.4993
v  -17.7275 84.3943 -0.4074
v  -18.2722 83.7411 -0.9850
v  -3.2478 89.0838 5.5094
v  -2.7236 88.9615 6.5363
v  -5.8765 76.1262 11.6951
v  -5.1904 76.3267 12.7232
v  -6.4265 80.2069 -3.7613
v  -6.4659 80.0181 -1.4206
v  -6.4176 80.2719 -6.6158
v  -10.8110 91.0581 -3.6239
v  -10.8638 91.4491 -4.0853
v  -3.7948 92.9241 -2.7174
v  -10.7265 90.6198 -0.8898
v  -9.9023 90.8252 -0.0090
v  -7.4135 90.6592 1.8188
v  2.4883 91.0144 4.3483
v  0.5695 90.7762 4.2347
v  -2.5372 89.2143 7.1484
v  -2.3957 89.2196 7.8133
v  -2.0064 88.3550 8.9981
v  2.5849 85.3861 12.3362
v  -7.3138 81.0990 11.0285
v  -5.0248 81.3244 12.4824
v  -3.9375 93.8399 -5.2606
v  -3.9449 93.8675 -6.6157
v  -7.8857 92.7584 -5.2076
v  -7.8929 92.7781 -6.6157
v  -11.5840 83.7000 6.0649
v  -12.1794 83.0773 6.3646
v  -12.0983 81.1627 7.7648
v  -9.6951 81.6102 9.0171
v  -16.1544 83.1721 3.3603
v  -14.4668 81.8486 5.8238
v  19.1994 78.1608 3.8576
v  18.5203 82.1851 2.9840
v  18.0026 82.2141 3.7365
v  18.4486 79.5141 4.5294
v  16.5374 85.1739 4.1103
v  14.8131 86.1877 5.7095
v  13.6645 85.4744 7.4888
v  13.9261 83.2533 8.4031
v  15.2069 80.7724 8.1508
v  17.2862 78.0855 6.6137
v  17.1155 79.2797 6.4302
v  5.8786 90.4290 5.4554
v  4.9953 90.3277 5.4940
v  5.4558 90.7454 4.8782
v  4.8339 90.6023 5.0599
v  4.2214 90.9723 4.5360
v  3.9696 90.7141 4.8921
v  4.0777 90.3268 5.5267
v  11.8457 89.7171 -0.9254
v  16.4323 86.1641 0.3382
v  18.9577 82.1865 0.9583
v  19.3482 82.2043 -1.6437
v  19.8642 77.9808 1.1780
v  19.5941 73.7435 1.2402
v  18.6365 74.1114 3.8800
v  17.5912 70.6461 3.8275
v  18.5436 70.1686 1.2052
v  17.1089 67.9502 1.1333
v  17.6425 67.6767 -1.4058
v  16.1563 68.4216 3.7408
v  13.7432 68.4968 3.5403
v  14.5793 68.0986 1.0260
v  10.2440 71.6243 0.8850
v  9.7632 71.9306 3.1461
v  5.1604 76.1208 2.7826
v  5.2914 75.9377 0.7615
v  0.9097 78.4496 0.7071
v  0.8790 78.4648 2.6740
v  -3.0229 79.3714 2.6986
v  -2.9906 79.5822 0.6788
v  -6.4994 79.7576 0.6334
v  -6.4874 79.2495 2.7348
v  -10.3122 78.7091 2.7223
v  -10.5284 79.4278 0.5347
v  -15.9893 79.0449 0.3466
v  -15.2949 78.3606 2.6011
v  -6.1631 76.5056 9.9682
v  -6.2632 77.2934 7.7424
v  -3.0233 78.1597 7.4495
v  -3.0743 77.4526 9.7456
v  0.5736 77.3146 9.5968
v  0.8095 77.9804 7.2538
v  4.6129 76.2917 7.3179
v  4.0610 75.7850 9.6327
v  6.6686 72.5572 9.9639
v  7.7645 72.6300 7.8047
v  -13.4018 81.2105 6.9962
v  -14.5091 78.9607 7.6077
v  -14.7590 77.1886 7.8474
v  -14.4603 76.3489 7.3372
v  -13.9217 76.8960 5.6991
v  -9.8258 77.4368 5.4488
v  -6.3900 78.3181 5.2179
v  -3.0200 78.8483 5.0281
v  0.8784 78.3361 4.9012
v  4.9567 76.3212 5.0013
v  8.8663 72.3435 5.4924
v  12.1525 69.1003 6.0886
v  14.3605 69.2891 6.5038
v  15.8093 71.6917 6.7244
v  16.8176 75.0900 6.7364
v  18.1812 67.4029 -3.9634
v  18.4354 67.2707 -6.6158
v  19.7254 82.2244 -4.1249
v  19.8985 82.2348 -6.6157
v  -15.8493 87.5816 -4.5000
v  -15.9088 87.5842 -6.6157
v  -13.4109 90.0061 -4.7641
v  -13.4432 90.0127 -6.6157
v  -10.9000 91.6061 -5.0210
v  -10.9150 91.6189 -6.6157
v  5.1717 74.8881 13.4560
v  4.2183 76.6760 13.4809
v  1.8441 73.1477 13.8458
v  3.0649 71.7988 13.8209
v  1.1763 70.1914 13.4681
v  2.5629 68.9381 13.4431
v  1.0568 66.8046 13.7914
v  2.7671 66.0600 13.2536
v  0.3963 64.2377 12.3446
v  2.1153 63.1796 11.8069
v  1.2102 60.8550 10.1630
v  -0.4094 62.0725 10.7007
v  -2.5006 60.8376 10.1211
v  -1.0088 59.5373 9.5834
v  -6.4926 60.2103 7.8389
v  -4.6130 59.4534 7.3012
v  -7.3801 60.8296 9.5013
v  -7.7004 59.0132 6.8673
v  -4.8178 58.5050 6.8673
v  -4.4975 60.3213 9.5013
v  -7.2973 61.2990 9.1676
v  -4.4147 60.7907 9.1676
v  -4.7350 58.9744 6.5335
v  -7.6176 59.4827 6.5335
v  -8.4554 58.4920 -3.9420
v  -8.8830 58.6278 -6.5512
v  -7.4227 58.0732 -6.5789
v  -7.3656 58.0564 -3.0474
v  -8.8738 58.6276 -6.6158
v  -7.4228 58.0748 -6.6158
v  -5.9170 57.6568 -6.6037
v  -6.2584 57.7728 -3.9809
v  -8.3548 58.7992 -3.9355
v  -7.2297 58.4710 -3.0386
v  -7.2415 58.6260 -6.5672
v  -8.7471 59.0424 -6.5424
v  -6.1577 58.0799 -3.9745
v  -5.7811 58.0714 -6.5950
v  -7.2861 58.2351 -1.8663
v  -8.7806 58.7492 -3.0167
v  -5.8146 57.7782 -3.0693
v  -5.3548 57.7022 -6.6081
v  -5.9189 57.6579 -6.6158
v  -5.3559 57.7028 -6.6158
v  -9.3094 58.9969 -6.5380
v  -8.7376 59.0392 -6.6158
v  -9.2993 58.9953 -6.6158
v  -0.2687 50.2333 -5.1103
v  -0.6690 49.7167 -6.6197
v  1.1247 49.0542 -6.6197
v  1.1730 49.7603 -4.6474
v  0.0527 53.1520 -5.2488
v  1.5394 53.2109 -4.7404
v  1.5394 52.9780 -6.6189
v  -0.4381 52.8916 -6.6189
v  3.0261 53.6489 -5.2487
v  3.5169 53.5526 -6.6188
v  2.6954 50.4333 -5.1101
v  3.0226 49.8660 -6.6196
v  4.2396 52.2687 -6.6192
v  3.5318 52.1956 -4.4113
v  -1.7669 53.6198 -3.8272
v  -2.5740 53.4970 -6.6189
v  -1.5815 51.6711 -6.6195
v  -0.8737 51.7434 -4.4114
v  1.4869 54.1789 -3.4076
v  1.5394 54.9154 -3.6310
v  -1.5780 54.3437 -4.0222
v  3.9797 54.5602 -4.2309
v  3.8960 55.3095 -4.3984
v  3.6339 55.0222 -4.6546
v  1.5394 54.6720 -3.9726
v  -1.3159 54.1440 -4.3202
v  4.7829 54.6836 -6.6185
v  4.6534 55.4366 -6.6183
v  -1.9898 54.0319 -6.6186
v  -2.3394 54.2171 -6.6186
v  1.3291 51.9693 -3.6478
v  1.5394 53.9414 -4.0866
v  -0.4676 53.6060 -4.4197
v  3.5465 54.2770 -4.7402
v  4.3038 55.1347 -6.6184
v  4.1873 54.3845 -6.6186
v  -1.1125 53.4988 -6.6188
v  2.1077 51.0218 -5.0147
v  2.9528 50.8152 -5.0442
v  3.0409 50.8290 -6.6194
v  2.4154 51.0355 -6.6194
v  3.1196 45.0648 -2.9958
v  3.2997 43.9888 -0.8613
v  2.5106 44.0550 -2.4591
v  -1.4956 42.7216 -1.5477
v  0.6042 43.3600 -2.7394
v  0.5017 42.7471 -0.7193
v  2.4958 43.3346 -2.4593
v  3.2906 43.2680 -0.8613
v  2.2896 43.1464 -0.4412
v  3.5019 49.9475 -5.0185
v  3.6566 49.9608 -6.6196
v  3.2573 49.5019 -3.7683
v  3.7088 48.9580 -3.9063
v  2.0970 49.6284 -3.6899
v  0.7915 51.0213 -5.0418
v  0.8620 49.6287 -3.9219
v  -0.8589 50.1549 -5.0147
v  -0.3642 48.6649 -3.8053
v  0.7329 51.0349 -6.6194
v  -0.9852 50.1680 -6.6197
v  2.3183 44.6458 -0.0829
v  2.5913 46.1211 -0.2942
v  1.7099 46.1293 0.1767
v  1.6062 44.7088 0.4719
v  2.3341 47.5944 -0.7732
v  1.5463 47.9720 -0.6219
v  3.7135 47.5199 -3.3983
v  4.0473 47.5254 -3.8801
v  3.4676 45.8475 -3.0347
v  4.6231 44.0380 -3.6271
v  4.3716 45.6027 -3.7405
v  -1.9302 45.6717 -5.0864
v  -1.6878 47.5660 -4.9877
v  -1.8685 47.5789 -6.6200
v  -2.1350 45.6849 -6.6200
v  -0.8539 47.0641 -3.6021
v  -2.1360 44.1256 -5.1666
v  -1.1617 44.9620 -3.3537
v  -1.0220 45.7535 -3.4583
v  4.9858 45.6146 -5.2940
v  4.5738 47.5439 -5.4464
v  4.7681 47.5540 -6.6199
v  5.3124 44.0528 -5.1702
v  5.5571 44.0603 -6.6201
v  5.2077 45.6224 -6.6200
v  0.7868 46.1009 0.0105
v  -0.3524 45.9979 -0.4690
v  -0.3990 44.4265 0.0835
v  0.7025 44.5891 0.3920
v  0.8620 47.9341 -0.6842
v  -0.0860 47.4820 -1.2031
v  0.6360 43.6495 1.3943
v  1.5240 43.6959 1.6701
v  1.9141 49.0038 -2.2620
v  2.8430 48.2740 -2.2404
v  3.1370 46.8360 -1.8813
v  3.1270 44.9666 -1.3624
v  0.6199 44.0757 -2.7392
v  -1.4797 43.4344 -1.5472
v  -1.3252 44.4301 -1.5965
v  -1.1387 46.2814 -1.9655
v  -0.5796 47.6748 -2.2340
v  0.7850 48.9853 -2.4922
v  2.5433 43.9048 0.5261
v  -2.3594 44.1377 -6.6200
v  -0.6507 43.5080 0.6279
v  2.5399 43.1853 0.5261
v  1.5218 42.9766 1.6701
v  0.6335 42.9304 1.3943
v  -0.6545 42.7895 0.6279
v  -3.6077 36.7275 -1.4151
v  -4.6376 36.8266 -3.4209
v  -5.2928 35.4693 -3.2310
v  2.9082 18.7691 -4.1641
v  2.4278 18.7691 -1.1251
v  -1.5050 18.7691 -1.5412
v  -1.3635 18.7691 -4.4736
v  7.2547 18.7691 -4.1247
v  6.4106 18.7691 -1.0992
v  -1.3535 18.7691 -6.6201
v  3.0663 18.7691 -6.6201
v  7.3031 18.7691 -6.6201
v  -4.2114 37.2675 -5.1432
v  -4.8487 36.7599 -4.9182
v  -4.0775 37.3677 -3.4812
v  -3.0478 37.2644 -1.4755
v  -3.6520 31.6114 -0.5127
v  -4.1366 32.0064 -0.6811
v  -5.3130 31.6637 -3.0472
v  -4.8457 31.2696 -3.0877
v  -5.8368 31.5383 -4.8862
v  -5.3691 31.1447 -4.9267
v  -5.9541 31.4580 -6.5859
v  -5.4836 31.0666 -6.5859
v  -0.9365 18.5506 3.0071
v  -3.3020 18.3852 0.2269
v  -4.6925 18.5506 -2.5710
v  -5.2937 18.5506 -4.7314
v  1.9512 18.5506 4.2540
v  9.1678 18.5444 -1.8421
v  7.4375 18.3853 1.1225
v  4.9861 18.5444 3.2880
v  -4.6702 26.6070 1.0194
v  -6.2473 20.9081 3.4439
v  -2.5634 20.8054 7.5614
v  -1.6884 26.7182 4.1802
v  1.8436 20.8054 9.5370
v  1.8825 26.8641 5.8527
v  1.8257 37.9956 0.9521
v  1.7765 42.6308 -0.6131
v  -0.2441 42.6629 -1.2542
v  -0.6324 37.7431 0.1677
v  -2.3278 42.6706 -2.4350
v  5.3454 42.9911 -3.1206
v  5.4008 44.5031 -4.2651
v  4.6506 42.8630 -2.0403
v  7.9929 26.5919 2.1012
v  10.0160 20.9161 4.8626
v  12.7742 21.2543 0.0540
v  10.0301 26.4984 -1.2227
v  13.8548 21.1368 -2.9826
v  10.5642 26.5439 -3.6386
v  -6.0590 26.3856 -2.2446
v  -8.2243 20.8162 -0.6795
v  -3.2006 42.6128 -3.8738
v  -2.7162 44.4431 -3.9692
v  -2.8126 44.1812 -5.4418
v  -3.2171 42.5173 -5.3148
v  5.2364 26.6736 4.7661
v  6.2283 20.8054 8.3305
v  3.4345 42.4517 -0.8960
v  3.9070 37.9179 0.5111
v  5.6324 37.5877 -0.8586
v  0.2217 47.3995 -2.7430
v  1.7785 47.4351 -2.6237
v  1.7289 49.1260 -2.4837
v  0.3715 49.1269 -2.6186
v  -1.1524 47.3813 -2.8645
v  -0.5332 48.6294 -2.7220
v  -1.7302 47.6101 -3.9952
v  -1.0645 49.0323 -4.0819
v  2.9757 47.4662 -2.7275
v  3.8622 47.4978 -2.6207
v  2.8290 48.9813 -2.5280
v  3.5339 48.5626 -2.7480
v  0.3559 49.9360 -3.8115
v  1.6829 49.9392 -3.7670
v  2.7642 49.9373 -3.7864
v  3.6455 49.4601 -3.7209
v  4.2192 48.3352 -3.8092
v  -4.7299 17.8950 -2.6163
v  -3.3680 17.8950 0.2701
v  -9.3648 20.7378 -3.8308
v  -5.2898 17.8950 -4.7531
v  7.6468 17.8950 1.2338
v  9.5765 17.8950 -1.9234
v  10.2276 18.5506 -4.2102
v  10.5730 17.8950 -4.2068
v  4.9733 17.8950 3.5917
v  1.9653 17.8950 4.4409
v  -0.9675 17.8950 3.0719
v  0.4043 47.9324 -4.2938
v  0.5869 45.0960 -4.5359
v  -0.8627 44.6798 -4.6233
v  -0.9636 47.6614 -4.3330
v  2.9088 47.6400 -4.1348
v  2.9660 44.6196 -4.3437
v  5.7665 43.0396 -4.2393
v  -6.7445 26.3961 -4.5718
v  10.7302 18.5506 -6.6201
v  -6.8836 26.3274 -6.6201
v  -9.6078 20.7472 -6.6201
v  -5.4299 17.8950 -6.6201
v  -5.4270 18.5506 -6.6462
v  11.0536 17.8950 -6.6201
v  14.2040 21.1701 -6.6201
v  -5.7991 34.2055 -4.8696
v  -5.0145 36.6205 -6.5836
v  -6.2937 32.8979 -6.5889
v  -5.2232 33.0386 -3.1427
v  -4.0042 33.1737 -0.8684
v  -5.7059 32.8210 -4.8831
v  -6.0874 32.5860 -6.5874
v  -3.4952 33.0631 -0.7624
v  -5.0877 35.1007 -3.2939
v  -5.5980 33.8801 -4.8847
v  1.7796 44.7976 -4.3865
v  1.7327 47.7414 -4.1617
v  3.0989 44.5889 -6.6200
v  1.9093 44.8140 -6.6200
v  0.8977 45.0579 -6.6200
v  -0.7361 44.6307 -6.6200
v  -2.8378 44.0860 -6.6200
v  1.2759 23.8613 10.7499
v  1.2231 22.4222 10.9922
v  1.9656 20.8440 11.8239
v  1.8765 22.6916 11.4873
v  1.2759 23.4381 9.9408
v  1.8765 22.1528 10.4971
v  2.3386 23.4381 9.9408
v  2.5300 22.4222 10.9922
v  2.3386 23.8613 10.7499
v  0.1292 46.0449 -2.0665
v  1.1845 46.4996 -2.3246
v  1.1964 45.8734 -2.6521
v  -0.3280 45.6024 -2.4099
v  2.2189 46.0337 -2.0665
v  2.6971 45.5746 -2.4099
v  2.2925 44.6848 -2.3767
v  1.1789 44.6828 -2.4952
v  0.0535 44.7162 -2.3767
v  1.6093 27.5701 9.3274
v  0.7960 27.4668 9.1199
v  2.4225 27.4668 9.1199
v  2.3328 32.3699 6.7079
v  1.3351 32.4889 6.9645
v  0.3374 32.3699 6.7079
v  2.6936 27.1567 8.4972
v  2.4225 26.8467 7.8746
v  2.3328 31.6560 5.1684
v  2.6654 32.0130 5.9381
v  1.6093 26.7434 7.6671
v  0.7960 26.8467 7.8746
v  0.3373 31.6560 5.1684
v  1.3350 31.5369 4.9118
v  0.5249 27.1567 8.4972
v  0.0048 32.0130 5.9381
v  2.2878 34.8344 5.4872
v  2.2782 35.3584 5.2044
v  1.1913 35.4946 5.4858
v  1.2031 34.9632 5.7672
v  2.2515 36.8330 4.3867
v  1.1732 36.9950 4.6691
v  0.1010 36.8330 4.3867
v  0.1060 35.3584 5.2044
v  0.1189 34.8344 5.4872
v  2.2938 34.0618 3.8073
v  2.3022 34.5413 3.5156
v  2.6554 34.9498 4.3600
v  2.6530 34.4481 4.6472
v  2.3417 35.8607 2.6927
v  2.6669 36.3469 3.5397
v  0.1154 34.0618 3.8073
v  0.0919 34.5413 3.5156
v  1.1979 34.4051 3.2341
v  1.2048 33.9330 3.5273
v  0.0479 35.8607 2.6927
v  1.1979 35.6987 2.4103
v  -0.2662 34.9498 4.3600
v  -0.2451 34.4481 4.6472
v  -0.2959 36.3469 3.5397
v  2.2046 43.6948 0.3827
v  2.4423 45.6313 -1.2879
v  1.1380 45.9362 -1.1561
v  1.0991 43.9775 0.6302
v  -0.1557 45.6452 -1.2879
v  0.0114 43.7041 0.3827
v  2.5065 42.0193 -1.1024
v  2.6161 43.8149 -2.0790
v  3.0002 44.7202 -1.6835
v  2.7658 42.8543 -0.3598
v  -0.2085 42.0433 -1.1024
v  -0.3258 43.8725 -2.0789
v  1.1464 43.5427 -2.2108
v  1.1612 41.7529 -1.3499
v  -0.7013 44.7741 -1.6834
v  -0.5050 42.8752 -0.3598
v  2.1854 40.1871 2.5269
v  1.1275 40.4088 2.8113
v  0.0842 40.1890 2.5269
v  2.4187 38.8614 0.8208
v  2.6849 39.5238 1.6738
v  -0.0671 38.8663 0.8208
v  1.1852 38.6426 0.5364
v  -0.3733 39.5283 1.6738
v  2.2969 34.3320 5.7427
v  1.2254 34.4573 6.0189
v  0.1538 34.3320 5.7427
v  2.2969 33.5806 4.0854
v  2.6541 33.9563 4.9140
v  0.1538 33.5806 4.0854
v  1.2254 33.4553 3.8092
v  -0.2033 33.9563 4.9140
v  2.2300 0.7282 -1.0870
v  2.2267 0.6449 -1.5917
v  2.8529 0.5450 -1.5917
v  2.8529 0.6450 -1.0833
v  2.2299 0.7282 -2.0963
v  2.8528 0.6450 -2.1002
v  3.4757 0.7282 -2.0964
v  3.4790 0.6449 -1.5918
v  3.4758 0.7282 -1.0871
v  0.5164 25.6815 0.4494
v  2.8520 25.7809 0.4620
v  2.8522 25.8725 -1.5884
v  0.5023 25.7647 -1.5882
v  5.1893 25.6875 0.4490
v  5.2032 25.7700 -1.5886
v  5.1892 25.6922 -3.6270
v  2.8523 25.7778 -3.6401
v  0.5165 25.6839 -3.6258
v  1.9931 4.2223 -0.1385
v  2.8529 4.2140 -0.0553
v  2.8528 13.2213 0.7843
v  1.3667 13.2213 0.6836
v  3.7126 4.2223 -0.1385
v  4.3389 13.2213 0.6836
v  4.9497 22.2203 1.3384
v  2.8534 22.2285 1.4231
v  0.7572 22.2197 1.3385
v  4.4970 4.2220 -0.8749
v  4.5802 4.2136 -1.5919
v  5.5058 13.2213 -1.5918
v  5.4051 13.2213 -0.3130
v  4.4970 4.2220 -2.3088
v  5.4051 13.2213 -2.8707
v  6.1485 22.2145 -3.4256
v  6.2330 22.2247 -1.5962
v  6.1475 22.2192 0.2313
v  3.7126 4.2223 -3.0452
v  2.8528 4.2140 -3.1284
v  2.8528 13.2213 -3.9679
v  4.3389 13.2213 -3.8673
v  1.9931 4.2223 -3.0452
v  1.3667 13.2213 -3.8673
v  0.7579 22.2165 -4.5279
v  2.8539 22.2266 -4.6108
v  4.9506 22.2172 -4.5296
v  1.2088 4.2220 -2.3088
v  1.1255 4.2136 -1.5919
v  0.1997 13.2213 -1.5918
v  0.3005 13.2213 -2.8707
v  1.2088 4.2220 -0.8750
v  0.3005 13.2213 -0.3130
v  -0.4401 22.2184 0.2316
v  -0.5232 22.2227 -1.5947
v  -0.4390 22.2136 -3.4225
v  2.2399 0.9782 -0.6553
v  1.8487 1.0780 -0.7480
v  1.7567 0.9779 -1.0984
v  1.4584 4.2471 -0.3882
v  -0.4860 25.4172 0.4090
v  -0.3755 25.3211 1.2459
v  0.5590 25.4354 1.3549
v  -0.1861 22.1947 1.0845
v  5.8927 22.1952 1.0845
v  6.0845 25.3249 1.2445
v  5.1480 25.4417 1.3544
v  6.1947 25.4212 0.4075
v  4.2473 4.2471 -0.3882
v  3.8571 1.0780 -0.7482
v  3.9490 0.9779 -1.0986
v  3.4659 0.9782 -0.6554
v  5.8938 22.1900 -4.2798
v  6.0836 25.3454 -4.4289
v  6.1941 25.4352 -3.5900
v  5.1477 25.4487 -4.5363
v  4.2473 4.2471 -2.7955
v  3.8570 1.0780 -2.4354
v  3.4658 0.9782 -2.5282
v  3.9490 0.9779 -2.0851
v  -0.1847 22.1892 -4.2763
v  -0.3760 25.3323 -4.4253
v  0.5588 25.4399 -4.5344
v  -0.4862 25.4251 -3.5868
v  1.4584 4.2471 -2.7955
v  1.8486 1.0780 -2.4353
v  1.7566 0.9779 -2.0849
v  2.2398 0.9782 -2.5281
v  1.7260 0.9446 -1.5916
v  2.8528 0.9449 -2.5591
v  3.9797 0.9446 -1.5918
v  2.8529 0.9449 -0.6244
v  2.8528 25.4836 1.3909
v  6.2313 25.4575 -1.5910
v  2.8531 25.1620 -4.5748
v  -0.5228 25.4515 -1.5889
v  5.1029 13.2213 0.3817
v  0.6027 13.2213 0.3817
v  5.1029 13.2213 -3.5653
v  0.6027 13.2213 -3.5654
v  14.0136 59.0739 -1.7313
v  12.8406 58.8570 -4.2540
v  18.6309 56.3568 -2.7025
v  18.1014 57.1909 0.1370
v  15.1178 59.0739 -5.8523
v  19.5921 57.1909 -5.4264
v  24.0158 56.6056 -3.4681
v  24.8529 55.5248 -1.0353
v  22.9116 56.6056 0.6529
v  14.9732 62.7814 -1.4742
v  19.3969 62.1960 0.4841
v  20.3581 63.0302 -2.2397
v  14.1361 63.8622 -3.9069
v  23.8712 60.3131 0.9100
v  26.1483 60.5299 -0.6882
v  24.9754 60.3131 -3.2110
v  20.8876 62.1960 -5.0793
v  16.0774 62.7814 -5.5952
v  18.5007 59.6935 1.2378
v  12.7430 61.3596 -1.2988
v  24.7553 58.0274 1.9199
v  27.5027 57.4720 -0.3253
v  26.2460 58.0274 -3.6435
v  20.4883 59.6935 -6.1800
v  14.4494 60.8019 -6.6158
v  16.4930 60.7578 -6.6158
v  14.5923 61.6361 -6.6158
v  11.4863 61.9150 -4.6169
v  13.9322 61.4206 -6.6158
v  14.0087 59.0739 6.3165
v  14.0118 58.8570 3.5345
v  18.6038 56.3567 7.3876
v  16.9239 57.1909 9.7374
v  16.7511 59.0739 3.0483
v  20.6262 57.1909 5.3253
v  23.8078 56.6056 8.9696
v  23.5383 55.5248 11.5282
v  21.0654 56.6056 12.2378
v  14.7697 62.7814 6.9551
v  17.9513 62.1960 10.5994
v  19.9736 63.0302 8.5370
v  15.0391 63.8622 4.3965
v  21.8264 60.3131 12.8764
v  24.5657 60.5299 12.3902
v  24.5688 60.3131 9.6081
v  21.6535 62.1960 6.1873
v  17.5121 62.7814 3.6869
v  16.8206 59.6935 10.9038
v  12.6743 61.3596 6.1715
v  22.2009 58.0274 14.1653
v  25.6398 57.4720 13.2915
v  25.9031 58.0274 9.7532
v  21.7569 59.6935 5.0209
v  16.3766 61.3596 1.7594
v  12.9377 61.9150 2.6332
v  11.9889 58.9190 7.9184
v  14.3589 58.9606 1.2612
v  16.6837 57.7495 2.0812
v  14.3137 57.7080 8.7385
v  14.8467 65.1199 8.9745
v  17.1715 63.9088 9.7945
v  19.5414 63.9504 3.1373
v  17.2166 65.1615 2.3172
v  12.7832 58.3484 0.5743
v  13.9987 58.3913 -6.6158
v  16.4988 57.1827 -6.6158
v  15.2150 57.1373 0.9782
v  15.7809 64.5493 1.1181
v  18.2128 63.3382 1.5220
v  19.5117 63.3841 -6.1620
v  17.0799 64.5951 -6.5659
v  17.0102 58.2096 -6.6158
v  -11.5642 77.8941 -6.6158
v  -9.3286 78.7933 -6.6158
v  -6.2577 79.1963 -6.6158
v  -6.2484 79.2703 -6.6158
v  -3.0383 79.2871 -6.6158
v  -9.7370 79.1153 -6.6158
v  3.9714 77.4436 -6.6158
v  5.7563 76.1115 -6.6158
v  1.8916 78.4326 -6.6158
v  -0.3850 79.0275 -6.6158
v  -7.2423 58.6262 -6.6158
v  -5.7846 58.0725 -6.6158
v  -4.2699 37.2031 -6.5951
v  10.9113 26.4604 -6.6201
v  5.7195 44.3505 -6.6200
v  6.0435 43.0828 -6.6210
v  -3.2320 42.3383 -6.6217
v  16.8050 64.0265 -6.6158
v  -10.7973 61.1659 -17.6798
v  -9.3510 60.7182 -18.5748
v  -9.3526 60.2100 -16.0988
v  -11.2188 61.0489 -15.8287
v  -9.5116 60.0112 -13.0549
v  -11.3905 61.0218 -12.9402
v  -7.2664 59.1284 -13.2971
v  -7.1220 59.4885 -16.5383
v  -7.0692 60.2574 -19.2809
v  -9.7221 59.9043 -9.8655
v  -11.6462 60.9711 -9.8278
v  -7.4237 58.9768 -9.9714
v  -4.8928 59.8613 -19.7244
v  -4.9347 58.9899 -16.8564
v  -5.0185 58.5777 -13.5174
v  -5.1022 58.4063 -10.0840
v  -11.6396 74.9839 -20.1822
v  -12.1706 75.5052 -17.5890
v  -10.8866 76.7081 -18.0691
v  -10.5720 75.6037 -21.2582
v  -8.8976 77.5040 -18.8265
v  -8.5926 76.1943 -22.0484
v  -9.0778 78.3451 -14.9187
v  -11.1884 77.4138 -14.2441
v  -12.5920 76.0374 -13.7249
v  -6.0484 77.8351 -19.4015
v  -5.8673 76.4464 -22.7134
v  -6.1322 78.7426 -15.3660
v  -12.9309 76.3898 -10.1035
v  -11.4465 77.7893 -10.4228
v  -9.2470 78.7215 -10.8110
v  -6.2159 79.1316 -11.0538
v  -11.5435 61.8220 -18.4205
v  -9.6124 61.7537 -20.0603
v  -7.1869 61.6359 -21.1108
v  -7.3724 63.4745 -22.4171
v  -9.9356 63.3374 -21.1417
v  -12.0103 63.1799 -19.2431
v  -4.9347 61.4099 -21.7450
v  -5.0185 63.4042 -23.2050
v  -12.2423 65.3509 -20.4787
v  -10.1195 65.4906 -22.4054
v  -7.5231 65.6238 -23.5886
v  -7.5892 67.9105 -24.5254
v  -10.1744 67.8564 -23.5074
v  -12.3076 67.8111 -21.6113
v  -5.1022 65.6128 -24.3911
v  -5.1441 67.9285 -25.2993
v  -8.0487 74.4121 -24.0982
v  -10.2752 74.0323 -23.1717
v  -11.9631 73.7783 -21.3344
v  -12.1549 72.0258 -22.0295
v  -10.0901 72.1413 -24.0425
v  -7.5851 72.3402 -25.0874
v  -7.5208 70.1611 -25.1274
v  -10.1106 70.0780 -24.1038
v  -12.2741 70.0364 -22.1250
v  -5.4916 74.6141 -24.8547
v  -5.1577 72.4946 -25.9003
v  -5.1022 70.2442 -25.9255
v  -12.5398 61.9558 -13.1027
v  -12.3126 61.8997 -16.0188
v  -12.8989 63.1887 -16.5857
v  -13.2145 63.2622 -13.4398
v  -13.6699 65.3900 -13.8494
v  -13.2423 65.3424 -17.4459
v  -13.3962 67.8194 -18.2033
v  -13.9212 67.8520 -14.1508
v  -12.8448 61.9595 -9.9197
v  -13.5705 63.2988 -10.0761
v  -14.0757 65.4186 -10.2317
v  -14.3634 67.8800 -10.3213
v  -12.9046 73.9536 -17.8457
v  -13.4168 74.3046 -13.7440
v  -13.8262 72.3133 -13.9930
v  -13.2615 72.1216 -18.3124
v  -13.8169 74.5780 -10.0674
v  -14.2652 72.4855 -10.1733
v  -13.4140 70.0780 -18.4618
v  -13.9838 70.1611 -14.1636
v  -14.4370 70.2442 -10.2799
v  -7.0073 60.2991 -19.4136
v  -4.8836 59.9353 -19.7258
v  -4.9254 59.0639 -16.8578
v  -7.0910 59.4509 -16.6004
v  -5.0092 58.6516 -13.5188
v  -7.2585 59.0364 -13.3094
v  -2.7598 58.4564 -13.6183
v  -2.7598 58.8590 -16.9655
v  -2.7598 59.7363 -19.8504
v  -5.0929 58.4803 -10.0854
v  -7.4260 58.8722 -9.9694
v  -2.7598 58.2844 -10.1434
v  5.2280 61.3528 -12.8811
v  3.5782 60.0871 -12.9984
v  3.2245 60.2306 -15.8688
v  4.6836 61.2940 -15.5879
v  3.0280 60.7843 -18.2291
v  4.1530 61.4431 -17.3795
v  1.3418 60.2440 -19.0382
v  1.4432 59.4921 -16.3769
v  1.6363 59.1886 -13.2578
v  -0.5105 58.6402 -13.4978
v  -0.5942 59.0183 -16.7739
v  -0.6361 59.8669 -19.5999
v  5.6079 61.4140 -9.8292
v  3.8536 60.0390 -9.8669
v  1.8099 59.0659 -9.9728
v  -0.4267 58.4803 -10.0854
v  -8.9563 76.4375 -22.1124
v  -9.3185 77.8105 -18.9192
v  -6.0391 77.9090 -19.4029
v  -5.8581 76.5204 -22.7148
v  -3.0383 77.8976 -19.6448
v  -3.0035 76.5088 -23.0160
v  -3.0383 78.8211 -15.5342
v  -6.1229 78.8166 -15.3674
v  -9.4860 78.6861 -15.0338
v  -9.6535 79.0565 -10.8851
v  -6.2067 79.2056 -11.0552
v  -3.0383 79.2194 -11.1403
v  1.3418 75.9309 -21.8833
v  1.4432 77.1924 -18.7917
v  3.2245 76.4539 -17.9256
v  3.0280 75.3905 -20.5935
v  4.6836 75.3905 -17.2680
v  4.1530 74.8639 -19.3871
v  5.2280 75.8735 -14.1613
v  3.5782 77.1269 -14.5530
v  1.6363 78.0253 -14.9970
v  1.8099 78.3771 -10.8811
v  3.8536 77.4041 -10.6992
v  5.6079 76.0786 -10.5174
v  -0.5942 77.6662 -19.4029
v  -0.6361 76.3079 -22.7148
v  -0.5105 78.5737 -15.3674
v  -0.4267 78.9627 -11.0552
v  -7.0910 61.7640 -21.3204
v  -4.9254 61.4839 -21.7464
v  -2.7598 61.3324 -21.9384
v  -2.7598 63.3884 -23.4732
v  -5.0092 63.4782 -23.2064
v  -7.2585 63.6521 -22.6623
v  -7.4260 65.7699 -23.7805
v  -5.0929 65.6868 -24.3925
v  -2.7598 65.6452 -24.6985
v  -2.7598 68.0025 -25.6266
v  -5.1348 68.0025 -25.3007
v  -7.5098 68.0025 -24.6489
v  1.4432 61.7117 -20.9495
v  3.2245 62.0628 -19.8303
v  4.6836 62.4276 -18.1797
v  5.2280 64.0801 -18.9728
v  3.5782 63.8307 -20.9445
v  1.6363 63.6391 -22.3426
v  1.8099 65.7699 -23.4493
v  3.8536 65.8530 -21.8437
v  5.6079 65.9795 -19.6354
v  5.7567 68.0237 -20.1882
v  3.9717 68.0025 -22.5591
v  1.8918 68.0025 -24.2894
v  -0.5942 61.4383 -21.6625
v  -0.5105 63.4668 -23.1854
v  -0.4267 65.6868 -24.3925
v  -0.3849 68.0025 -25.3007
v  4.6836 73.7473 -20.1447
v  3.2245 73.9422 -22.3332
v  1.4432 74.2933 -23.8897
v  1.6363 72.3659 -24.8699
v  3.5782 72.1743 -23.1682
v  5.2280 72.0736 -20.7346
v  -0.5942 74.5667 -24.8561
v  -2.8991 74.7143 -25.1918
v  -2.7946 72.6271 -26.2502
v  -0.5105 72.5382 -25.9017
v  5.6079 70.1104 -20.6519
v  3.8536 70.1520 -23.1221
v  1.8099 70.2351 -24.8831
v  -0.4267 70.3182 -25.9269
v  -2.7598 70.3598 -26.2695
v  -5.4823 74.6881 -24.8561
v  -8.2047 74.5750 -24.1847
v  -7.5370 72.4364 -25.2048
v  -5.1484 72.5686 -25.9017
v  -5.0929 70.3182 -25.9269
v  -7.4260 70.2351 -25.2417
v  5.7550 62.7423 -15.8727
v  6.4990 63.0029 -13.0672
v  7.4042 64.7794 -13.3968
v  6.4990 64.4253 -16.4094
v  6.9764 63.2055 -9.9211
v  7.9567 65.0550 -10.0775
v  6.9764 66.1928 -16.8841
v  7.9567 66.4239 -13.7100
v  8.1448 68.1660 -13.9148
v  7.1483 68.0874 -17.2550
v  8.5467 66.6039 -10.2331
v  8.7441 68.2318 -10.3227
v  6.4990 74.2605 -13.9479
v  5.7550 73.9422 -17.2822
v  6.4990 72.1743 -17.5069
v  7.4042 72.3577 -13.8786
v  7.9567 70.2351 -13.9193
v  6.9763 70.1520 -17.4802
v  6.9763 74.4356 -10.3438
v  7.9567 72.5054 -10.2434
v  8.5467 70.3182 -10.2813
v  -2.2381 60.9632 -28.5176
v  0.1161 60.9632 -26.5454
v  -2.4858 62.6129 -20.9656
v  -4.8400 62.6129 -22.9378
v  -0.9263 68.4660 -31.3314
v  -3.9253 70.6942 -24.9000
v  -1.5707 70.6942 -22.9275
v  1.4283 68.4660 -29.3589
v  -2.0918 61.1351 -28.8479
v  -0.8657 68.1442 -31.4773
v  1.4996 68.1442 -29.4958
v  0.2735 61.1351 -26.8664
v  1.0614 62.7450 -25.8803
v  1.8676 67.3535 -27.6091
v  -0.0894 68.8075 -23.4123
v  -0.6529 63.8319 -22.2040
v  -2.5608 62.9341 -20.7866
v  -1.7015 70.5228 -22.6295
v  -4.0678 70.5228 -24.6119
v  -4.9272 62.9341 -22.7690
v  -5.0209 62.8662 -23.1638
v  -4.8999 63.9117 -23.4232
v  -2.7780 62.5664 -27.9736
v  -2.3990 61.2039 -28.7864
v  -1.7314 67.2725 -30.2181
v  -1.1712 68.2226 -31.4195
v  -0.4566 65.4074 -24.8804
v  -1.4054 65.9926 -22.8456
v  -1.1125 68.5795 -23.4738
v  -0.2115 67.7226 -25.4059
v  -4.4235 64.0283 -23.8296
v  -3.3423 64.0283 -23.3254
v  -1.6236 62.9386 -27.0111
v  -2.7049 62.9386 -27.5153
v  -2.5475 63.1014 -27.8526
v  -1.4663 63.1014 -27.3484
v  -0.6270 66.8755 -29.1484
v  -1.7082 66.8755 -29.6526
v  -4.0106 68.6790 -24.7150
v  -2.3299 68.6798 -23.9311
v  -3.2220 66.0616 -23.5831
v  -4.3358 65.8071 -24.0176
v  -3.4200 64.3467 -23.1588
v  -4.5012 64.3467 -23.6630
v  -3.0781 68.1264 -27.3300
v  -4.2919 69.2808 -24.7271
v  -4.1626 70.4452 -25.0043
v  -1.9308 65.3418 -25.8454
v  -0.5859 65.3418 -25.2183
v  -0.3440 67.6271 -25.7370
v  -1.6889 67.6271 -26.3642
v  0.3669 61.2039 -26.4693
v  0.2943 61.7160 -26.3138
v  -2.0591 63.2081 -21.2669
v  -2.2550 62.8662 -20.8467
v  -1.3012 69.9004 -22.8921
v  -1.3968 70.4452 -22.6872
v  1.3779 67.9099 -28.6375
v  1.5947 68.2226 -29.1024
v  -1.7637 67.1683 -29.5337
v  -0.7059 67.1744 -29.0422
v  -2.2601 67.9719 -26.4321
v  -2.8888 67.8815 -27.1225
v  -2.1751 68.8301 -24.1982
v  -3.8814 68.8266 -24.9922
v  -2.0891 64.7713 -26.0561
v  -1.7937 67.5628 -26.6898
v  -0.5052 66.9363 -28.8024
v  -1.3602 63.1751 -27.0188
v  -3.0780 64.2797 -23.2769
v  -2.9169 65.4898 -23.5579
v  -4.6776 65.8744 -23.8999
v  -0.4180 67.9831 -25.5782
v  -1.3091 68.8236 -23.6675
v  -1.4398 68.6803 -23.3849
v  -1.7353 66.0571 -22.7506
v  -2.7081 65.7422 -23.5157
v  -1.6605 65.7366 -22.9139
v  -0.7184 65.1595 -24.9340
v  -2.0359 65.1542 -25.5468
v  0.3582 62.2014 -25.9047
v  0.7836 62.3953 -25.8306
v  -0.9553 63.4979 -22.1014
v  -1.4950 63.3763 -21.9306
v  -1.6325 63.7216 -21.7040
v  -1.0181 63.8600 -21.8985
v  -0.4384 68.9790 -23.1416
v  -1.0106 69.2137 -23.0377
v  -0.7874 69.3471 -23.3986
v  -0.3352 69.1616 -23.4807
v  1.6853 67.6605 -27.8137
v  1.3503 67.7589 -27.9828
v  1.4187 67.4311 -28.1114
v  1.7400 67.3367 -27.9492
v  0.9090 62.5863 -26.1671
v  0.5419 62.4189 -26.2311
v  -2.3795 61.0223 -28.6747
v  -2.2831 61.0098 -28.8086
v  -2.1500 60.9714 -28.7204
v  -4.9199 62.7279 -22.7808
v  -5.0286 62.7508 -22.9210
v  -4.9899 62.6773 -23.0768
v  -2.3269 62.6773 -20.8459
v  -2.4144 62.7508 -20.7310
v  -2.5561 62.7279 -20.8006
v  0.2135 60.9714 -26.7404
v  0.3309 61.0098 -26.6187
v  0.2834 61.0223 -26.4439
v  -0.8602 68.3453 -31.4865
v  -1.0035 68.3250 -31.5527
v  -1.0886 68.4039 -31.4431
v  1.5744 68.4039 -29.2122
v  1.6105 68.3250 -29.3628
v  1.5034 68.3453 -29.5065
v  -1.6543 70.6915 -22.7344
v  -1.5198 70.6508 -22.6494
v  -1.4261 70.6332 -22.7777
v  -4.0891 70.6332 -25.0087
v  -4.1340 70.6508 -24.8394
v  -4.0182 70.6915 -24.7146
v  -2.2688 61.1517 -28.9162
v  0.3969 61.1517 -26.6830
v  1.6236 68.1644 -29.3138
v  -1.0421 68.1644 -31.5470
v  0.9712 62.5362 -25.8234
v  1.0101 62.5133 -25.9857
v  1.0767 62.6704 -26.0664
v  -0.7972 63.8726 -22.0138
v  -0.8360 63.6933 -21.9996
v  -0.7427 63.6228 -22.1479
v  -0.1367 69.0218 -23.4598
v  -0.2332 69.0517 -23.3017
v  -0.2291 68.8895 -23.2321
v  1.8884 67.3107 -27.8072
v  1.8743 67.4793 -27.8498
v  1.8433 67.5507 -27.7059
v  -2.3845 62.9168 -20.7179
v  -5.0505 62.9168 -22.9513
v  -4.1914 70.5037 -24.7937
v  -1.5254 70.5037 -22.5603
v  -0.4358 65.3582 -25.0789
v  -0.4951 65.2096 -25.0285
v  -0.5354 65.2193 -24.8652
v  -0.2492 67.9146 -25.4789
v  -0.2181 67.8222 -25.6222
v  -0.1931 67.6510 -25.5993
v  -1.2456 68.6544 -23.3417
v  -1.2431 68.7976 -23.4239
v  -1.1477 68.7673 -23.5522
v  -1.4834 65.8031 -22.8322
v  -1.5740 65.8755 -22.7141
v  -1.5410 66.0415 -22.7079
v  -4.6604 63.9991 -23.7829
v  -4.7107 64.0956 -23.6864
v  -4.4960 64.1415 -23.6741
v  -2.6125 62.9457 -27.7134
v  -2.7644 62.8702 -27.8207
v  -2.8410 62.8456 -27.6848
v  -1.4400 62.9977 -26.9581
v  -1.3952 62.9840 -27.1273
v  -1.5312 62.9457 -27.2092
v  -3.4148 64.1415 -23.1699
v  -3.2506 64.1646 -23.1374
v  -3.1584 64.0911 -23.2583
v  -2.7230 62.9677 -27.9378
v  -1.6965 67.0638 -29.6778
v  -1.8213 67.1055 -29.8403
v  -1.8318 66.9748 -29.8489
v  -0.4787 66.8907 -29.0070
v  -0.4927 67.0440 -29.0640
v  -0.6211 67.0653 -29.1767
v  -1.3220 63.1198 -27.2111
v  -4.1988 68.8294 -24.7730
v  -4.1474 68.9295 -24.8524
v  -3.9641 68.8415 -24.8148
v  -4.7187 64.2380 -23.6580
v  -3.2167 64.3299 -23.1334
v  -2.0882 65.1992 -25.9530
v  -2.1125 65.0894 -25.8602
v  -1.9704 65.1688 -25.7421
v  -1.8184 67.8394 -26.4098
v  -1.9052 67.8088 -26.5153
v  -1.8330 67.6110 -26.5005
v  -0.3492 67.8422 -25.7259
v  -0.6324 65.1701 -25.1186
v  -1.8732 67.1967 -29.7603
v  -0.5373 67.1125 -28.9270
v  -4.1013 68.9434 -24.9821
v  -2.1672 65.0604 -25.7307
v  -3.0584 65.6658 -23.4565
v  -2.9884 65.7885 -23.4685
v  -2.8763 65.6773 -23.5892
v  -1.8979 67.7913 -26.6544
v  -1.3915 68.8410 -23.4882
v  -1.7318 65.8520 -22.7591
v  -2.8792 65.8545 -23.4119
v  0.2249 62.0261 -26.0284
v  0.3081 62.0662 -26.1634
v  0.4567 62.2214 -26.1012
v  -1.6230 63.4978 -21.7247
v  -1.8303 63.4129 -21.5932
v  -1.7977 63.3085 -21.6909
v  -1.0082 63.6362 -21.9193
v  0.8694 62.4096 -26.0293
v  -1.8709 63.5540 -21.5510
v  -0.9433 69.3771 -23.1586
v  -1.1326 69.5307 -23.0817
v  -1.2046 69.4385 -22.9800
v  -0.3950 69.1522 -23.2582
v  -1.0821 69.5585 -23.2131
v  1.4197 67.6380 -28.1275
v  1.3012 67.7251 -28.2852
v  1.2448 67.8296 -28.2033
v  1.7516 67.5405 -27.9600
v  1.2933 67.5886 -28.3028
v  0.3449 62.1670 -26.2689
v  -4.5391 65.8239 -24.0431
v  -2.2706 68.8426 -24.0255
v  -3.0482 67.9416 -27.2407
v  10.1111 59.9047 -15.7056
v  14.2434 62.4718 -16.5697
v  4.2960 60.8656 -19.1071
v  4.9800 65.0072 -27.4566
v  5.7366 65.3690 -29.6611
v  6.2401 63.7357 -26.4961
v  6.6868 68.0882 -34.1749
v  7.7624 67.2711 -32.5842
v  5.8494 67.2297 -31.6439
v  10.2036 75.2240 -18.9658
v  13.1523 72.3368 -9.6203
v  14.0037 70.4135 -20.0427
v  10.0506 73.8482 -23.9401
v  3.9612 59.9948 -14.4162
v  3.7388 64.8903 -19.5018
v  4.0899 65.9754 -22.5418
v  3.6963 69.7414 -23.0593
v  4.6095 71.4845 -26.0325
v  3.8550 70.2471 -18.8991
v  3.3934 64.7256 -15.2188
v  3.5640 61.1959 -12.3473
v  11.0377 64.2198 -26.4732
v  9.6262 65.5745 -29.5311
v  10.5173 67.2623 -30.5585
v  12.4785 65.2202 -26.9078
v  11.4366 68.1836 -28.7307
v  13.1271 66.5063 -26.6676
v  8.9330 69.8047 -30.5540
v  8.4495 68.8806 -33.1134
v  8.1323 62.3271 -23.8770
v  6.6288 59.3110 -16.0329
v  10.7948 61.9888 -22.4268
v  13.6094 63.5665 -22.7686
v  14.9063 66.2255 -24.1501
v  16.4121 66.2341 -18.1678
v  13.0152 69.1315 -25.8192
v  9.8447 71.2839 -27.3767
v  6.1132 69.7943 -31.0282
v  5.8950 68.6826 -32.4035
v  4.8670 67.4131 -27.7191
v  5.5803 70.3753 -28.6432
v  6.9989 69.2629 -33.9650
v  7.0716 70.0688 -31.2937
v  7.3030 71.6820 -28.4236
v  6.8597 72.9761 -26.3598
v  -3.6692 73.5592 -25.7316
v  -4.7747 72.1123 -25.8722
v  -5.8650 74.1954 -24.9477
v  -4.5352 75.2507 -24.9400
v  -4.7154 76.1736 -24.1333
v  -3.3914 76.4853 -24.3912
v  -4.1612 74.5702 -24.3740
v  -4.9549 73.0352 -25.0655
v  -4.2742 71.7937 -25.6856
v  7.9386 76.2842 -17.4509
v  5.5807 74.3913 -17.2817
v  4.8762 75.6485 -6.8368
v  5.0182 75.7643 -6.8368
v  8.2907 75.8927 -6.8368
v  2.6779 65.9713 -6.8368
v  6.7681 74.2666 -25.5397
v  7.2189 75.6437 -25.2939
v  8.2990 76.2215 -24.2828
v  4.4863 76.0750 -25.6673
v  5.5529 77.2750 -24.5094
v  3.4927 74.1051 -26.2685
v  7.1987 76.8286 -22.4243
v  5.0929 74.6067 -22.2011
v  3.2110 72.0839 -22.7016
v  1.1936 73.1404 -23.5264
v  3.0149 75.5364 -23.5390
v  2.4879 71.2862 -24.4556
v  3.0212 71.7034 -26.0589
v  0.5452 70.9046 -26.0996
v  0.3422 71.4256 -24.7425
v  4.9084 72.8250 -26.1075
v  1.8872 72.0897 -26.5105
v  -0.2583 75.9106 -25.3646
v  -0.1620 77.2791 -24.3659
v  -0.9180 73.5795 -26.2651
v  -1.0050 76.3396 -23.9234
v  -2.0381 74.2230 -24.1033
v  -2.5123 72.0603 -24.9714
v  -2.4230 70.8601 -25.9378
v  -1.7656 71.6312 -26.4126
v  8.5935 76.7232 -22.8418
v  8.3452 75.8524 -6.8368
v  -8.0811 76.4416 -24.4781
v  -7.9894 73.0099 -26.3325
v  -9.9015 72.6434 -25.5551
v  -9.9932 76.0750 -23.7007
v  -7.8477 70.8598 -26.7773
v  -9.7598 70.4933 -25.9999
v  -5.4823 60.3304 -21.8582
v  -7.3944 60.4330 -21.4210
v  -5.4941 59.2733 -20.4917
v  -7.4481 59.7291 -20.5863
v  -5.5959 58.8656 -16.0954
v  -7.4948 59.3312 -16.1989
v  -7.7061 59.1099 -12.2479
v  -5.8913 58.4439 -12.1444
v  -6.8638 58.0846 -7.0524
v  -8.8323 58.7979 -7.1559
v  8.0799 64.8431 -12.1761
v  -2.9528 64.8431 -12.1761
v  8.0799 69.2562 -12.1761
v  -2.9528 69.2562 -12.1761
v  -20.4714 81.2673 -15.0851
v  -20.9028 79.7785 -15.2971
v  -22.1662 80.1214 -13.3439
v  -21.7255 81.4825 -13.2239
v  -22.8099 80.1296 -11.5116
v  -22.2610 81.5282 -11.4860
v  -21.1786 79.1791 -11.5397
v  -20.6219 79.1093 -13.4032
v  -19.4934 78.6789 -15.4321
v  -2.8655 79.8809 -27.0138
v  -3.0970 78.2803 -27.1308
v  -6.0919 77.3222 -26.3323
v  -5.8251 79.0657 -26.1777
v  -8.7400 76.3623 -25.1391
v  -8.3985 78.2932 -24.9126
v  -8.3689 75.2116 -24.9368
v  -5.8665 76.3304 -26.2379
v  -3.0888 77.1795 -26.9002
v  -17.4620 85.5626 -10.0284
v  -18.3498 84.4609 -10.6976
v  -20.3872 83.2630 -9.6591
v  -18.1849 85.0835 -9.0972
v  -22.6093 81.6803 -9.4754
v  -20.5928 82.7464 -11.4097
v  -18.8995 83.6154 -11.5390
v  -13.3874 89.8017 -9.5828
v  -13.4664 89.2271 -10.1274
v  -16.2855 86.3146 -10.7880
v  -15.8853 87.2611 -10.0638
v  -17.7985 84.3372 -11.4963
v  -15.8115 86.4117 -11.0561
v  -17.1069 84.9427 -11.5139
v  -13.3355 88.8856 -10.5067
v  -20.4035 82.5941 -12.8669
v  -19.1478 82.7534 -14.4534
v  -18.9893 83.3742 -12.4741
v  -18.4608 83.6687 -13.3706
v  2.5215 90.7015 -17.9549
v  2.8416 90.3003 -18.7727
v  1.0026 90.1221 -18.7564
v  0.6765 90.4560 -17.8501
v  -1.1302 89.7355 -18.7367
v  -1.4610 90.0187 -17.8001
v  -0.7977 89.6052 -19.7324
v  1.3428 89.9185 -19.7042
v  3.2348 90.0238 -19.6147
v  -13.3165 88.6441 -12.1522
v  -15.7724 86.3510 -12.4457
v  -15.6441 86.4286 -11.7008
v  -13.2869 88.6824 -11.2960
v  -17.4309 84.4932 -12.0377
v  -17.0691 84.9577 -12.4742
v  4.9088 92.9677 -11.2878
v  3.3555 93.2686 -11.4388
v  3.1837 93.3669 -10.6605
v  5.2453 92.9166 -10.7296
v  3.0483 93.5837 -9.8917
v  4.5816 93.2035 -10.1341
v  0.0833 93.7956 -9.7652
v  0.0943 93.5854 -10.5747
v  0.1002 93.5217 -11.4081
v  6.5158 92.7702 -9.6400
v  3.2643 93.9838 -9.0434
v  3.6007 94.1198 -8.0820
v  7.3510 92.6592 -8.2512
v  0.1546 94.4329 -8.0055
v  0.0887 94.2882 -8.8858
v  4.8762 78.7706 -27.3206
v  5.5359 80.7477 -26.9317
v  9.6902 79.0355 -25.7119
v  8.5764 76.6046 -26.3722
v  12.8068 77.0638 -24.3606
v  11.4045 74.3830 -25.1225
v  14.6692 79.7913 -22.6038
v  10.2972 81.6299 -24.8180
v  6.0303 82.8523 -26.2455
v  14.9514 75.8281 -22.3930
v  13.8517 75.4745 -23.7390
v  12.7826 73.1642 -24.0745
v  13.9543 72.7247 -22.5026
v  6.2331 85.0207 -25.2214
v  10.1842 84.2584 -23.8855
v  13.1709 83.5267 -22.4075
v  12.5638 86.3833 -21.1795
v  9.2822 86.6696 -22.8036
v  5.9483 87.0579 -23.8623
v  9.4266 88.7015 -19.9947
v  10.1097 89.4011 -17.4528
v  13.8514 87.1378 -18.6141
v  11.4269 89.6093 -14.5654
v  16.2042 86.2298 -16.2917
v  6.8268 92.3416 -12.5447
v  6.8673 91.3990 -15.4714
v  7.3695 90.2478 -18.3577
v  6.1860 90.9778 -17.3439
v  6.9658 89.8963 -19.5523
v  -6.1410 88.4850 -17.9209
v  -5.3857 88.0542 -18.8034
v  -7.5799 86.5337 -18.9590
v  -8.3659 86.9755 -18.2593
v  -9.4341 85.0759 -19.1107
v  -10.1548 85.4882 -18.6291
v  -8.7272 84.8208 -19.6764
v  -6.8050 86.3302 -19.7538
v  -4.6533 87.8992 -19.7837
v  5.3885 75.7487 -11.8987
v  10.5148 71.3634 -11.8139
v  10.7814 71.0870 -9.3431
v  5.4902 75.5305 -9.4605
v  10.9072 70.9449 -6.7899
v  15.6979 67.3627 -6.7355
v  15.4822 67.5096 -9.2467
v  15.0344 67.8037 -11.7562
v  7.4138 71.0148 -25.2197
v  5.7154 72.6774 -24.9692
v  5.0415 73.5429 -26.1256
v  5.8599 73.2395 -26.4932
v  3.2940 75.4552 -26.3618
v  3.5977 75.7570 -27.1825
v  3.5414 75.3299 -24.8955
v  0.2658 76.5786 -26.3666
v  0.3403 77.0293 -27.2666
v  -2.9326 76.8801 -26.2083
v  -3.0763 76.9513 -24.9016
v  0.3369 76.7202 -24.8821
v  -2.9360 79.6255 -11.8739
v  0.9602 78.3525 -11.9110
v  1.0198 78.2356 -9.5016
v  -2.8718 79.6463 -9.4953
v  -12.4687 89.2384 -13.5830
v  -9.9302 89.4320 -15.3269
v  -12.1779 87.5683 -15.6102
v  -14.8633 87.0259 -13.8287
v  -14.2287 85.3783 -15.9990
v  -15.6080 85.6037 -14.4977
v  -11.4608 85.9502 -17.7448
v  -9.6252 87.7313 -17.3317
v  -7.4004 89.3535 -16.9860
v  -5.7473 83.7360 -23.7298
v  -7.3993 84.1693 -22.1769
v  -5.4886 86.1830 -22.0771
v  -4.3229 85.5792 -23.2910
v  -3.7589 87.5965 -22.0583
v  -3.3139 86.7367 -22.9632
v  -4.2147 88.3639 -21.0542
v  -6.2172 86.6989 -21.0040
v  -8.1667 84.8373 -20.8856
v  7.5223 88.6120 -21.4612
v  5.7597 89.8374 -20.2998
v  3.9516 89.8713 -20.7155
v  4.9799 88.7684 -22.1711
v  0.4011 93.5919 -12.8061
v  3.6092 93.2945 -12.7217
v  4.0615 92.4198 -14.8258
v  1.3413 92.6460 -14.8336
v  4.3973 91.4310 -16.9236
v  2.2566 91.5567 -16.8163
v  -6.4749 88.9779 -17.5829
v  -8.7011 87.4542 -17.9658
v  -10.4666 85.8832 -18.3977
v  -8.4570 84.8979 -20.1601
v  -6.5034 86.5666 -20.3325
v  -4.3879 88.2336 -20.4150
v  3.4874 90.0853 -20.0628
v  4.8497 90.0975 -19.7604
v  5.6299 90.1656 -19.3027
v  5.0393 90.1438 -19.1655
v  4.4148 90.0436 -19.3957
v  5.6116 92.9073 -11.5441
v  3.4356 93.4110 -11.8593
v  0.0949 93.7038 -11.9081
v  6.0509 92.8831 -10.7399
v  7.5884 92.1790 -11.1219
v  5.0931 93.2194 -9.9054
v  3.0777 93.7972 -9.4996
v  0.0732 94.0528 -9.3373
v  -9.1260 76.2242 -21.2258
v  -11.8275 75.7947 -21.2983
v  -10.5384 75.1620 -22.9038
v  -8.6615 75.4250 -23.2555
v  -11.0779 75.3514 -23.3920
v  -12.9690 75.8584 -21.8590
v  -10.6497 83.7096 -19.4603
v  -11.1852 83.8340 -19.1959
v  -10.5522 84.2343 -19.1619
v  -9.9681 83.9374 -19.5503
v  -11.2014 84.6092 -18.8484
v  -11.5049 84.2004 -18.9869
v  -9.8222 83.9120 -19.9254
v  -10.7981 83.5368 -19.6353
v  -9.8270 83.3917 -20.6905
v  -11.2310 82.9614 -20.1061
v  -11.5430 84.8688 -18.6983
v  -12.7898 84.5455 -18.1374
v  -12.6922 83.6388 -18.9950
v  -11.9192 84.2085 -18.9653
v  -16.3059 79.3056 -11.6234
v  -16.5458 79.4993 -9.4245
v  -21.6062 79.2415 -9.4163
v  -10.6494 80.0977 -9.4415
v  -10.5992 79.8162 -11.7260
v  15.1905 81.2654 -20.6669
v  14.1406 83.1013 -20.8031
v  15.5051 82.7337 -19.1491
v  16.4678 80.2900 -19.4265
v  17.0993 82.3661 -17.5712
v  17.4933 80.4948 -18.1395
v  16.1460 84.4149 -17.8206
v  14.7720 85.1774 -18.9478
v  14.0071 84.7598 -20.2400
v  -3.8519 93.4221 -9.2332
v  -3.9128 93.6937 -8.7927
v  -7.7844 92.2942 -9.2893
v  -7.8578 92.6107 -8.8506
v  -7.7087 91.9552 -9.7349
v  -3.7982 93.1305 -9.6783
v  -10.7612 90.6368 -10.0386
v  -10.7342 90.3893 -10.8831
v  -10.7245 90.3666 -11.7733
v  -7.6675 91.7149 -11.4641
v  -7.6742 91.7398 -10.5824
v  -3.8386 93.0956 -11.9134
v  -3.8167 92.8851 -11.3794
v  -7.6755 91.9473 -12.0123
v  -6.9257 92.0195 -12.9135
v  -3.3009 93.0543 -12.8223
v  -1.6442 92.2601 -14.8125
v  -4.6456 91.5139 -14.8542
v  -2.3573 90.8272 -16.7256
v  0.0173 91.3039 -16.7414
v  -4.9038 90.2813 -16.7955
v  -4.0166 89.8507 -17.4290
v  -3.7865 89.4305 -17.7957
v  -1.5829 90.3557 -17.4186
v  1.4924 89.9894 -20.2126
v  -0.6706 89.7268 -20.2912
v  -0.4976 89.5897 -20.9926
v  1.7420 89.7978 -20.9146
v  2.3825 88.8067 -22.4431
v  -0.0272 88.6834 -22.4162
v  2.8510 87.2561 -24.1951
v  0.1663 87.2383 -24.0040
v  -1.9296 86.9784 -23.4910
v  -2.7254 85.4480 -24.3850
v  -3.9164 83.6134 -25.0725
v  -1.4855 83.5800 -26.0624
v  -0.4911 85.4850 -25.1978
v  0.8820 79.8226 -27.4646
v  1.3779 81.5583 -27.1586
v  1.9664 83.4143 -26.5569
v  -2.3026 81.6797 -26.6627
v  12.4093 70.2068 -22.2172
v  10.9902 70.8286 -23.9815
v  9.4585 71.9750 -25.3399
v  8.8328 70.0866 -23.6313
v  10.3386 69.7000 -21.6806
v  7.1689 74.4663 -26.6040
v  4.1776 76.9846 -27.4532
v  0.5409 78.2118 -27.5666
v  -11.3376 76.4251 -23.5190
v  -10.9868 78.4793 -23.1745
v  -13.4791 76.9030 -21.9922
v  -13.2310 78.7355 -21.7029
v  -15.7711 79.4771 -19.7159
v  -16.1269 77.6736 -19.9454
v  -18.5323 78.7497 -17.7578
v  -17.9673 80.6069 -17.4656
v  -17.3501 77.5346 -18.0518
v  -16.0596 77.0438 -19.6106
v  -23.3215 80.1541 -9.4139
v  19.0898 69.9718 -11.9145
v  20.1268 73.6782 -11.9146
v  20.6712 73.6076 -9.3065
v  19.6529 69.7685 -9.3179
v  20.8306 78.0498 -9.2355
v  20.3482 78.0158 -11.8109
v  12.3558 89.8095 -8.5640
v  11.9580 89.7691 -10.3979
v  17.0143 86.1412 -8.8919
v  16.6954 86.1525 -11.1490
v  -17.1555 84.4304 -14.0962
v  -16.1854 86.1644 -13.0144
v  -13.4203 88.7974 -12.7322
v  -17.7275 84.3943 -12.8241
v  -18.2722 83.7411 -12.2465
v  -3.2478 89.0838 -18.7408
v  -2.7236 88.9615 -19.7678
v  -5.1904 76.3267 -25.9547
v  -5.8765 76.1262 -24.9266
v  -6.4658 80.0181 -11.8109
v  -6.4265 80.2069 -9.4702
v  -10.8638 91.4491 -9.1462
v  -10.8110 91.0581 -9.6076
v  -3.7948 92.9241 -10.5141
v  -10.7265 90.6198 -12.3417
v  -9.9023 90.8252 -13.2225
v  -7.4135 90.6592 -15.0503
v  0.5695 90.7762 -17.4662
v  2.4883 91.0144 -17.5798
v  -2.5372 89.2143 -20.3799
v  -2.3957 89.2196 -21.0448
v  -2.0064 88.3550 -22.2296
v  2.5849 85.3861 -25.5677
v  -5.0248 81.3244 -25.7139
v  -7.3138 81.0990 -24.2600
v  -3.9375 93.8399 -7.9709
v  -7.8857 92.7584 -8.0239
v  -11.5840 83.7000 -19.2964
v  -12.1794 83.0773 -19.5961
v  -9.6951 81.6102 -22.2486
v  -12.0983 81.1628 -20.9963
v  -14.4668 81.8486 -19.0553
v  -16.1544 83.1721 -16.5918
v  19.1994 78.1608 -17.0891
v  18.4486 79.5141 -17.7609
v  18.0026 82.2141 -16.9680
v  18.5203 82.1851 -16.2155
v  16.5374 85.1739 -17.3418
v  14.8132 86.1877 -18.9410
v  13.6645 85.4744 -20.7203
v  13.9261 83.2533 -21.6346
v  15.2069 80.7724 -21.3823
v  17.1155 79.2797 -19.6617
v  17.2862 78.0855 -19.8452
v  4.9953 90.3277 -18.7255
v  5.8786 90.4290 -18.6869
v  5.4558 90.7454 -18.1097
v  4.8339 90.6023 -18.2914
v  4.2214 90.9723 -17.7675
v  3.9696 90.7141 -18.1236
v  4.0777 90.3268 -18.7582
v  11.8457 89.7171 -12.3061
v  16.4323 86.1641 -13.5697
v  19.3482 82.2043 -11.5878
v  18.9577 82.1865 -14.1898
v  19.8642 77.9808 -14.4095
v  19.5941 73.7435 -14.4717
v  18.6365 74.1114 -17.1115
v  17.5912 70.6461 -17.0590
v  18.5436 70.1686 -14.4367
v  17.6425 67.6767 -11.8257
v  17.1089 67.9502 -14.3648
v  16.1563 68.4216 -16.9723
v  13.7432 68.4968 -16.7718
v  14.5793 68.0987 -14.2576
v  10.2440 71.6243 -14.1165
v  9.7632 71.9306 -16.3776
v  5.1604 76.1208 -16.0141
v  5.2914 75.9377 -13.9930
v  0.9097 78.4496 -13.9386
v  0.8790 78.4648 -15.9055
v  -3.0229 79.3714 -15.9302
v  -2.9906 79.5822 -13.9103
v  -6.4994 79.7576 -13.8649
v  -6.4874 79.2495 -15.9663
v  -10.3122 78.7091 -15.9538
v  -10.5284 79.4278 -13.7662
v  -15.9893 79.0449 -13.5781
v  -15.2949 78.3606 -15.8326
v  -6.1631 76.5056 -23.1997
v  -6.2632 77.2934 -20.9739
v  -3.0233 78.1597 -20.6810
v  -3.0743 77.4526 -22.9771
v  0.5736 77.3146 -22.8283
v  0.8095 77.9804 -20.4853
v  4.6129 76.2917 -20.5494
v  4.0610 75.7850 -22.8642
v  6.6686 72.5572 -23.1954
v  7.7645 72.6300 -21.0362
v  -13.4018 81.2105 -20.2277
v  -14.5091 78.9607 -20.8392
v  -14.7590 77.1886 -21.0789
v  -14.4603 76.3489 -20.5687
v  -13.9217 76.8960 -18.9306
v  -9.8258 77.4368 -18.6803
v  -6.3900 78.3181 -18.4494
v  -3.0200 78.8483 -18.2596
v  0.8784 78.3361 -18.1327
v  4.9567 76.3212 -18.2328
v  8.8663 72.3435 -18.7239
v  12.1525 69.1003 -19.3201
v  14.3605 69.2891 -19.7353
v  15.8093 71.6917 -19.9559
v  16.8176 75.0900 -19.9679
v  18.1812 67.4029 -9.2681
v  19.7254 82.2245 -9.1066
v  -15.8493 87.5816 -8.7315
v  -13.4109 90.0061 -8.4674
v  -10.9000 91.6061 -8.2105
v  5.1717 74.8881 -26.6875
v  3.0649 71.7989 -27.0524
v  1.8441 73.1477 -27.0773
v  4.2183 76.6760 -26.7124
v  2.5629 68.9381 -26.6746
v  1.1763 70.1914 -26.6996
v  2.7671 66.0600 -26.4851
v  1.0568 66.8046 -27.0229
v  2.1153 63.1796 -25.0384
v  0.3963 64.2377 -25.5761
v  1.2102 60.8550 -23.3945
v  -1.0088 59.5373 -22.8149
v  -2.5006 60.8377 -23.3527
v  -0.4094 62.0725 -23.9322
v  -4.6130 59.4535 -20.5327
v  -6.4926 60.2103 -21.0704
v  -7.3801 60.8296 -22.7328
v  -4.4975 60.3213 -22.7328
v  -4.8178 58.5050 -20.0988
v  -7.7004 59.0132 -20.0988
v  -7.2973 61.2990 -22.3991
v  -7.6176 59.4827 -19.7650
v  -4.7350 58.9744 -19.7650
v  -4.4147 60.7908 -22.3991
v  -8.4554 58.4920 -9.2895
v  -7.3656 58.0564 -10.1841
v  -7.4227 58.0732 -6.6526
v  -8.8830 58.6278 -6.6803
v  -5.9170 57.6568 -6.6278
v  -6.2584 57.7728 -9.2506
v  -8.3548 58.7992 -9.2960
v  -8.7471 59.0424 -6.6891
v  -7.2415 58.6260 -6.6643
v  -7.2297 58.4710 -10.1929
v  -5.7811 58.0714 -6.6365
v  -6.1577 58.0799 -9.2571
v  -8.7806 58.7492 -10.2148
v  -7.2861 58.2351 -11.3652
v  -5.8146 57.7782 -10.1622
v  -5.3548 57.7022 -6.6234
v  -9.3094 58.9969 -6.6935
v  -0.2685 50.2337 -8.1290
v  1.1735 49.7608 -8.5918
v  0.0527 53.1526 -7.9889
v  1.5394 53.2117 -8.4973
v  3.0261 53.6495 -7.9888
v  2.6955 50.4336 -8.1288
v  3.5318 52.1965 -8.8270
v  -1.7669 53.6211 -9.4103
v  -0.8737 51.7441 -8.8272
v  -1.5780 54.3450 -9.2149
v  1.5394 54.9170 -9.6058
v  1.4868 54.1804 -9.8297
v  3.8960 55.3106 -8.8382
v  3.9797 54.5613 -9.0062
v  3.6338 55.0232 -8.5822
v  1.5394 54.6733 -9.2644
v  -1.3159 54.1451 -8.9170
v  1.3290 51.9705 -9.5905
v  -0.4676 53.6070 -8.8178
v  1.5394 53.9426 -9.1508
v  3.5465 54.2778 -8.4971
v  2.1077 51.0223 -8.2240
v  2.9528 50.8157 -8.1947
v  3.1209 45.0663 -10.2441
v  2.5191 44.0574 -10.7809
v  3.3018 43.9902 -12.3787
v  -1.4783 42.7029 -11.6930
v  0.5051 42.7452 -12.5209
v  0.6212 43.3519 -10.5009
v  2.5093 43.3370 -10.7811
v  2.2926 43.1467 -12.7988
v  3.2945 43.2697 -12.3787
v  3.5021 49.9477 -8.2208
v  3.2576 49.5021 -9.4712
v  3.7092 48.9579 -9.3334
v  2.0973 49.6288 -9.5495
v  0.7915 51.0218 -8.1969
v  0.8623 49.6292 -9.3175
v  -0.8589 50.1552 -8.2248
v  -0.3646 48.6647 -9.4345
v  2.3189 44.6460 -13.1571
v  1.6071 44.7086 -13.7119
v  1.7099 46.1293 -13.4167
v  2.5913 46.1211 -12.9458
v  2.3340 47.5944 -12.4668
v  1.5461 47.9720 -12.6180
v  3.7135 47.5200 -9.8416
v  4.0474 47.5253 -9.3598
v  3.4678 45.8484 -10.2053
v  4.3718 45.6038 -9.4995
v  4.6215 44.0358 -9.6130
v  -1.9300 45.6702 -8.1535
v  -1.6881 47.5653 -8.2522
v  -0.8548 47.0615 -9.6378
v  -2.1363 44.1262 -8.0734
v  -1.0214 45.7486 -9.7817
v  -1.1597 44.9570 -9.8862
v  4.9859 45.6153 -7.9460
v  4.5737 47.5441 -7.7935
v  5.3121 44.0522 -8.0699
v  0.7868 46.1009 -13.2504
v  0.7035 44.5883 -13.6320
v  -0.3979 44.4250 -13.3235
v  -0.3523 45.9976 -12.7710
v  0.8618 47.9340 -12.5557
v  -0.0861 47.4818 -12.0368
v  0.6378 43.6486 -14.6342
v  1.5248 43.6958 -14.9101
v  2.8421 48.2746 -10.9995
v  1.9134 49.0041 -10.9778
v  3.1369 46.8362 -11.3586
v  3.1277 44.9673 -11.8776
v  0.6297 44.0695 -10.5008
v  -1.4666 43.4180 -11.6928
v  -1.3176 44.4159 -11.6434
v  -0.5816 47.6716 -11.0059
v  -1.1390 46.2749 -11.2745
v  0.7841 48.9852 -10.7475
v  2.5444 43.9051 -13.7661
v  -0.6492 43.5066 -13.8679
v  1.5241 42.9763 -14.9101
v  2.5421 43.1857 -13.7661
v  0.6363 42.9292 -14.6342
v  -0.6519 42.7874 -13.8679
v  -3.5913 36.5326 -11.7472
v  -5.2864 35.3937 -9.9295
v  -4.6278 36.7100 -9.7513
v  2.9082 18.7691 -9.0760
v  -1.3635 18.7691 -8.7665
v  -1.3241 18.7691 -10.8778
v  2.4278 18.7691 -12.1150
v  7.2547 18.7691 -9.1154
v  6.4106 18.7691 -12.1410
v  -4.2073 37.2177 -8.0485
v  -4.0688 37.2617 -9.7129
v  -4.8436 36.6987 -8.2532
v  -3.0326 37.0836 -11.7091
v  -3.6510 31.6113 -12.6588
v  -4.8453 31.2692 -10.0839
v  -5.3126 31.6634 -10.1245
v  -4.1355 32.0065 -12.4904
v  -5.3690 31.1445 -8.2451
v  -5.8366 31.5381 -8.2857
v  -4.7968 18.5506 -10.6495
v  -3.3187 18.3852 -13.5360
v  -0.9726 18.5506 -16.3300
v  -5.1328 18.5506 -8.6893
v  1.9679 18.5506 -17.7022
v  5.0610 18.5444 -16.8184
v  7.6102 18.3853 -14.4351
v  9.5591 18.5506 -11.3152
v  -1.7117 26.5000 -17.4802
v  -2.5635 20.8054 -20.8015
v  -6.1999 20.9101 -16.6841
v  -4.6715 26.5244 -14.2905
v  1.8817 26.1765 -19.1751
v  1.8436 20.8054 -22.7772
v  -0.6483 37.1309 -13.4587
v  -0.2455 42.6616 -11.9867
v  1.7404 42.6309 -12.6277
v  1.8383 37.0273 -14.3598
v  -2.3278 42.6697 -10.8062
v  4.6505 42.8610 -11.2009
v  5.4001 44.5017 -8.9749
v  5.4565 42.9023 -10.1333
v  10.0537 26.4427 -12.0285
v  12.7742 21.2543 -13.2941
v  10.0634 20.9181 -18.1028
v  8.0393 26.5026 -15.3790
v  10.5793 26.5134 -9.6046
v  13.8548 21.1368 -10.2575
v  -8.2243 20.8162 -12.5606
v  -6.0740 26.3395 -11.0062
v  -3.2019 42.6142 -9.3678
v  -3.2181 42.5183 -7.9276
v  -2.8126 44.1812 -7.7982
v  -2.7165 44.4439 -9.2707
v  6.2283 20.8054 -21.5707
v  5.2551 26.5524 -18.0736
v  3.4340 42.4481 -12.3456
v  5.7161 37.0188 -12.3818
v  4.0225 36.7463 -13.9492
v  0.2217 47.3996 -10.4970
v  0.3717 49.1273 -10.6212
v  1.7293 49.1264 -10.7560
v  1.7787 47.4353 -10.6162
v  -1.1522 47.3819 -10.3754
v  -0.5329 48.6297 -10.5179
v  -1.7303 47.6099 -9.2447
v  -1.0643 49.0325 -9.1579
v  2.9762 47.4659 -10.5124
v  3.8626 47.4973 -10.6192
v  2.8295 48.9814 -10.7117
v  3.5343 48.5625 -10.4919
v  0.3561 49.9365 -9.4279
v  1.6831 49.9397 -9.4723
v  2.7645 49.9377 -9.4529
v  3.6458 49.4602 -9.5187
v  4.2196 48.3349 -9.4307
v  -4.7299 17.8950 -10.6238
v  -3.3680 17.8950 -13.5103
v  -9.3648 20.7378 -9.4093
v  -5.1653 17.8950 -8.7035
v  7.6469 17.8950 -14.4739
v  9.5765 17.8950 -11.3167
v  10.5190 18.5506 -8.9924
v  10.5730 17.8950 -9.0334
v  4.9733 17.8950 -16.8318
v  1.9653 17.8950 -17.6810
v  -0.9675 17.8950 -16.3121
v  0.4045 47.9328 -8.9460
v  -0.9638 47.6610 -8.9070
v  -0.8625 44.6796 -8.6167
v  0.5873 45.0957 -8.7041
v  2.9091 47.6401 -9.1050
v  2.9654 44.6193 -8.8963
v  5.7658 43.0381 -9.0024
v  -6.7527 26.3747 -8.6706
v  -5.7979 34.1908 -8.3237
v  -4.0140 33.0309 -12.3280
v  -5.2302 32.8912 -10.0439
v  -5.7127 32.7416 -8.2928
v  -3.4966 32.9946 -12.4218
v  -5.0850 35.0689 -9.9100
v  -5.5968 33.8669 -8.3040
v  1.7330 47.7417 -9.0780
v  1.7796 44.7978 -8.8536
v  1.2758 23.8613 -23.9899
v  1.8765 22.6916 -24.7273
v  1.9656 20.8440 -25.0638
v  1.2231 22.4222 -24.2322
v  1.8765 22.1529 -23.7371
v  1.2758 23.4381 -23.1808
v  2.3386 23.4381 -23.1808
v  2.5300 22.4222 -24.2322
v  2.3386 23.8613 -23.9899
v  0.1295 46.0404 -11.1735
v  -0.3258 45.5932 -10.8300
v  1.1971 45.8717 -10.5879
v  1.1838 46.4982 -10.9153
v  2.7010 45.5800 -10.8300
v  2.2195 46.0352 -11.1735
v  2.3058 44.6884 -10.8633
v  1.1893 44.6776 -10.7447
v  0.0647 44.7017 -10.8633
v  0.7960 26.9144 -22.3598
v  1.6092 27.0177 -22.5674
v  2.4225 26.9144 -22.3598
v  2.3328 32.3699 -19.9479
v  1.3351 32.4889 -20.2045
v  0.3374 32.3699 -19.9479
v  2.6936 26.6044 -21.7372
v  2.4225 26.2943 -21.1146
v  2.3328 31.6560 -18.4083
v  2.6654 32.0130 -19.1781
v  1.6092 26.1910 -20.9070
v  0.7960 26.2943 -21.1146
v  0.3374 31.6560 -18.4083
v  1.3351 31.5370 -18.1517
v  0.5249 26.6044 -21.7372
v  0.0048 32.0130 -19.1781
v  2.2878 34.8344 -18.7272
v  1.2031 34.9632 -19.0072
v  1.1913 35.4946 -18.7258
v  2.2782 35.3584 -18.4443
v  1.1732 36.9951 -17.9090
v  2.2515 36.8330 -17.6267
v  0.1011 36.8330 -17.6267
v  0.1061 35.3584 -18.4443
v  0.1189 34.8344 -18.7272
v  2.2938 34.0618 -17.0472
v  2.6530 34.4481 -17.8872
v  2.6554 34.9498 -17.5999
v  2.3022 34.5413 -16.7556
v  2.6669 36.3469 -16.7797
v  2.3417 35.8607 -15.9326
v  0.1154 34.0618 -17.0472
v  1.2048 33.9331 -16.7672
v  1.1979 34.4051 -16.4741
v  0.0919 34.5413 -16.7556
v  1.1979 35.6987 -15.6503
v  0.0479 35.8607 -15.9326
v  -0.2451 34.4481 -17.8872
v  -0.2662 34.9498 -17.5999
v  -0.2959 36.3469 -16.7797
v  2.2073 43.6951 -13.6227
v  1.1013 43.9767 -13.8702
v  1.1381 45.9358 -12.0838
v  2.4427 45.6316 -11.9520
v  -0.1542 45.6389 -11.9520
v  0.0141 43.7019 -13.6227
v  2.5180 42.0210 -12.1376
v  2.7717 42.8558 -12.8801
v  3.0026 44.7221 -11.5565
v  2.6397 43.8221 -11.1610
v  -0.1976 42.0376 -12.1376
v  1.1708 41.7512 -11.8901
v  1.1778 43.5338 -11.0292
v  -0.2971 43.8447 -11.1610
v  -0.5002 42.8716 -12.8801
v  -0.6859 44.7452 -11.5565
v  1.1297 40.4085 -16.0512
v  2.1878 40.1872 -15.7669
v  0.0868 40.1882 -15.7669
v  2.6884 39.5242 -14.9138
v  2.4248 38.8617 -14.0607
v  1.1906 38.6420 -13.7764
v  -0.0593 38.8641 -14.0607
v  -0.3687 39.5266 -14.9138
v  1.2254 34.4573 -19.2589
v  2.2969 34.3320 -18.9827
v  0.1538 34.3320 -18.9827
v  2.6541 33.9563 -18.1540
v  2.2969 33.5806 -17.3253
v  1.2254 33.4553 -17.0491
v  0.1538 33.5806 -17.3253
v  -0.2033 33.9563 -18.1540
v  2.2298 0.7279 -12.1529
v  2.8525 0.6449 -12.1568
v  2.8526 0.5450 -11.6483
v  2.2264 0.6449 -11.6483
v  2.8526 0.6449 -11.1399
v  2.2298 0.7279 -11.1436
v  3.4756 0.7281 -11.1436
v  3.4789 0.6448 -11.6483
v  3.4756 0.7281 -12.1530
v  0.5150 25.7391 -13.6851
v  0.5008 25.8223 -11.6446
v  2.8511 25.9226 -11.6450
v  2.8518 25.8158 -13.6993
v  5.2008 25.8379 -11.6448
v  5.1871 25.7532 -13.6853
v  5.1870 25.7515 -9.6050
v  2.8510 25.8219 -9.5914
v  0.5148 25.7370 -9.6043
v  1.9931 4.2222 -13.1016
v  1.3667 13.2213 -13.9237
v  2.8528 13.2213 -14.0244
v  2.8528 4.2140 -13.1849
v  4.3390 13.2213 -13.9237
v  3.7125 4.2222 -13.1016
v  4.9493 22.2204 -14.5788
v  2.8530 22.2287 -14.6633
v  0.7567 22.2205 -14.5788
v  4.4969 4.2219 -12.3652
v  5.4052 13.2213 -12.9271
v  5.5059 13.2213 -11.6483
v  4.5801 4.2136 -11.6483
v  5.4052 13.2213 -10.3695
v  4.4969 4.2219 -10.9314
v  6.1471 22.2296 -9.8305
v  6.2316 22.2349 -11.6512
v  6.1465 22.2223 -13.4734
v  3.7125 4.2223 -10.1950
v  4.3390 13.2213 -9.3728
v  2.8528 13.2213 -9.2722
v  2.8528 4.2140 -10.1117
v  1.3667 13.2213 -9.3728
v  1.9931 4.2222 -10.1950
v  0.7565 22.2236 -8.7216
v  2.8536 22.2311 -8.6363
v  4.9491 22.2244 -8.7229
v  1.2087 4.2219 -10.9314
v  0.3005 13.2213 -10.3695
v  0.1998 13.2213 -11.6483
v  1.1255 4.2136 -11.6483
v  0.3005 13.2213 -12.9271
v  1.2087 4.2219 -12.3652
v  -0.4403 22.2219 -13.4732
v  -0.5248 22.2324 -11.6503
v  -0.4407 22.2263 -9.8283
v  1.7565 0.9776 -12.1415
v  1.8485 1.0777 -12.4919
v  2.2397 0.9779 -12.5847
v  1.4583 4.2471 -12.8520
v  0.5575 25.4852 -14.5931
v  -0.3783 25.3959 -14.4836
v  -0.4890 25.4996 -13.6450
v  -0.1862 22.1958 -14.3251
v  5.1458 25.4968 -14.5935
v  6.0800 25.4254 -14.4846
v  5.8923 22.1959 -14.3251
v  6.1902 25.5263 -13.6461
v  3.9488 0.9778 -12.1416
v  3.8569 1.0779 -12.4919
v  4.2473 4.2471 -12.8520
v  3.4657 0.9781 -12.5847
v  6.1906 25.5149 -9.6476
v  6.0808 25.4072 -8.8111
v  5.8919 22.2024 -8.9796
v  5.1457 25.4961 -8.7005
v  3.4657 0.9781 -10.7119
v  3.8569 1.0779 -10.8047
v  4.2473 4.2471 -10.4446
v  3.9489 0.9778 -11.1550
v  0.5573 25.4828 -8.6991
v  -0.3782 25.3878 -8.8081
v  -0.1864 22.2008 -8.9771
v  -0.4890 25.4939 -9.6450
v  1.7565 0.9776 -11.1550
v  1.8485 1.0777 -10.8047
v  1.4583 4.2471 -10.4446
v  2.2397 0.9779 -10.7119
v  1.7259 0.9442 -11.6483
v  2.8527 0.9447 -10.6810
v  3.9795 0.9445 -11.6483
v  2.8527 0.9447 -12.6156
v  2.8522 25.5126 -14.6300
v  6.2271 25.2295 -11.6496
v  2.8518 25.5161 -8.6637
v  -0.5259 25.5321 -11.6449
v  5.1030 13.2213 -13.6218
v  0.6027 13.2213 -13.6218
v  5.1030 13.2213 -9.6748
v  0.6027 13.2213 -9.6748
v  14.0136 59.0739 -11.5002
v  18.1014 57.1909 -13.3685
v  18.6309 56.3568 -10.5290
v  12.8406 58.8570 -8.9775
v  19.5921 57.1909 -7.8051
v  15.1178 59.0739 -7.3792
v  24.0158 56.6056 -9.7634
v  24.8529 55.5248 -12.1962
v  22.9116 56.6056 -13.8844
v  14.9732 62.7814 -11.7573
v  14.1361 63.8622 -9.3246
v  20.3581 63.0302 -10.9918
v  19.3969 62.1961 -13.7156
v  26.1483 60.5299 -12.5433
v  23.8712 60.3131 -14.1415
v  24.9754 60.3131 -10.0205
v  20.8876 62.1960 -8.1523
v  16.0774 62.7814 -7.6363
v  12.7430 61.3596 -11.9327
v  18.5007 59.6935 -14.4693
v  24.7553 58.0274 -15.1514
v  27.5027 57.4720 -12.9062
v  26.2460 58.0274 -9.5880
v  20.4883 59.6935 -7.0515
v  11.4863 61.9150 -8.6146
v  14.0087 59.0739 -19.5481
v  16.9239 57.1909 -22.9689
v  18.6038 56.3568 -20.6192
v  14.0118 58.8570 -16.7660
v  20.6262 57.1909 -18.5568
v  16.7511 59.0739 -16.2798
v  23.8078 56.6056 -22.2011
v  23.5383 55.5248 -24.7597
v  21.0654 56.6056 -25.4693
v  14.7697 62.7814 -20.1866
v  15.0391 63.8622 -17.6280
v  19.9736 63.0302 -21.7686
v  17.9513 62.1961 -23.8309
v  24.5657 60.5299 -25.6217
v  21.8264 60.3131 -26.1079
v  24.5688 60.3131 -22.8396
v  21.6535 62.1961 -19.4188
v  17.5121 62.7814 -16.9184
v  12.6744 61.3596 -19.4031
v  16.8206 59.6935 -24.1353
v  22.2009 58.0274 -27.3968
v  25.6398 57.4720 -26.5230
v  25.9031 58.0274 -22.9847
v  21.7569 59.6935 -18.2524
v  16.3766 61.3596 -14.9909
v  12.9377 61.9150 -15.8647
v  11.9889 58.9190 -21.1499
v  14.3137 57.7080 -21.9700
v  16.6837 57.7495 -15.3127
v  14.3589 58.9606 -14.4927
v  14.8467 65.1199 -22.2060
v  17.2166 65.1615 -15.5487
v  19.5414 63.9504 -16.3688
v  17.1715 63.9089 -23.0260
v  12.7832 58.3484 -13.8058
v  15.2150 57.1374 -14.2097
v  15.7809 64.5493 -14.3496
v  17.0799 64.5951 -6.6656
v  19.5117 63.3841 -7.0695
v  18.2128 63.3382 -14.7535
v  -14.9916 76.4218 -26.9110
v  -15.2170 75.2197 -30.4125
v  -15.9730 74.7488 -30.2392
v  -15.8268 75.8233 -26.6958
v  -14.3044 77.0632 -22.6782
v  -13.3216 76.9120 -22.6713
v  -13.9156 76.1182 -26.8615
v  -13.1970 75.2899 -26.6381
v  -12.8229 76.2734 -22.4969
v  -15.8349 71.7558 -35.2495
v  -15.5390 73.1232 -29.7620
v  -16.1093 73.8543 -29.9617
v  -16.1787 72.3383 -35.4130
v  -12.8819 76.2475 -17.3354
v  -13.7069 76.2556 -17.3050
v  -14.5854 75.0564 -22.0567
v  -13.6258 74.8899 -22.0442
v  -14.0280 76.9805 -17.5127
v  -15.1197 75.8368 -22.2728
v  -14.7628 73.3300 -35.7709
v  -14.4144 72.7264 -35.6012
v  -14.4015 71.9769 -35.3738
v  -15.0283 71.7043 -35.2659
v  -16.1962 73.1088 -35.6467
v  -15.5609 73.3853 -35.7560
v  -13.6789 74.2751 -30.1863
v  -14.2510 75.0144 -30.3884
v  -12.8957 75.3171 -22.2032
v  -13.4339 74.3141 -26.3319
v  -14.2691 73.7157 -26.1167
v  -12.6347 77.8298 -17.8265
v  -13.5098 77.8048 -17.7840
v  -12.2071 77.3679 -14.6122
v  -14.0681 77.6087 -17.7022
v  -15.0112 76.6513 -22.5249
v  -12.2734 76.4768 -17.4293
v  -12.3905 77.4107 -17.7087
v  -14.5697 72.9194 -29.7385
v  -13.8170 73.3889 -29.9113
v  -16.0638 74.8476 -26.3896
v  -15.3452 74.0193 -26.1662
v  -16.3812 76.1025 -25.1544
v  -16.6066 74.5999 -28.5377
v  -17.3626 74.1458 -28.3241
v  -17.2164 75.5251 -24.8878
v  -15.6940 77.1104 -20.9936
v  -14.7112 76.9604 -20.9736
v  -15.3052 75.8044 -25.0786
v  -14.5866 74.9987 -24.7839
v  -14.2125 76.3395 -20.7442
v  -17.2245 70.7275 -33.0545
v  -16.9287 72.5680 -27.7070
v  -17.4989 73.2789 -27.9697
v  -17.5683 71.2936 -33.2681
v  -14.2715 76.7635 -15.6000
v  -15.0965 76.7742 -15.5705
v  -15.9750 75.1654 -20.1995
v  -15.0154 75.0006 -20.1726
v  -15.4176 77.4782 -15.8405
v  -16.5093 75.9240 -20.4828
v  -16.1524 72.2503 -33.7111
v  -15.8040 71.6638 -33.4894
v  -15.7911 70.9370 -33.1975
v  -16.4179 70.6748 -33.0663
v  -17.5858 72.0408 -33.5681
v  -16.9505 72.3067 -33.7011
v  -15.0685 73.6785 -28.2301
v  -15.6406 74.3975 -28.4959
v  -14.2853 75.4124 -20.3682
v  -14.8235 74.0534 -24.3938
v  -15.6587 73.4760 -24.1272
v  -14.0243 78.2970 -16.2271
v  -14.8994 78.2757 -16.1827
v  -13.5967 78.1170 -12.9848
v  -15.4577 78.0875 -16.0841
v  -16.4008 76.7135 -20.8049
v  -13.6630 76.9837 -15.7135
v  -13.7801 77.8897 -16.0733
v  -15.9593 72.3671 -27.6659
v  -15.2066 72.8197 -27.8789
v  -17.4534 74.5798 -24.4977
v  -16.7348 73.7741 -24.2030
v  -16.7228 75.6147 -21.9800
v  -17.2733 73.6477 -25.0757
v  -18.0010 73.2341 -24.7254
v  -17.5232 75.0871 -21.5521
v  -15.6318 77.1992 -18.0942
v  -14.6508 77.0466 -18.1510
v  -15.6425 75.3227 -21.9700
v  -14.8923 74.5620 -21.6368
v  -14.1274 76.4611 -17.8864
v  -18.3104 69.1768 -28.9115
v  -17.4965 71.7571 -23.9365
v  -18.0951 72.4274 -24.2395
v  -18.6778 69.7092 -29.1682
v  -13.6767 77.6129 -12.8748
v  -14.4947 77.6337 -12.7651
v  -15.8184 75.3891 -17.0075
v  -14.8597 75.2229 -17.0531
v  -14.8461 78.2943 -13.0993
v  -16.3836 76.1034 -17.3412
v  -17.3198 70.5830 -29.8815
v  -16.9470 70.0315 -29.6145
v  -16.8999 69.3535 -29.2249
v  -17.5086 69.1171 -28.9960
v  -18.7304 70.4062 -29.5681
v  -18.1134 70.6459 -29.8002
v  -15.7057 72.7685 -24.7949
v  -16.3065 73.4464 -25.1019
v  -14.1558 75.5974 -17.3770
v  -15.0825 73.6835 -21.0946
v  -15.8829 73.1559 -20.6667
v  -13.5042 79.0398 -13.7352
v  -14.3703 79.0313 -13.6013
v  -12.7545 79.3198 -10.5591
v  -14.9147 78.8631 -13.4218
v  -16.3134 76.8383 -17.7815
v  -13.0842 77.8104 -13.0786
v  -13.2429 78.6568 -13.5501
v  -16.5264 71.5571 -23.9640
v  -15.8020 71.9694 -24.3131
v  -17.7133 74.2085 -21.0099
v  -16.9632 73.4478 -20.6766
v  -16.2011 75.8932 -15.0454
v  -17.0523 73.5146 -16.7370
v  -17.4443 73.4492 -16.2274
v  -16.6223 75.7759 -14.4032
v  -14.9554 77.6931 -13.1501
v  -14.2596 77.4649 -13.3611
v  -15.4067 75.5841 -15.1883
v  -14.7296 75.1096 -14.8854
v  -13.7752 77.1087 -13.1104
v  -17.7212 70.4407 -17.3357
v  -16.7902 72.7019 -15.3526
v  -17.3140 73.0933 -15.6361
v  -18.0888 70.7475 -17.5993
v  -12.7342 78.9938 -10.1723
v  -13.2906 79.1347 -9.9196
v  -14.6741 76.8807 -11.7847
v  -13.9903 76.6498 -11.9787
v  -13.6763 79.4986 -10.2809
v  -15.2158 77.3038 -12.1148
v  -17.3694 70.9365 -18.6734
v  -16.9938 70.6200 -18.3978
v  -16.8095 70.2968 -17.9245
v  -17.1669 70.2844 -17.5550
v  -18.2811 71.0804 -18.0846
v  -17.9188 71.0931 -18.4592
v  -15.8515 72.8849 -16.6259
v  -16.3793 73.2811 -16.9153
v  -13.5998 76.7111 -12.4786
v  -14.6602 74.7311 -14.1898
v  -15.0814 74.6138 -13.5476
v  -12.9388 79.6304 -11.2573
v  -13.5212 79.7654 -10.9679
v  -11.8971 80.4960 -9.3525
v  -13.8505 79.7744 -10.6685
v  -15.3339 77.6345 -12.6672
v  -12.3789 78.9907 -10.5085
v  -12.6764 79.4102 -11.0667
v  -16.1148 72.4685 -15.5334
v  -15.7252 72.5338 -16.0405
v  -16.5529 75.3975 -13.7077
v  -15.8758 74.9230 -13.4047
v  -16.4873 74.7822 4.6721
v  -15.7086 73.8319 7.7640
v  -16.0683 74.5919 7.9767
v  -16.8403 75.7149 4.9202
v  -16.5028 76.2054 1.4815
v  -15.6159 75.8535 1.2778
v  -15.4349 74.5201 4.4631
v  -14.3841 74.8922 4.3879
v  -14.8587 76.1659 1.2330
v  -14.0951 74.2538 11.6939
v  -14.8286 75.7807 8.0460
v  -15.6771 75.4229 8.0946
v  -14.7014 73.9129 11.7106
v  -15.1382 78.8276 -2.0142
v  -15.8202 79.2249 -1.8308
v  -15.6216 78.0881 1.7494
v  -14.7454 77.7617 1.5526
v  -16.4870 78.7485 -1.8338
v  -16.4897 77.6664 1.7875
v  -14.0903 72.3516 11.2924
v  -13.4685 72.7087 11.2767
v  -13.0411 73.3577 11.3510
v  -13.4041 73.9034 11.5191
v  -15.1443 73.2477 11.6352
v  -14.7764 72.6945 11.4649
v  -13.9674 73.8983 7.5235
v  -14.8229 73.5331 7.5716
v  -14.3833 77.0354 1.3467
v  -14.0360 75.8616 4.5413
v  -14.3889 76.7944 4.7894
v  -15.8153 77.3228 -2.2323
v  -16.5200 77.7737 -2.0344
v  -15.3618 79.1024 -4.2857
v  -16.8694 78.2188 -1.8895
v  -16.8541 76.9062 1.6805
v  -14.7661 78.3288 -2.1737
v  -15.3817 77.5695 -2.2437
v  -13.9407 75.4785 7.8526
v  -13.5831 74.7219 7.6409
v  -16.4922 76.6844 5.0736
v  -15.4414 77.0564 4.9984
v  5.8437 58.4175 -6.6158
v  1.6895 50.2329 -7.0542
v  2.4156 50.3542 -7.0542
v  2.4156 50.3542 -6.5986
v  1.6895 50.2329 -6.5986
v  0.1181 59.6352 -7.0542
v  0.1181 59.6352 -6.5986
v  0.8442 59.7565 -6.5986
v  0.8442 59.7565 -7.0542
v  0.5383 51.0543 -7.0542
v  0.5383 51.0543 -6.5986
v  -0.7034 58.4840 -6.5986
v  -0.7034 58.4840 -7.0542
v  1.5246 51.2192 -5.5986
v  2.2507 51.3405 -5.5986
v  1.0090 58.7702 -5.5986
v  0.2829 58.6489 -5.5986
v  3.2370 51.5054 -6.5986
v  3.2370 51.5054 -7.0542
v  1.9953 58.9351 -7.0542
v  1.9953 58.9351 -6.5986
v  2.2507 51.3405 -8.0542
v  1.5246 51.2192 -8.0542
v  0.2829 58.6489 -8.0542
v  1.0090 58.7702 -8.0542
v  0.9085 50.3558 -7.0542
v  1.0112 50.4997 -7.6792
v  1.6483 50.4794 -7.8042
v  2.3743 50.6008 -7.8042
v  2.9702 50.8271 -7.6792
v  3.1141 50.7244 -7.0542
v  3.1141 50.7244 -6.5986
v  2.9702 50.8271 -5.9736
v  2.3743 50.6008 -5.8486
v  1.6483 50.4794 -5.8486
v  1.0112 50.4997 -5.9736
v  0.9085 50.3558 -6.5986
v  0.1593 59.3886 -7.8042
v  -0.4366 59.1623 -7.6792
v  -0.5805 59.2650 -7.0542
v  -0.5805 59.2650 -6.5986
v  -0.4366 59.1623 -5.9736
v  0.1593 59.3886 -5.8486
v  0.8854 59.5100 -5.8486
v  1.5224 59.4897 -5.9736
v  1.6251 59.6336 -6.5986
v  1.6251 59.6336 -7.0542
v  1.5224 59.4897 -7.6792
v  0.8854 59.5100 -7.8042
v  0.7849 51.0956 -7.8042
v  0.7849 51.0956 -5.8486
v  -0.4568 58.5252 -5.8486
v  -0.4568 58.5252 -7.8042
v  2.9904 51.4642 -5.8486
v  1.7487 58.8939 -5.8486
v  2.9904 51.4642 -7.8042
v  1.7487 58.8939 -7.8042
v  -1.0817 31.5808 1.8528
v  -0.9500 33.3735 1.3716
v  1.9124 31.5975 2.9926
v  1.8880 33.4135 2.4241
v  4.5578 31.6156 2.3476
v  4.4035 33.1078 1.9240
v  6.7065 31.7070 0.3811
v  6.4302 33.2319 0.1652
v  8.3217 31.7433 -1.9821
v  8.0108 33.1169 -2.1173
v  8.5887 31.7434 -3.9970
v  8.2619 33.0540 -4.0217
v  8.9420 31.7443 -6.5845
v  8.6216 32.9969 -6.5852
v  8.5890 31.7435 -9.1721
v  8.2471 33.1077 -9.1481
v  8.3223 31.7436 -11.1871
v  7.9907 33.1848 -10.9329
v  6.7078 31.7072 -13.5506
v  6.4667 33.0055 -13.2712
v  4.5587 31.6158 -15.5503
v  4.3867 32.9709 -15.0371
v  1.9134 31.5976 -16.1955
v  1.8892 33.2811 -15.6242
v  -1.0943 31.5770 -15.0560
v  -0.9811 33.0056 -14.6380
v  7.0599 37.2007 -10.8513
v  7.2125 37.2157 -9.0649
v  7.5406 37.2219 -6.5777
v  7.2518 37.1203 -4.0846
v  6.9098 37.2770 -2.5052
# 3246 vertices

vn -0.4864 -0.8082 0.3321
vn -0.5457 -0.8260 0.1413
vn -0.3976 -0.8979 0.1890
vn -0.3645 -0.8144 0.4516
vn -0.5739 -0.8156 0.0737
vn -0.4379 -0.8942 0.0926
vn -0.3215 -0.9400 0.1140
vn -0.2978 -0.9222 0.2468
vn -0.2740 -0.8061 0.5244
vn -0.5875 -0.8068 0.0618
vn -0.4540 -0.8893 0.0551
vn -0.5917 -0.8062 -0.0000
vn -0.4551 -0.8904 -0.0000
vn -0.3279 -0.9434 0.0490
vn -0.2545 -0.9278 0.2728
vn -0.2463 -0.8005 0.5464
vn -0.2590 -0.9580 0.1232
vn -0.2570 -0.9653 0.0465
vn -0.3272 -0.9450 -0.0000
vn -0.2547 -0.9670 -0.0000
vn -0.7493 0.5098 0.4226
vn -0.5431 0.6238 0.5620
vn -0.5872 0.7373 0.3340
vn -0.8042 0.5262 0.2763
vn -0.3053 0.7118 0.6326
vn -0.3129 0.8674 0.3868
vn -0.3079 0.9272 0.2134
vn -0.5965 0.7762 0.2042
vn -0.8219 0.5371 0.1897
vn -0.2052 0.7190 0.6640
vn -0.1768 0.8951 0.4092
vn -0.1622 0.9623 0.2182
vn -0.5806 0.8074 0.1054
vn -0.8220 0.5574 0.1167
vn -0.2907 0.9529 0.0871
vn -0.1491 0.9856 0.0792
vn -0.3815 -0.5927 0.7093
vn -0.6300 -0.6112 0.4791
vn -0.2663 -0.5753 0.7734
vn -0.2708 -0.4154 0.8684
vn -0.4102 -0.4200 0.8096
vn -0.7224 -0.3861 0.5737
vn -0.2382 -0.5725 0.7846
vn -0.2391 -0.4115 0.8795
vn -0.4190 -0.3316 0.8453
vn -0.7484 -0.2676 0.6069
vn -0.2671 -0.3276 0.9063
vn -0.2619 -0.2309 0.9371
vn -0.4267 -0.2217 0.8768
vn -0.7656 -0.1584 0.6235
vn -0.2375 -0.3181 0.9178
vn -0.2357 -0.2259 0.9452
vn -0.4948 0.3844 0.7793
vn -0.2923 0.4323 0.8531
vn -0.7795 0.3347 0.5295
vn -0.7871 0.1413 0.6005
vn -0.4599 0.1369 0.8774
vn -0.2823 0.1414 0.9489
vn -0.4395 -0.0653 0.8959
vn -0.2688 -0.0847 0.9595
vn -0.7802 -0.0191 0.6252
vn -0.2385 0.4268 0.8723
vn -0.2523 0.1386 0.9577
vn -0.2448 -0.0851 0.9658
vn -0.7756 -0.6065 0.1750
vn -0.7879 -0.6098 0.0863
vn -0.9144 -0.3274 0.2380
vn -0.9386 -0.3244 0.1175
vn -0.9482 -0.1720 0.2670
vn -0.9778 -0.1547 0.1411
vn -0.9581 -0.0787 0.2755
vn -0.9861 -0.0640 0.1531
vn -0.7895 -0.6089 0.0769
vn -0.9374 -0.3355 0.0938
vn -0.9417 -0.3364 0.0000
vn -0.7944 -0.6074 -0.0000
vn -0.9812 -0.1629 0.1032
vn -0.9919 -0.0676 0.1073
vn -0.9977 -0.0682 0.0000
vn -0.9865 -0.1640 0.0000
vn -0.9146 0.3096 0.2603
vn -0.9366 0.3041 0.1741
vn -0.9768 0.1386 0.1633
vn -0.9531 0.1410 0.2679
vn -0.9448 0.3063 0.1165
vn -0.8212 0.5706 -0.0000
vn -0.9506 0.3105 0.0000
vn -0.9842 0.1368 0.1120
vn -0.9615 0.0206 0.2741
vn -0.9870 0.0257 0.1584
vn -0.9937 0.0240 0.1092
vn -0.9906 0.1368 -0.0000
vn -0.9997 0.0233 -0.0000
vn -0.2110 -0.8023 0.5584
vn -0.2037 -0.9393 0.2760
vn -0.1547 -0.9471 0.2811
vn -0.1579 -0.8109 0.5634
vn -0.1896 -0.9742 0.1227
vn -0.1439 -0.9819 0.1230
vn -0.0033 -0.9930 0.1182
vn -0.0055 -0.9599 0.2804
vn -0.0009 -0.8215 0.5703
vn -0.1807 -0.9826 0.0430
vn -0.1366 -0.9897 0.0428
vn -0.1782 -0.9840 -0.0000
vn -0.1347 -0.9909 -0.0000
vn -0.0006 -0.9992 0.0405
vn 0.7261 -0.6745 0.1335
vn 0.7052 -0.6664 0.2421
vn 0.5324 -0.8142 0.2314
vn 0.5464 -0.8300 0.1119
vn 0.6705 -0.6315 0.3895
vn 0.5302 -0.7125 0.4595
vn 0.3615 -0.7728 0.5216
vn 0.3537 -0.9005 0.2530
vn 0.3608 -0.9261 0.1106
vn 0.1826 -0.9449 0.2715
vn 0.1812 -0.9768 0.1144
vn 0.1929 -0.8081 0.5566
vn 0.7361 -0.6737 0.0654
vn 0.5547 -0.8304 0.0523
vn 0.3662 -0.9295 0.0447
vn 0.3676 -0.9300 0.0000
vn 0.5577 -0.8301 0.0000
vn 0.1822 -0.9824 0.0410
vn 0.0000 -1.0000 -0.0000
vn 0.1825 -0.9832 0.0000
vn -0.1208 0.7652 0.6323
vn -0.0914 0.7524 0.6524
vn -0.0522 0.9122 0.4063
vn -0.0779 0.9148 0.3962
vn 0.0375 0.7687 0.6385
vn 0.0491 0.9141 0.4025
vn 0.0514 0.9755 0.2140
vn -0.0344 0.9764 0.2132
vn -0.0573 0.9767 0.2066
vn -0.0279 0.9969 0.0730
vn -0.0493 0.9963 0.0705
vn 0.0506 0.9960 0.0735
vn 0.4321 0.7021 0.5660
vn 0.5936 0.6309 0.4996
vn 0.5695 0.7391 0.3598
vn 0.4001 0.8340 0.3799
vn 0.6942 0.5665 0.4441
vn 0.7117 0.6096 0.3490
vn 0.7212 0.6566 0.2208
vn 0.5571 0.8029 0.2118
vn 0.3778 0.9016 0.2109
vn 0.5500 0.8310 0.0836
vn 0.3689 0.9263 0.0772
vn 0.7186 0.6884 0.0983
vn 0.2336 0.7533 0.6148
vn 0.2153 0.8931 0.3950
vn 0.2002 0.9563 0.2132
vn 0.1919 0.9786 0.0747
vn -0.1515 -0.5785 0.8014
vn -0.2033 -0.5682 0.7974
vn 0.0043 -0.5863 0.8101
vn 0.0030 -0.4208 0.9071
vn -0.1501 -0.4151 0.8973
vn -0.2002 -0.4100 0.8898
vn -0.1520 -0.3172 0.9361
vn -0.2015 -0.3155 0.9273
vn 0.0006 -0.3197 0.9475
vn -0.0000 -0.2322 0.9727
vn -0.1556 -0.2286 0.9610
vn -0.2055 -0.2272 0.9519
vn 0.5540 -0.5202 0.6500
vn 0.3764 -0.5544 0.7423
vn 0.7200 -0.4939 0.4875
vn 0.7502 -0.3551 0.5578
vn 0.5802 -0.3723 0.7244
vn 0.3931 -0.3987 0.8285
vn 0.6043 -0.2642 0.7517
vn 0.4116 -0.2960 0.8620
vn 0.7694 -0.2336 0.5945
vn 0.7925 -0.1040 0.6010
vn 0.6300 -0.1591 0.7601
vn 0.4308 -0.2007 0.8798
vn 0.2004 -0.5780 0.7911
vn 0.2030 -0.4168 0.8860
vn 0.2068 -0.3149 0.9263
vn 0.2141 -0.2247 0.9506
vn 0.6304 0.4532 0.6302
vn 0.7512 0.4384 0.4935
vn 0.4582 0.4803 0.7479
vn 0.4629 0.1923 0.8653
vn 0.6548 0.2095 0.7261
vn 0.7989 0.2406 0.5512
vn 0.2445 0.5032 0.8288
vn 0.0197 0.5045 0.8632
vn 0.0067 0.1781 0.9840
vn 0.2401 0.1852 0.9529
vn 0.6504 -0.0169 0.7594
vn 0.8094 0.0454 0.5855
vn 0.4484 -0.0583 0.8919
vn 0.2257 -0.0817 0.9708
vn 0.0010 -0.0906 0.9959
vn -0.1382 0.4726 0.8704
vn -0.1799 0.4811 0.8580
vn -0.2177 0.1546 0.9637
vn -0.1627 0.1583 0.9739
vn -0.1627 -0.0908 0.9825
vn -0.2163 -0.0925 0.9719
vn 0.8131 -0.4970 0.3033
vn 0.8442 -0.5071 0.1735
vn 0.9007 -0.3750 0.2194
vn 0.8566 -0.3590 0.3707
vn 0.8567 -0.5092 0.0817
vn 0.7408 -0.6718 0.0000
vn 0.8615 -0.5077 0.0000
vn 0.9167 -0.3866 0.1010
vn 0.8813 -0.2179 0.4193
vn 0.9400 -0.2181 0.2624
vn 0.9595 -0.0236 0.2809
vn 0.9000 -0.0531 0.4326
vn 0.9665 -0.2241 0.1249
vn 0.9208 -0.3899 0.0000
vn 0.9740 -0.2267 0.0000
vn 0.9902 -0.0141 0.1390
vn 0.8165 0.4506 0.3609
vn 0.8444 0.4803 0.2373
vn 0.8802 0.2778 0.3848
vn 0.9168 0.3081 0.2541
vn 0.9043 0.1100 0.4124
vn 0.9510 0.1495 0.2706
vn 0.8515 0.5111 0.1175
vn 0.9350 0.3295 0.1312
vn 0.9411 0.3381 0.0000
vn 0.8514 0.5246 0.0000
vn 0.9768 0.1639 0.1379
vn 0.9999 -0.0129 -0.0000
vn 0.9860 0.1667 -0.0000
vn -0.2235 -0.9736 -0.0453
vn -0.3966 -0.8610 -0.3185
vn -0.1241 -0.8653 -0.4856
vn 0.0549 -0.9753 -0.2140
vn 0.1493 0.8382 0.5245
vn 0.4216 0.8336 0.3570
vn 0.2468 0.9660 0.0776
vn -0.0350 0.9680 0.2486
vn 0.3719 -0.4183 0.8287
vn 0.6068 -0.4149 0.6780
vn 0.6464 -0.1778 0.7420
vn 0.4147 -0.1798 0.8920
vn 0.9099 -0.1486 -0.3872
vn 0.7834 -0.0706 -0.6175
vn 0.8218 0.1324 -0.5542
vn 0.9474 0.0619 -0.3141
vn -0.4240 0.0820 -0.9020
vn -0.6517 0.0810 -0.7541
vn -0.6271 0.3232 -0.7088
vn -0.3920 0.3259 -0.8603
vn -0.9393 -0.0929 0.3303
vn -0.7820 -0.1766 0.5978
vn -0.8684 0.0537 0.4930
vn -0.8312 0.0289 0.5552
vn -0.7307 0.0769 0.6783
vn -0.8819 -0.0230 0.4709
vn -0.9080 0.1643 0.3855
vn -0.9525 -0.0907 0.2907
vn -0.7945 -0.1605 0.5857
vn -0.7366 0.0902 0.6703
vn -0.0055 0.8329 0.5535
vn -0.1260 0.9566 0.2626
vn -0.0888 0.9690 0.2306
vn 0.0323 0.8460 0.5322
vn -0.4572 0.4751 -0.7518
vn -0.4903 0.2647 -0.8304
vn -0.4639 0.2499 -0.8499
vn -0.4299 0.4836 -0.7624
vn 0.1684 -0.2934 0.9411
vn 0.2076 -0.1903 0.9595
vn 0.3316 -0.1652 0.9289
vn 0.3595 -0.3355 0.8708
vn 0.1913 -0.0857 0.9778
vn 0.2276 -0.0825 0.9703
vn -0.8800 -0.1418 0.4532
vn -0.8969 0.1611 0.4118
vn -0.8486 -0.0351 0.5279
vn -0.4869 0.2926 -0.8230
vn -0.4566 0.0416 -0.8887
vn -0.4633 0.0813 -0.8825
vn -0.4517 0.3093 -0.8369
vn 0.8945 -0.1755 -0.4112
vn 0.7303 -0.0941 -0.6766
vn 0.8364 -0.0223 -0.5477
vn 0.8669 -0.0432 -0.4965
vn 0.7834 0.1617 -0.6001
vn 0.8486 0.0302 -0.5281
vn 0.9410 0.0761 -0.3297
vn 0.8842 0.0270 -0.4663
vn -0.3625 -0.8658 -0.3450
vn -0.3031 -0.9119 -0.2765
vn -0.2052 -0.8894 -0.4084
vn -0.3283 -0.8730 -0.3606
vn -0.3028 -0.9371 -0.1735
vn -0.1146 -0.9531 -0.2803
vn -0.8861 0.0183 0.4632
vn -0.7389 0.0097 0.6738
vn -0.7252 0.0646 0.6855
vn -0.8882 0.1460 0.4357
vn -0.9189 -0.1149 0.3774
vn -0.9033 -0.1774 0.3906
vn -0.7606 -0.0338 0.6484
vn -0.2563 -0.9468 -0.1947
vn -0.3589 -0.7953 -0.4885
vn 0.2909 -0.0843 0.9530
vn 0.2719 -0.3271 0.9050
vn 0.0748 0.8309 0.5513
vn -0.1484 0.9620 0.2291
vn -0.0914 0.9741 0.2068
vn 0.0545 0.8515 0.5214
vn 0.4975 -0.7559 -0.4257
vn 0.4299 -0.6233 -0.6532
vn 0.3953 -0.6661 -0.6325
vn 0.4637 -0.8000 -0.3807
vn 0.3236 0.0506 -0.9449
vn 0.3430 0.2159 -0.9142
vn 0.3131 0.2352 -0.9202
vn 0.2923 0.0520 -0.9549
vn 0.5270 0.8455 -0.0860
vn 0.5668 0.7880 0.2403
vn 0.5306 0.7962 0.2908
vn 0.4869 0.8731 -0.0234
vn 0.4603 -0.1948 0.8662
vn 0.4587 -0.4025 0.7922
vn 0.4292 -0.3981 0.8107
vn 0.4338 -0.1889 0.8810
vn -0.1166 -0.9878 0.1034
vn -0.2528 -0.9540 0.1611
vn -0.3654 -0.9300 0.0400
vn -0.5224 -0.8247 -0.2167
vn -0.5655 -0.7473 -0.3488
vn -0.4626 -0.7627 -0.4520
vn -0.2167 -0.7678 -0.6029
vn -0.0804 -0.7572 -0.6482
vn 0.0212 -0.8311 -0.5557
vn 0.1953 -0.9319 -0.3056
vn 0.2621 -0.9538 -0.1471
vn 0.1423 -0.9885 -0.0505
vn 0.0005 0.8066 0.5911
vn 0.0991 0.7237 0.6830
vn 0.2382 0.7328 0.6374
vn 0.4853 0.7275 0.4850
vn 0.5890 0.7136 0.3793
vn 0.5453 0.7999 0.2506
vn 0.3962 0.9182 -0.0036
vn 0.2822 0.9493 -0.1385
vn 0.1396 0.9871 -0.0778
vn -0.1282 0.9884 0.0813
vn -0.2539 0.9499 0.1824
vn -0.1743 0.9209 0.3487
vn 0.2405 -0.3974 0.8856
vn 0.2283 -0.5103 0.8292
vn 0.3547 -0.5338 0.7676
vn 0.5622 -0.5293 0.6354
vn 0.6667 -0.5021 0.5508
vn 0.7110 -0.3922 0.5836
vn 0.7451 -0.1776 0.6428
vn 0.7375 -0.0624 0.6724
vn 0.6416 -0.0518 0.7653
vn 0.4394 -0.0524 0.8968
vn 0.3134 -0.0637 0.9475
vn 0.2823 -0.1800 0.9423
vn 0.9485 -0.2093 -0.2377
vn 0.7899 -0.5344 -0.3008
vn 0.7380 -0.5049 -0.4477
vn 0.6413 -0.4039 -0.6524
vn 0.5219 -0.2475 -0.8163
vn 0.5565 0.0084 -0.8308
vn 0.5881 0.1784 -0.7888
vn 0.6194 0.5131 -0.5942
vn 0.7647 0.5657 -0.3085
vn 0.8573 0.5126 -0.0473
vn 0.9089 0.4081 0.0856
vn 0.9886 0.0037 -0.1504
vn -0.2948 0.0833 -0.9519
vn -0.3200 -0.0297 -0.9469
vn -0.4426 -0.0421 -0.8957
vn -0.6399 -0.0419 -0.7673
vn -0.7344 -0.0293 -0.6781
vn -0.7487 0.0822 -0.6578
vn -0.7316 0.2976 -0.6133
vn -0.6956 0.4171 -0.5850
vn -0.5893 0.4436 -0.6752
vn -0.3801 0.4476 -0.8094
vn -0.2483 0.4244 -0.8708
vn -0.2598 0.3016 -0.9173
vn -0.8561 0.2926 0.4259
vn -0.9124 0.3096 0.2678
vn -0.9553 0.1998 0.2181
vn -0.9919 -0.0230 0.1246
vn -0.9828 -0.1708 0.0705
vn -0.9356 -0.2336 0.2647
vn -0.7983 -0.2826 0.5319
vn -0.7116 -0.2894 0.6402
vn -0.6850 -0.1963 0.7016
vn -0.6224 0.0367 0.7818
vn -0.5977 0.1616 0.7852
vn -0.7045 0.2228 0.6738
vn 0.0156 0.6826 0.7307
vn -0.1539 0.5985 0.7862
vn -0.1681 0.7028 0.6913
vn -0.3334 0.8934 0.3011
vn -0.4344 0.8853 0.1658
vn -0.2153 0.9749 0.0567
vn -0.1534 0.9860 0.0652
vn -0.2638 0.9528 0.1505
vn -0.2332 0.9248 0.3007
vn -0.1227 0.8078 0.5766
vn -0.0352 0.7162 0.6970
vn 0.1102 0.7418 0.6615
vn -0.4933 0.6138 -0.6163
vn -0.6358 0.6013 -0.4839
vn -0.6261 0.5375 -0.5649
vn -0.6854 0.1728 -0.7074
vn -0.7254 0.0724 -0.6845
vn -0.5614 0.0923 -0.8224
vn -0.4532 0.1216 -0.8831
vn -0.5744 0.1325 -0.8078
vn -0.5833 0.2565 -0.7707
vn -0.5548 0.4668 -0.6887
vn -0.5130 0.5765 -0.6360
vn -0.3816 0.5916 -0.7102
vn 0.0929 -0.4405 0.8930
vn -0.1030 -0.4108 0.9059
vn -0.0424 -0.3372 0.9405
vn 0.0140 -0.0045 0.9999
vn -0.0183 0.0813 0.9965
vn 0.1534 0.0653 0.9860
vn 0.2372 0.0335 0.9709
vn 0.1215 0.0206 0.9924
vn 0.1076 -0.0853 0.9905
vn -0.5356 0.4454 -0.7174
vn -0.6883 0.4348 -0.5807
vn -0.6692 0.3659 -0.6467
vn -0.6073 -0.0078 -0.7945
vn -0.5958 -0.1887 -0.7807
vn -0.5078 -0.1371 -0.8505
vn -0.4455 -0.0341 -0.8946
vn -0.5543 -0.0218 -0.8320
vn -0.5749 0.0796 -0.8144
vn -0.5723 0.2904 -0.7669
vn -0.5417 0.4135 -0.7319
vn -0.4142 0.4273 -0.8036
vn -0.4526 -0.7296 -0.5127
vn -0.6636 -0.6622 -0.3481
vn -0.5776 -0.7757 -0.2544
vn -0.4693 -0.8461 -0.2528
vn -0.4794 -0.7760 -0.4099
vn -0.3746 -0.7724 -0.5129
vn -0.4748 -0.8749 0.0955
vn -0.4563 -0.8562 0.2423
vn -0.2911 -0.9503 0.1100
vn -0.9555 0.0582 0.2891
vn -0.9333 0.0910 0.3475
vn -0.9066 0.1158 0.4058
vn -0.6884 0.1015 0.7181
vn -0.4959 0.0768 0.8650
vn -0.5304 0.0322 0.8471
vn -0.6060 0.0364 0.7946
vn -0.6045 0.1581 0.7807
vn -0.7151 0.2014 0.6694
vn -0.8443 0.2612 0.4679
vn -0.8939 0.2913 0.3408
vn -0.9350 0.2019 0.2916
vn -0.9772 -0.0385 0.2090
vn -0.9665 -0.1927 0.1695
vn -0.8980 -0.2708 0.3467
vn -0.9096 -0.3545 0.2167
vn -0.9321 -0.3553 0.0709
vn -0.9689 -0.1874 0.1614
vn -0.1683 -0.9851 -0.0351
vn -0.3152 -0.9485 0.0301
vn -0.4091 -0.9034 -0.1282
vn -0.4928 -0.7657 -0.4133
vn -0.4993 -0.6808 -0.5358
vn -0.3882 -0.6819 -0.6199
vn 0.3027 0.0342 0.9525
vn 0.1899 0.0141 0.9817
vn 0.1682 -0.0889 0.9817
vn 0.1391 -0.2936 0.9457
vn 0.1289 -0.4167 0.8999
vn 0.2615 -0.4481 0.8549
vn 0.0962 0.6574 0.7474
vn -0.0019 0.5857 0.8105
vn -0.1054 0.7521 0.6505
vn -0.4074 0.8855 0.2232
vn -0.5117 0.8550 0.0843
vn -0.2845 0.9587 0.0053
vn -0.1640 0.9859 0.0327
vn -0.2717 0.9545 0.1231
vn -0.2322 0.9294 0.2869
vn -0.1011 0.8131 0.5733
vn -0.0055 0.7216 0.6922
vn 0.1428 0.7477 0.6485
vn 0.5322 -0.8191 -0.2140
vn 0.8258 -0.4034 -0.3941
vn 0.7655 -0.3965 -0.5068
vn 0.7025 -0.2841 -0.6525
vn 0.6462 -0.1354 -0.7511
vn 0.4383 -0.2501 -0.8634
vn 0.3565 -0.3223 -0.8769
vn 0.5208 -0.8222 -0.2296
vn 0.6212 0.0123 -0.7835
vn 0.6393 0.1275 -0.7583
vn 0.6988 0.2673 -0.6634
vn 0.5337 0.5060 -0.6776
vn 0.4543 0.6618 -0.5964
vn 0.8048 0.3916 -0.4461
vn 0.8830 0.4369 -0.1714
vn 0.9432 0.3224 -0.0804
vn 0.5970 0.6740 0.4352
vn 0.5705 0.6992 0.4309
vn 0.6072 -0.0308 0.7939
vn 0.7366 -0.0155 0.6762
vn 0.6914 -0.0928 0.7164
vn 0.7219 -0.4849 0.4937
vn 0.7507 -0.5183 0.4096
vn 0.6644 -0.5325 0.5244
vn 0.4254 -0.5069 0.7497
vn 0.5618 -0.4831 0.6716
vn 0.5452 -0.3625 0.7559
vn 0.5500 -0.2103 0.8083
vn 0.5660 -0.0814 0.8204
vn 0.4381 -0.0653 0.8965
vn -0.9250 -0.2293 0.3030
vn -0.7925 -0.3004 0.5307
vn -0.8159 0.2422 0.5249
vn -0.7756 0.2068 0.5964
vn -0.6680 -0.2166 0.7120
vn -0.6194 0.0096 0.7850
vn -0.9711 0.0912 0.2207
vn -0.9599 0.1477 0.2384
vn 0.0797 -0.1802 0.9804
vn 0.3456 -0.4621 0.8167
vn 0.1373 -0.1577 0.9779
vn -0.8793 -0.2694 0.3928
vn -0.8972 -0.2122 0.3873
vn -0.6943 0.2153 0.6867
vn -0.8496 0.2854 0.4435
vn -0.8685 -0.2325 0.4378
vn 0.8422 -0.2995 -0.4483
vn 0.7011 -0.2333 -0.6738
vn 0.6140 -0.0389 -0.7883
vn 0.6707 0.1958 -0.7154
vn 0.7917 0.2865 -0.5396
vn 0.9330 0.2113 -0.2914
vn 0.9827 0.0104 -0.1847
vn 0.9422 -0.2128 -0.2586
vn 0.9668 -0.1255 -0.2225
vn 0.9770 -0.0731 -0.2004
vn -0.4566 -0.8716 -0.1785
vn -0.4185 -0.8977 -0.1379
vn -0.0373 -0.9955 -0.0873
vn -0.6414 -0.0666 0.7643
vn -0.6800 -0.0864 0.7281
vn -0.9464 0.1924 0.2594
vn -0.9831 -0.0389 0.1787
vn -0.6717 -0.0367 0.7399
vn -0.2807 -0.7245 -0.6295
vn 0.3645 0.0144 0.9311
vn -0.6878 -0.3271 0.6480
vn -0.7652 0.0687 0.6401
vn -0.5872 0.1434 0.7966
vn -0.8927 0.1861 0.4104
vn 0.2717 -0.0753 0.9594
vn -0.9417 -0.0677 0.3296
vn -0.9049 0.2945 0.3074
vn 0.5845 -0.1754 -0.7922
vn 0.6948 0.2987 -0.6542
vn 0.9783 0.1397 -0.1527
vn 0.8963 -0.3227 -0.3041
vn -0.7937 -0.1509 0.5893
vn -0.9734 -0.1709 0.1523
vn -0.3538 -0.8544 -0.3805
vn 0.9849 -0.0195 0.1722
vn 0.7145 -0.6804 0.1627
vn 0.7448 -0.6673 0.0000
vn 0.9989 0.0472 0.0027
vn -0.7129 -0.6087 0.3482
vn -0.2123 -0.7928 0.5713
vn -0.4183 -0.6632 0.6207
vn -0.8194 -0.4128 0.3977
vn 0.2948 -0.6051 0.7395
vn -0.2642 -0.3213 0.9094
vn -0.8943 -0.1736 0.4124
vn 0.3440 -0.9140 0.2150
vn 0.3720 -0.9282 0.0000
vn 0.6807 0.7316 0.0384
vn 0.6708 0.5431 0.5051
vn 0.8320 0.5123 0.2130
vn 0.7633 0.6459 0.0149
vn 0.8095 0.5869 -0.0151
vn 0.6097 0.7923 -0.0244
vn 0.7380 0.6739 -0.0347
vn -0.9611 -0.1012 0.2569
vn -0.9884 -0.0808 0.1288
vn -0.8481 -0.5123 0.1348
vn -0.5526 -0.0408 0.8324
vn -0.9602 -0.2277 0.1618
vn -0.9884 0.1497 -0.0256
vn -0.9946 -0.0556 0.0874
vn -0.9098 -0.4030 0.0990
vn 0.3042 -0.7375 0.6030
vn 0.5944 -0.4828 0.6431
vn 0.6568 -0.1321 0.7424
vn 0.2490 -0.6864 0.6833
vn 0.7630 -0.0720 0.6424
vn 0.7272 0.2679 0.6320
vn 0.5200 0.6347 0.5715
vn 0.5848 0.2600 0.7684
vn -0.1588 -0.9548 0.2513
vn 0.0277 -0.8498 0.5264
vn 0.3065 -0.8450 0.4382
vn 0.6400 -0.6561 0.4000
vn 0.8867 -0.0880 0.4539
vn 0.7665 0.3995 0.5029
vn 0.5100 0.6251 0.5909
vn -0.7427 0.5522 0.3787
vn -0.7915 0.4296 0.4347
vn -0.9641 -0.0000 0.2654
vn -0.8703 0.2582 0.4193
vn -0.1219 0.4501 0.8846
vn -0.1248 0.8442 0.5212
vn -0.0743 0.7528 0.6541
vn 0.0459 0.5518 0.8327
vn -0.1532 0.2092 0.9658
vn -0.2333 0.3756 0.8969
vn -0.9975 0.0698 -0.0098
vn -0.7802 -0.4219 0.4618
vn -0.2748 0.9579 0.0830
vn -0.6900 0.6432 -0.3320
vn -0.1409 -0.1706 -0.9752
vn -0.3825 -0.3996 -0.8331
vn -0.5238 -0.8511 -0.0363
vn 0.0044 0.9953 -0.0969
vn 0.2313 0.9684 -0.0935
vn -0.2321 0.9606 -0.1530
vn -0.6066 0.7890 -0.0978
vn -0.7602 0.6487 -0.0362
vn -0.9620 0.2725 -0.0139
vn -0.9992 -0.0368 0.0165
vn -0.9982 -0.0217 -0.0559
vn -0.8281 -0.5606 -0.0000
vn 0.5389 0.5857 0.6054
vn 0.2828 0.2712 0.9201
vn 0.2283 0.2271 0.9467
vn -0.0163 0.9886 0.1496
vn 0.0612 0.3619 0.9302
vn 0.0545 0.1367 0.9891
vn -0.6264 0.5059 -0.5930
vn -0.0553 0.9777 -0.2027
vn -0.7790 -0.0174 -0.6268
vn -0.2326 -0.1588 -0.9595
vn -0.1674 0.2792 -0.9455
vn -0.4248 -0.8877 -0.1775
vn 0.0142 -0.6221 0.7828
vn 0.0480 -0.9054 0.4218
vn -0.1170 -0.6847 -0.7193
vn 0.0659 0.0336 0.9973
vn 0.0746 -0.1408 0.9872
vn -0.1027 0.9926 -0.0649
vn -0.0834 0.3813 0.9207
vn -0.0783 0.1835 0.9799
vn -0.1197 -0.1463 -0.9820
vn -0.0739 0.2468 -0.9662
vn -0.2778 -0.9487 0.1509
vn -0.1604 -0.4346 -0.8862
vn -0.0838 -0.1296 0.9880
vn 0.5784 0.8066 0.1218
vn 0.2915 0.9566 -0.0000
vn -0.6225 0.7755 -0.1054
vn -0.9650 0.2161 -0.1486
vn -0.3464 0.3335 0.8768
vn -0.3358 0.2236 0.9150
vn -0.3369 0.2333 0.9122
vn -0.2659 -0.1303 0.9552
vn -0.2729 -0.1030 0.9565
vn -0.1805 -0.5084 0.8420
vn -0.1791 -0.5176 0.8367
vn -0.2078 -0.8519 0.4807
vn -0.2146 -0.8750 0.4339
vn -0.2732 -0.9532 0.1295
vn -0.2740 -0.9530 0.1295
vn -0.3304 -0.9309 0.1558
vn -0.3535 -0.9184 0.1774
vn -0.3280 -0.9321 0.1535
vn -0.0000 -1.0000 0.0000
vn 0.0000 -1.0000 0.0000
vn 0.0000 1.0000 -0.0000
vn 1.0000 0.0000 -0.0000
vn 0.0000 0.0000 1.0000
vn -0.5785 0.4320 0.6919
vn -0.7216 0.5133 0.4644
vn -0.8429 -0.2706 0.4651
vn -0.7349 -0.2571 0.6275
vn -0.7793 0.5570 0.2873
vn -0.9004 -0.3149 0.3003
vn -0.2757 -0.9604 0.0408
vn -0.3414 -0.9387 0.0474
vn -0.4137 -0.9103 0.0127
vn -0.1822 0.1422 0.9729
vn -0.3392 0.1854 0.9223
vn -0.2739 -0.0144 0.9617
vn -0.1509 -0.0203 0.9883
vn -0.4224 0.2171 0.8800
vn -0.3869 -0.0396 0.9213
vn -0.0413 -0.8496 0.5258
vn 0.0150 -0.6262 0.7795
vn -0.0536 -0.4977 0.8657
vn -0.6835 0.6436 0.3443
vn -0.6837 0.7105 0.1665
vn -0.6081 0.7709 0.1896
vn -0.5871 0.6767 0.4443
vn -0.6990 0.7151 -0.0000
vn -0.6313 0.7755 -0.0000
vn -0.7863 0.5961 0.1624
vn -0.8003 0.5996 -0.0000
vn -0.5632 0.7864 0.2536
vn -0.5114 0.7843 0.3512
vn -0.5308 0.6921 0.4890
vn -0.6406 0.6271 0.4431
vn -0.5488 0.5687 0.6127
vn -0.3943 0.5461 0.7391
vn -0.5802 0.6730 0.4588
vn -0.6298 0.6252 0.4609
vn -0.5954 0.6151 0.5169
vn -0.4959 0.6559 0.5691
vn -0.5074 0.6528 0.5625
vn -0.5499 0.7619 0.3421
vn -0.5986 0.7406 0.3053
vn -0.5300 0.8191 0.2194
vn -0.0890 0.7419 0.6646
vn -0.1475 0.7437 0.6520
vn -0.1376 0.8929 0.4288
vn -0.0553 0.8642 0.5001
vn -0.1833 0.7170 0.6726
vn -0.2319 0.8820 0.4103
vn -0.2420 0.9699 0.0278
vn -0.1136 0.9898 0.0861
vn -0.0372 0.9903 0.1339
vn -0.6528 0.7299 -0.2030
vn -0.6379 0.7552 0.1506
vn -0.7266 0.6808 0.0924
vn -0.7218 0.6546 -0.2245
vn -0.7087 0.7044 0.0397
vn -0.7339 0.6342 -0.2432
vn 0.1743 0.9720 -0.1574
vn 0.1081 0.9710 0.2134
vn 0.1427 0.9646 0.2216
vn 0.1456 0.9734 -0.1770
vn 0.1644 0.8781 0.4494
vn 0.1104 0.8705 0.4797
vn -0.0555 0.8611 0.5053
vn -0.0543 0.9728 0.2252
vn -0.0443 0.9811 -0.1883
vn 0.4032 0.9005 0.1627
vn 0.4481 0.8784 0.1659
vn 0.2419 0.9579 0.1545
vn 0.1965 0.9227 0.3318
vn 0.4619 0.8869 0.0000
vn 0.2512 0.9679 0.0000
vn -0.0287 0.9907 0.1329
vn -0.0285 0.9996 -0.0000
vn -0.0392 0.9116 0.4092
vn 0.1377 0.0545 0.9890
vn 0.2633 -0.0055 0.9647
vn 0.3300 0.1066 0.9379
vn 0.1769 0.1433 0.9737
vn 0.3509 -0.0947 0.9316
vn 0.4566 0.0522 0.8882
vn 0.5855 0.1527 0.7962
vn 0.3647 0.1961 0.9102
vn 0.2027 0.2394 0.9495
vn 0.5784 -0.0752 0.8123
vn 0.6534 -0.0738 0.7534
vn 0.5170 -0.2418 0.8211
vn 0.6223 -0.2857 0.7287
vn 0.3581 0.3152 0.8789
vn 0.2095 0.3619 0.9084
vn 0.5136 0.2886 0.8080
vn 0.4606 0.5473 0.6988
vn 0.3240 0.5214 0.7894
vn 0.1898 0.5299 0.8266
vn 0.5224 0.7148 0.4649
vn 0.4200 0.8146 0.4000
vn 0.3644 0.7400 0.5653
vn 0.7073 0.6493 0.2795
vn 0.5073 0.8288 0.2361
vn 0.3781 0.8861 0.2681
vn 0.3308 0.8584 0.3922
vn 0.2304 0.8508 0.4723
vn 0.3079 0.8406 0.4456
vn 0.2586 0.8194 0.5116
vn -0.2196 0.4837 0.8473
vn -0.2109 0.3982 0.8927
vn -0.3574 0.5053 0.7854
vn -0.3733 0.6430 0.6687
vn -0.1756 0.3431 0.9227
vn -0.2982 0.4055 0.8641
vn -0.5288 0.6316 0.5670
vn -0.5788 0.7001 0.4181
vn -0.5500 0.8111 0.1992
vn -0.6091 -0.7917 0.0457
vn -0.6116 -0.7904 0.0351
vn -0.6534 -0.7568 0.0161
vn -0.6626 -0.7488 0.0166
vn -0.6089 -0.7933 -0.0000
vn -0.6515 -0.7586 -0.0000
vn -0.6502 -0.7597 0.0132
vn -0.3528 -0.9349 0.0385
vn -0.3458 -0.9363 0.0618
vn -0.3797 -0.9251 -0.0000
vn -0.3703 -0.9259 0.0741
vn -0.3922 -0.7771 0.4923
vn -0.2684 -0.4740 0.8386
vn -0.6924 -0.6327 0.3468
vn -0.7413 -0.6694 -0.0484
vn -0.1873 -0.4075 0.8938
vn -0.5267 -0.7873 0.3206
vn -0.6078 -0.7565 -0.2414
vn -0.1380 -0.4891 0.8612
vn -0.2374 -0.9363 0.2587
vn 0.0542 -0.9646 0.2581
vn 0.1180 -0.9684 -0.2197
vn -0.2381 -0.9414 -0.2390
vn -0.2246 -0.9737 -0.0372
vn -0.2618 -0.9650 -0.0147
vn -0.4560 -0.8896 0.0269
vn -0.4366 -0.8990 0.0342
vn -0.2754 -0.9613 -0.0000
vn -0.4640 -0.8859 -0.0000
vn -0.5055 0.6979 0.5073
vn -0.5726 0.5892 0.5701
vn -0.4480 0.5303 0.7198
vn -0.3717 0.6291 0.6827
vn -0.5494 0.5269 0.6485
vn -0.4862 0.5205 0.7019
vn -0.4130 0.5118 0.7533
vn -0.3583 0.5147 0.7789
vn -0.2732 0.5932 0.7573
vn -0.4372 0.4017 0.8047
vn -0.3980 0.4505 0.7991
vn -0.4436 0.4607 0.7688
vn -0.4772 0.4281 0.7674
vn -0.3508 0.4792 0.8045
vn -0.3637 0.5110 0.7789
vn -0.5020 0.7536 0.4243
vn -0.6050 0.6387 0.4754
vn -0.5884 0.5679 0.5755
vn 0.2673 0.6850 0.6778
vn 0.1660 0.8277 0.5360
vn 0.0700 0.8358 0.5446
vn 0.1385 0.6780 0.7219
vn -0.0220 0.9311 0.3641
vn -0.0174 0.8208 0.5709
vn 0.1685 0.8628 0.4767
vn 0.1905 0.9285 0.3186
vn -0.0345 0.7599 0.6491
vn 0.1039 0.8292 0.5492
vn -0.2135 0.4112 0.8862
vn -0.1706 0.4621 0.8703
vn -0.2394 0.4067 0.8816
vn -0.6635 0.7421 0.0950
vn -0.6428 0.6980 0.3156
vn -0.5671 0.8178 -0.0977
vn 0.0085 0.9751 0.2218
vn -0.0154 0.9910 0.1332
vn 0.0438 0.9093 0.4138
vn -0.0740 0.9438 0.3221
vn -0.0250 0.9812 0.1913
vn 0.1623 0.9791 -0.1225
vn 0.2433 0.9661 0.0857
vn -0.0512 0.9889 -0.1396
vn 0.4728 0.8742 0.1106
vn 0.3109 0.9419 0.1270
vn 0.2096 0.9033 0.3743
vn 0.1257 0.8360 0.5341
vn -0.0478 0.7869 0.6152
vn 0.2098 -0.8142 -0.5414
vn 0.2236 -0.9215 -0.3175
vn 0.0247 -0.9623 -0.2707
vn -0.0389 -0.9014 -0.4313
vn -0.3983 -0.7860 0.4728
vn -0.4756 -0.8263 0.3015
vn -0.2805 0.6483 0.7078
vn -0.4152 0.6421 0.6445
vn -0.2272 0.3624 0.9039
vn -0.1163 0.4836 0.8675
vn -0.1239 0.3082 0.9432
vn -0.0633 0.3384 0.9389
vn -0.2895 0.6724 0.6812
vn -0.5350 0.7096 0.4586
vn -0.3425 0.5150 0.7858
vn -0.4847 0.5448 0.6844
vn -0.2547 0.4184 0.8718
vn -0.4438 0.5001 0.7436
vn -0.3765 0.4386 0.8160
vn -0.2277 0.4214 0.8778
vn -0.2528 -0.9674 0.0177
vn 0.0778 -0.9941 -0.0761
vn 0.0595 -0.9874 -0.1468
vn -0.2380 -0.9713 -0.0000
vn 0.0843 -0.9964 -0.0000
vn 0.0699 -0.9932 -0.0932
vn 0.0679 -0.9977 0.0000
vn 0.0759 -0.9800 -0.1841
vn 0.7866 0.4084 0.4632
vn 0.6889 0.4123 0.5962
vn 0.6710 0.2647 0.6926
vn 0.8347 0.2997 0.4621
vn 0.5820 0.3250 0.7454
vn 0.5586 0.2211 0.7994
vn 0.5666 0.1392 0.8122
vn 0.6845 0.0928 0.7231
vn 0.8290 0.1478 0.5394
vn -0.1997 0.8703 0.4501
vn -0.1741 0.7243 0.6672
vn -0.2763 0.8301 0.4844
vn -0.2104 0.6574 0.7236
vn -0.2774 0.7807 0.5600
vn -0.2078 0.8283 0.5203
vn -0.4883 0.8513 0.1917
vn -0.3591 0.7202 0.5936
vn -0.5193 0.8277 -0.2125
vn -0.3742 0.8997 -0.2248
vn -0.3565 0.9140 0.1935
vn -0.2410 0.9464 -0.2152
vn -0.2459 0.9606 -0.1295
vn -0.3739 0.9180 -0.1322
vn -0.2843 0.8593 0.4251
vn -0.1951 0.8872 0.4181
vn -0.1515 0.7645 0.6265
vn -0.2038 0.7528 0.6259
vn -0.1563 0.6749 0.7212
vn -0.1301 0.6955 0.7066
vn -0.1373 0.5380 0.8317
vn -0.1870 0.6625 0.7253
vn -0.2072 0.6148 0.7610
vn -0.1379 0.5942 0.7924
vn -0.0829 0.9915 0.1007
vn -0.1998 0.9798 0.0111
vn -0.1371 0.8545 0.5010
vn -0.0301 0.8445 0.5347
vn -0.1077 0.6581 0.7451
vn 0.0122 0.6812 0.7320
vn -0.1232 0.5382 0.8337
vn 0.0322 0.5444 0.8382
vn -0.3141 0.4520 0.8349
vn -0.2665 0.5099 0.8179
vn -0.3533 0.3825 0.8537
vn -0.1829 0.3338 0.9247
vn -0.1567 0.4266 0.8908
vn -0.0098 0.1871 0.9823
vn -0.0221 0.0984 0.9949
vn 0.0045 0.2838 0.9589
vn -0.1917 0.2417 0.9512
vn 0.3335 -0.5717 0.7496
vn 0.3615 -0.6690 0.6495
vn 0.2401 -0.3299 0.9130
vn -0.3284 -0.9213 0.2082
vn -0.3293 -0.9426 0.0545
vn 0.1669 -0.1402 0.9759
vn 0.0709 -0.0675 0.9952
vn -0.0447 -0.0421 0.9981
vn -0.4313 0.2494 0.8670
vn -0.4761 -0.0468 0.8782
vn -0.4195 0.2504 0.8725
vn -0.5204 -0.1007 0.8480
vn -0.4785 0.2939 0.8275
vn -0.4886 0.3606 0.7945
vn -0.6752 -0.2123 0.7064
vn -0.6023 -0.1379 0.7863
vn -0.4778 -0.8774 0.0434
vn -0.5132 -0.8235 0.2418
vn -0.9381 -0.3078 0.1589
vn -0.9503 -0.3114 -0.0000
vn 0.8854 -0.3689 0.2829
vn 0.9065 -0.3670 0.2089
vn 0.9720 -0.1344 0.1926
vn 0.9549 -0.1424 0.2604
vn 0.9283 -0.3717 -0.0000
vn 0.9911 -0.1332 -0.0000
vn 0.9801 0.1031 0.1698
vn 0.9940 0.1090 -0.0000
vn 0.9690 0.0894 0.2302
vn 0.5648 0.8161 0.1226
vn 0.5762 0.8054 0.1393
vn 0.7403 0.6588 0.1339
vn 0.7465 0.6550 0.1172
vn 0.7566 0.6539 0.0000
vn 0.5940 0.8045 0.0000
vn -0.7418 0.6628 0.1022
vn -0.5900 0.6018 0.5382
vn -0.6707 0.7417 -0.0036
vn -0.7223 0.6901 0.0458
vn -0.6002 0.7901 0.1249
vn -0.3248 0.7952 0.5120
vn -0.4118 0.9104 0.0399
vn 0.3214 -0.9422 -0.0948
vn 0.2491 -0.9334 0.2582
vn -0.0641 -0.9958 -0.0653
vn -0.0288 -0.9909 -0.1314
vn -0.0765 -0.9971 -0.0000
vn -0.2577 0.5937 0.7623
vn -0.3794 0.7796 0.4983
vn -0.2414 0.9500 0.1978
vn -0.5210 0.8482 -0.0953
vn -0.3842 0.8108 0.4415
vn -0.2673 0.7307 0.6282
vn -0.0687 0.6934 0.7173
vn -0.1278 0.6359 0.7612
vn -0.3794 0.9195 -0.1024
vn -0.3074 0.8391 0.4488
vn -0.2368 0.5934 0.7693
vn 0.0227 0.3962 0.9179
vn -0.4444 0.3359 0.8305
vn -0.3643 0.2970 0.8827
vn -0.2180 0.9673 0.1296
vn -0.2200 0.9755 -0.0000
vn -0.3264 0.9364 0.1285
vn -0.3331 0.9429 -0.0000
vn -0.1451 0.4842 0.8629
vn -0.3055 0.4408 0.8440
vn -0.3821 0.3908 0.8374
vn -0.4405 0.3904 0.8084
vn -0.4775 0.5124 0.7137
vn -0.4364 0.4214 0.7950
vn 0.8645 0.0552 0.4995
vn 0.8745 0.3300 0.3555
vn 0.6925 0.2833 0.6635
vn 0.7124 0.2425 0.6585
vn 0.7110 0.3316 0.6201
vn 0.6685 0.3948 0.6303
vn 0.6870 0.3076 0.6583
vn 0.7775 0.2958 0.5550
vn 0.7408 0.3463 0.5756
vn 0.7130 0.0414 0.7000
vn 0.6958 0.2901 0.6570
vn 0.0874 0.8440 0.5292
vn -0.0380 0.8162 0.5765
vn 0.0600 0.8003 0.5965
vn -0.0145 0.7375 0.6752
vn 0.0101 0.7518 0.6593
vn -0.0297 0.7370 0.6753
vn 0.0010 0.8312 0.5560
vn 0.5627 0.8201 0.1043
vn 0.7455 0.6553 0.1216
vn 0.9132 0.3573 0.1958
vn 0.9071 0.3792 0.1826
vn 0.9580 0.0641 0.2795
vn 0.9272 -0.1592 0.3390
vn 0.8239 -0.1588 0.5440
vn 0.7490 -0.3319 0.5734
vn 0.8517 -0.3683 0.3729
vn 0.4375 -0.8407 0.3192
vn 0.4469 -0.8592 0.2493
vn 0.3863 -0.7851 0.4841
vn -0.3534 -0.9293 0.1074
vn -0.3644 -0.9277 0.0810
vn -0.6733 -0.7391 -0.0202
vn -0.6865 -0.7182 -0.1132
vn -0.6104 -0.7918 -0.0214
vn -0.6095 -0.7924 0.0263
vn -0.4111 -0.9116 0.0062
vn -0.3707 -0.9267 -0.0615
vn -0.0973 -0.9697 -0.2242
vn -0.1707 -0.9800 -0.1024
vn 0.0239 -0.9721 -0.2334
vn 0.0899 -0.9204 -0.3804
vn 0.1088 -0.8748 -0.4720
vn 0.0879 -0.9464 -0.3107
vn 0.0339 -0.9609 -0.2747
vn 0.0164 -0.8876 -0.4603
vn 0.3126 -0.8706 -0.3799
vn 0.2475 -0.8488 -0.4672
vn 0.0643 -0.9215 -0.3830
vn 0.1051 -0.9204 -0.3767
vn -0.2292 -0.8945 -0.3838
vn -0.2578 -0.9177 -0.3024
vn -0.5770 -0.7592 -0.3011
vn -0.5606 -0.7169 -0.4145
vn -0.6881 -0.5969 -0.4127
vn -0.6909 -0.6197 -0.3722
vn -0.3895 0.3837 0.8373
vn -0.4474 0.2520 0.8581
vn -0.5454 -0.1448 0.8256
vn -0.4461 -0.8759 0.1840
vn -0.0270 -0.8713 -0.4899
vn 0.1444 -0.8176 -0.5573
vn 0.1663 -0.8663 -0.4710
vn -0.0099 -0.9445 -0.3284
vn -0.3137 -0.9356 -0.1618
vn -0.6038 -0.7875 -0.1238
vn -0.6987 -0.6759 -0.2344
vn -0.3542 -0.9303 0.0955
vn 0.3398 -0.7151 0.6109
vn 0.6431 -0.2880 0.7096
vn 0.7004 -0.1254 0.7027
vn 0.4784 -0.8587 0.1838
vn 0.5033 -0.8641 0.0000
vn 0.9099 0.3912 0.1378
vn 0.9180 0.3967 0.0000
vn -0.7319 0.6709 0.1194
vn -0.7396 0.6731 0.0000
vn -0.6390 0.7605 0.1152
vn -0.6518 0.7584 -0.0000
vn -0.4652 0.8768 0.1215
vn -0.4762 0.8793 -0.0000
vn 0.0715 0.0345 0.9968
vn 0.0252 -0.0027 0.9997
vn -0.0204 -0.0393 0.9990
vn -0.0087 -0.0530 0.9986
vn 0.0886 -0.0106 0.9960
vn 0.1018 -0.1376 0.9852
vn 0.0708 -0.2282 0.9710
vn -0.0246 -0.3927 0.9193
vn -0.0522 -0.4101 0.9105
vn -0.0505 -0.3682 0.9284
vn -0.0540 -0.3735 0.9261
vn -0.1648 -0.5350 0.8287
vn -0.1020 -0.4456 0.8894
vn -0.2615 -0.6624 0.7020
vn -0.1342 -0.7060 0.6954
vn 0.1342 0.7060 -0.6954
vn 0.0844 0.4440 0.8920
vn 0.9869 -0.1614 -0.0000
vn -0.0844 -0.4440 -0.8920
vn -0.9869 0.1614 0.0000
vn -0.5044 -0.8605 0.0716
vn -0.5442 -0.8386 -0.0247
vn -0.3330 -0.9425 -0.0272
vn -0.3279 -0.9366 0.1237
vn -0.5249 -0.8512 0.0000
vn -0.3343 -0.9425 0.0000
vn -0.0958 -0.9947 -0.0365
vn -0.1406 -0.9880 0.0643
vn 0.1419 0.9818 0.1264
vn 0.3286 0.9277 0.1775
vn 0.3329 0.9426 0.0278
vn 0.0961 0.9950 0.0283
vn 0.5052 0.8551 0.1167
vn 0.5447 0.8385 0.0159
vn 0.0078 -0.0317 0.9995
vn -0.7329 0.2386 0.6371
vn 0.7444 -0.2779 0.6072
vn 0.9441 -0.3265 -0.0459
vn -0.1263 -0.9920 0.0000
vn 0.9522 -0.3055 0.0000
vn -0.9448 0.3277 0.0052
vn 0.1220 0.9925 -0.0000
vn -0.9390 0.3440 -0.0000
vn -0.5306 -0.5474 0.6472
vn -0.6865 -0.7271 -0.0001
vn 0.0236 -0.9997 -0.0000
vn 0.0283 -0.6710 0.7409
vn 0.2068 0.8754 -0.4370
vn -0.1547 0.8361 -0.5262
vn -0.1706 0.9853 0.0000
vn 0.3536 0.9354 0.0000
vn -0.4639 0.7602 -0.4549
vn -0.5959 0.8031 0.0000
vn 0.5605 -0.5393 0.6285
vn 0.6929 -0.7211 0.0000
vn 0.9484 -0.3170 0.0000
vn 0.6397 -0.2752 0.7177
vn -0.6484 -0.0382 0.7603
vn -0.9954 -0.0959 -0.0000
vn -0.8943 -0.4474 -0.0000
vn -0.5592 -0.3608 0.7464
vn 0.0531 0.0419 0.9977
vn -0.1157 0.9189 0.3772
vn -0.3736 0.8273 0.4195
vn 0.6547 0.0182 0.7557
vn 0.2495 0.8661 0.4332
vn -0.5955 0.5059 -0.6241
vn -0.1559 0.4535 -0.8775
vn 0.3014 0.7861 -0.5396
vn 1.0000 -0.0095 0.0000
vn 0.4772 0.8788 -0.0000
vn 0.5177 0.8555 0.0000
vn -0.5162 0.8565 -0.0000
vn 0.0519 -0.2419 0.9689
vn -0.1199 0.3948 -0.9109
vn 0.2991 0.6010 -0.7411
vn -0.6290 0.3634 -0.6873
vn -0.8571 0.5152 0.0000
vn -0.9247 0.3806 0.0000
vn 0.5638 0.8259 0.0000
vn 0.0868 0.8758 0.4748
vn 0.5073 0.7576 0.4106
vn 0.6170 0.7869 0.0000
vn 0.1685 0.9857 -0.0000
vn 0.6839 -0.5613 -0.4661
vn 0.1343 -0.9166 -0.3765
vn 0.0917 -0.9890 -0.1156
vn 0.8526 0.4502 0.2652
vn 0.8911 0.4539 0.0000
vn 0.5828 0.5073 0.6348
vn 0.7900 0.2886 0.5410
vn 0.0396 0.5575 0.8292
vn -0.2312 0.8532 0.4675
vn -0.1841 0.4878 0.8533
vn -0.6675 0.5808 0.4659
vn -0.5658 0.3075 0.7651
vn -0.2573 0.9663 0.0000
vn -0.7845 0.6202 0.0000
vn 0.4794 0.3062 0.8225
vn 0.3918 0.1799 0.9023
vn 0.1540 0.2028 0.9670
vn 0.1841 0.3857 0.9041
vn 0.3325 0.2888 0.8978
vn 0.0653 0.2890 0.9551
vn 0.6121 0.1416 0.7780
vn 0.7883 0.1969 0.5829
vn 0.5108 0.0594 0.8576
vn 0.4096 0.0271 0.9119
vn 0.7444 0.1297 0.6551
vn 0.7167 0.1208 0.6868
vn -0.9181 0.1183 0.3783
vn -0.8888 0.1997 0.4126
vn -0.9783 0.2071 -0.0000
vn -0.9925 0.1226 -0.0000
vn -0.7505 0.1519 0.6432
vn -0.9382 0.1230 0.3234
vn -0.8324 0.1182 0.5414
vn -0.8107 0.1088 0.5753
vn 0.9249 0.1902 0.3292
vn 0.9267 0.2659 0.2655
vn 0.9565 0.2916 0.0000
vn 0.9207 0.1880 0.3420
vn 0.9793 0.2025 -0.0001
vn 0.9789 0.2043 0.0000
vn -0.2341 0.2446 0.9409
vn -0.3435 0.2594 0.9026
vn -0.3228 0.3941 0.8605
vn -0.2408 0.4008 0.8840
vn -0.2439 0.2929 0.9245
vn -0.4081 0.3064 0.8600
vn -0.2589 0.5816 0.7712
vn 0.0756 0.6313 0.7718
vn 0.3127 0.6756 0.6677
vn 0.7988 0.2469 0.5487
vn 0.9382 -0.0006 0.3462
vn 0.1347 -0.9588 -0.2502
vn -0.1316 -0.6288 -0.7664
vn -0.9875 0.1472 -0.0563
vn -0.9482 0.3137 0.0502
vn -0.5920 0.6774 0.4367
vn -0.0854 0.8532 0.5145
vn 0.4758 0.5478 0.6881
vn -0.9922 0.1246 0.0000
vn -0.3449 0.5231 0.7794
vn 0.9954 -0.0950 -0.0137
vn -0.9862 0.0861 -0.1412
vn 0.4649 0.6145 0.6374
vn 0.8158 0.2514 0.5209
vn 0.8512 0.0159 0.5246
vn 0.1723 -0.9850 -0.0024
vn 0.1708 -0.9846 0.0375
vn 0.0269 -0.9969 0.0733
vn -0.8337 0.2717 0.4808
vn -0.7442 0.3423 0.5736
vn -0.5658 0.6319 0.5297
vn -0.1051 0.7682 0.6315
vn 0.6775 0.4252 0.6002
vn -0.8015 0.1625 0.5755
vn 0.1145 -0.0023 -0.9934
vn -0.0866 -0.4740 -0.8763
vn -0.4065 0.0083 -0.9136
vn -0.8970 0.0114 0.4419
vn -0.4206 0.0017 0.9072
vn -0.2350 0.0007 0.9720
vn 0.6584 -0.0024 0.7526
vn 0.8203 -0.0066 0.5719
vn 0.8431 -0.0129 -0.5376
vn -0.7829 0.2364 0.5755
vn -0.8651 0.3817 0.3256
vn -0.9059 0.3729 0.2010
vn 0.0008 -0.9995 -0.0322
vn 0.0602 -0.9968 -0.0518
vn 0.0310 -0.9995 -0.0025
vn -0.0449 -0.9989 -0.0153
vn -0.0652 -0.9954 -0.0707
vn 0.0296 -0.9996 0.0007
vn -0.0366 -0.9993 -0.0015
vn -0.6654 0.7457 0.0346
vn -0.6669 0.7442 0.0369
vn -0.6722 0.6985 0.2455
vn -0.6649 0.6860 0.2954
vn -0.6224 0.6240 0.4726
vn -0.6076 -0.6220 0.4939
vn -0.6243 -0.6792 0.3859
vn -0.6215 -0.6676 0.4099
vn -0.6511 -0.7322 0.1999
vn -0.6499 -0.7313 0.2072
vn -0.6679 -0.7442 0.0001
vn 0.3703 -0.6865 -0.6257
vn 0.5925 -0.6339 -0.4970
vn 0.6667 -0.6740 -0.3182
vn 0.7348 -0.6605 -0.1545
vn 0.0430 -0.7050 -0.7079
vn -0.5016 -0.7924 -0.3472
vn -0.4706 -0.7194 -0.5108
vn -0.2785 -0.7461 -0.6047
vn -0.7274 0.3326 0.6002
vn -0.7483 -0.2194 0.6260
vn -0.4870 -0.2275 0.8433
vn -0.4589 0.3643 0.8104
vn -0.0544 -0.2164 0.9748
vn -0.0491 0.3979 0.9161
vn -0.0448 0.2240 0.9736
vn -0.0341 0.2469 0.9684
vn -0.2847 0.2109 0.9351
vn -0.3723 0.1991 0.9065
vn -0.6016 0.1783 0.7787
vn -0.6093 0.1947 0.7687
vn 0.8034 0.2617 0.5348
vn 0.9572 0.2538 0.1393
vn 0.5957 0.2310 0.7692
vn 0.6404 0.3774 0.6689
vn 0.6896 -0.1925 0.6981
vn 0.8609 -0.1251 0.4932
vn 0.8121 0.3951 0.4294
vn 0.9532 -0.1306 0.2728
vn 0.8917 0.4075 0.1969
vn -0.8586 0.3216 0.3993
vn -0.8663 -0.2397 0.4383
vn -0.9268 0.2015 0.3169
vn -0.8684 0.4888 0.0834
vn -0.8819 0.4670 -0.0645
vn -0.9804 0.1962 0.0155
vn 0.3877 0.3903 0.8351
vn 0.4009 -0.2129 0.8911
vn 0.2986 0.2353 0.9249
vn 0.3635 0.2281 0.9033
vn 0.6405 0.2243 0.7345
vn -0.1421 0.0878 0.9860
vn -0.0148 0.1048 0.9944
vn 0.0034 0.3802 0.9249
vn -0.2135 0.4246 0.8799
vn -0.5426 0.2060 0.8144
vn -0.4391 0.3054 0.8450
vn -0.9053 0.3030 -0.2978
vn -0.6790 0.6254 -0.3845
vn 0.1316 0.1014 0.9861
vn 0.5609 0.1802 0.8080
vn 0.1823 0.3657 0.9127
vn 0.4671 0.2741 0.8406
vn -0.2279 0.9292 -0.2910
vn 0.0550 0.9441 -0.3251
vn 0.3008 0.9036 -0.3049
vn 0.7002 0.6632 -0.2643
vn 0.8521 0.3449 -0.3937
vn 0.3372 -0.9341 -0.1169
vn 0.2367 -0.9530 -0.1891
vn -0.9401 -0.2445 0.2374
vn 0.3889 -0.9201 -0.0459
vn -0.0945 -0.9866 -0.1332
vn -0.1147 -0.9888 -0.0957
vn -0.5563 -0.7989 -0.2289
vn -0.0854 -0.9945 -0.0613
vn -0.0596 -0.9800 -0.1900
vn -0.0020 -0.9810 -0.1940
vn 0.1319 -0.9621 -0.2387
vn 0.0469 0.1136 -0.9924
vn 0.0591 0.0641 -0.9962
vn -0.1805 0.2411 -0.9536
vn -0.1463 0.0972 -0.9845
vn 0.0549 0.0882 -0.9946
vn 0.0515 0.0683 -0.9963
vn 0.9368 0.2261 0.2668
vn -0.9183 0.3336 0.2132
vn -0.6380 -0.7697 -0.0215
vn -0.9407 0.3393 0.0001
vn -0.9697 -0.2442 -0.0052
vn 0.3842 -0.9228 0.0291
vn 0.7488 -0.6621 0.0309
vn -0.0510 -0.9984 -0.0236
vn 0.9945 -0.1045 -0.0002
vn -0.9389 0.3374 0.0688
vn -0.9440 0.3241 0.0627
vn -0.9495 0.3138 -0.0000
vn -0.9847 0.1711 0.0321
vn -0.9300 0.1681 0.3269
vn -0.8882 0.0998 0.4485
vn -0.8981 0.0955 0.4293
vn -0.8353 0.1113 0.5384
vn -0.8143 0.1185 0.5683
vn -0.9590 0.0654 0.2759
vn -0.9666 0.0373 0.2536
vn -0.9997 0.0231 -0.0000
vn -1.0000 -0.0027 0.0013
vn -0.1381 0.1321 0.9816
vn -0.4690 -0.3015 0.8302
vn -0.5356 -0.3375 0.7741
vn -0.5747 -0.3585 0.7357
vn -0.6376 -0.3918 0.6633
vn -0.6421 -0.3941 0.6576
vn -0.8525 -0.5227 -0.0000
vn 0.0594 0.0566 -0.9966
vn 0.0506 0.0947 -0.9942
vn 0.1298 0.9914 -0.0172
vn 0.1257 0.9921 -0.0002
vn 0.2159 0.9764 -0.0001
vn 0.2178 0.9758 0.0179
vn 0.0186 0.9998 -0.0001
vn -0.0331 0.9992 -0.0244
vn -0.2699 0.9629 -0.0001
vn -0.2696 0.9605 -0.0690
vn -0.2571 0.9664 -0.0001
vn -0.2565 0.9639 -0.0712
vn -0.6014 0.1782 0.7788
vn -0.9462 -0.2877 0.1484
vn 0.0482 -0.9331 0.3565
vn 0.0064 0.1701 0.9854
vn -0.6261 -0.3823 -0.6796
vn -0.0019 -0.5492 -0.8357
vn 0.6224 -0.3285 -0.7104
vn 0.9715 -0.2106 0.1086
vn 0.6139 0.2311 0.7548
vn -0.5183 0.8399 -0.1607
vn 0.0088 0.9675 -0.2528
vn 0.0064 0.2512 -0.9679
vn -0.6921 0.3432 -0.6350
vn 0.5383 0.8314 -0.1376
vn 0.7233 0.3342 -0.6042
vn 0.3013 -0.1402 -0.9432
vn -0.0013 -0.1370 -0.9906
vn -0.2904 -0.1299 -0.9481
vn 0.0004 0.3142 0.9494
vn -0.6136 0.2014 0.7635
vn 0.6248 0.2555 0.7378
vn 0.6268 0.2701 0.7309
vn 0.0006 0.3276 0.9448
vn -0.6178 0.2151 0.7564
vn 0.9999 -0.0122 0.0120
vn 0.6253 -0.3017 -0.7197
vn 0.6268 -0.2839 -0.7256
vn 1.0000 0.0045 -0.0028
vn -0.0012 -0.3980 -0.9174
vn -0.6297 -0.3564 -0.6903
vn -0.6320 -0.3391 -0.6969
vn -0.0005 -0.3834 -0.9236
vn -0.9934 -0.0959 0.0633
vn -0.9956 -0.0805 0.0479
vn 0.6246 0.2830 0.7278
vn 0.6237 0.2920 0.7250
vn -0.0007 0.3647 0.9311
vn -0.0011 0.3496 0.9369
vn 0.6203 0.2964 0.7262
vn -0.0004 0.3693 0.9293
vn -0.6271 0.2839 0.7254
vn -0.6268 0.2768 0.7283
vn -0.6248 0.2516 0.7392
vn 0.6296 -0.3051 -0.7145
vn 0.6383 -0.3189 -0.7006
vn 0.9997 0.0002 0.0239
vn 1.0000 -0.0002 0.0088
vn 0.6578 -0.3174 -0.6830
vn 0.9982 0.0143 0.0577
vn -0.6353 -0.3342 -0.6962
vn -0.6382 -0.3294 -0.6958
vn -0.0007 -0.4127 -0.9109
vn -0.0019 -0.4001 -0.9165
vn -0.6500 -0.3251 -0.6869
vn 0.0008 -0.4169 -0.9089
vn -0.9994 -0.0210 0.0282
vn -0.9983 -0.0472 0.0343
vn -0.9989 -0.0049 0.0470
vn 0.5616 0.3585 0.7457
vn 0.6000 0.5734 0.5578
vn -0.0008 0.7171 0.6970
vn -0.0016 0.4742 0.8804
vn -0.6099 0.5927 0.5261
vn -0.5756 0.3567 0.7358
vn 0.6662 -0.3044 -0.6808
vn 0.6042 -0.2558 -0.7547
vn 0.9892 0.1011 -0.1059
vn 0.9891 0.0199 0.1456
vn -0.6573 -0.3102 -0.6868
vn -0.6011 -0.2469 -0.7600
vn -0.0054 -0.2805 -0.9598
vn -0.0025 -0.3799 -0.9250
vn -0.9834 0.1191 -0.1368
vn -0.9930 0.0078 0.1182
vn 0.6062 0.3077 0.7334
vn -0.0010 0.3870 0.9221
vn -0.6179 0.2948 0.7289
vn 0.6777 -0.3078 -0.6678
vn 0.9939 0.0318 0.1060
vn -0.6665 -0.3190 -0.6739
vn 0.0003 -0.4111 -0.9116
vn -0.9963 0.0071 0.0861
vn 0.6255 0.2737 0.7306
vn -0.0002 0.3334 0.9428
vn -0.6202 0.2247 0.7516
vn 0.6268 -0.2894 -0.7235
vn 1.0000 0.0032 0.0006
vn -0.6328 -0.3381 -0.6966
vn -0.0013 -0.3876 -0.9218
vn -0.9964 -0.0721 0.0442
vn -0.2938 -0.8659 0.4050
vn -0.3384 -0.9410 0.0000
vn -0.0002 -1.0000 -0.0000
vn -0.0002 -0.8922 0.4517
vn -0.2938 -0.8659 -0.4049
vn -0.0002 -0.8922 -0.4517
vn 0.2933 -0.8660 -0.4049
vn 0.3380 -0.9412 -0.0000
vn 0.2934 -0.8660 0.4049
vn -0.1428 0.9704 0.1950
vn -0.0032 0.9742 0.2256
vn -0.0032 1.0000 -0.0000
vn -0.1654 0.9862 0.0002
vn 0.1372 0.9712 0.1949
vn 0.1602 0.9871 -0.0003
vn 0.1235 0.9629 -0.2401
vn -0.0028 0.9491 -0.3149
vn -0.1284 0.9623 -0.2397
vn -0.1833 -0.0993 0.9780
vn 0.0000 -0.0952 0.9955
vn 0.0000 -0.0607 0.9982
vn -0.1663 -0.0695 0.9836
vn 0.1833 -0.0993 0.9780
vn 0.1663 -0.0695 0.9836
vn 0.1138 -0.0373 0.9928
vn 0.0000 -0.0258 0.9997
vn -0.1138 -0.0374 0.9928
vn 0.9399 -0.1306 0.3153
vn 0.9914 -0.1305 -0.0000
vn 0.9962 -0.0868 0.0001
vn 0.9535 -0.0943 0.2861
vn 0.9399 -0.1306 -0.3154
vn 0.9536 -0.0943 -0.2861
vn 0.9782 -0.0547 -0.2005
vn 0.9991 -0.0416 0.0001
vn 0.9781 -0.0547 0.2006
vn 0.1833 -0.0993 -0.9780
vn -0.0000 -0.0952 -0.9955
vn 0.0000 -0.0607 -0.9982
vn 0.1663 -0.0695 -0.9836
vn -0.1833 -0.0993 -0.9780
vn -0.1663 -0.0695 -0.9836
vn -0.1137 -0.0373 -0.9928
vn 0.0000 -0.0258 -0.9997
vn 0.1138 -0.0373 -0.9928
vn -0.9399 -0.1307 -0.3153
vn -0.9914 -0.1306 0.0000
vn -0.9962 -0.0867 -0.0001
vn -0.9536 -0.0942 -0.2860
vn -0.9399 -0.1307 0.3154
vn -0.9536 -0.0942 0.2859
vn -0.9782 -0.0552 0.2002
vn -0.9991 -0.0421 -0.0002
vn -0.9782 -0.0552 -0.2004
vn -0.2168 -0.4897 0.8445
vn -0.5715 -0.3788 0.7279
vn -0.7645 -0.5455 0.3434
vn -0.6218 -0.1216 0.7737
vn -0.7807 0.5941 0.1935
vn -0.5973 0.4180 0.6845
vn -0.1205 0.5691 0.8134
vn -0.6495 -0.0672 0.7574
vn 0.6495 -0.0669 0.7574
vn 0.5960 0.4196 0.6846
vn 0.1172 0.5696 0.8135
vn 0.7787 0.5966 0.1939
vn 0.6218 -0.1216 0.7737
vn 0.5715 -0.3789 0.7279
vn 0.7644 -0.5457 0.3434
vn 0.2167 -0.4897 0.8445
vn 0.6495 -0.0669 -0.7574
vn 0.5960 0.4197 -0.6846
vn 0.7791 0.5960 -0.1941
vn 0.0947 0.5435 -0.8341
vn 0.6218 -0.1216 -0.7737
vn 0.5714 -0.3789 -0.7279
vn 0.2166 -0.4898 -0.8445
vn 0.7644 -0.5457 -0.3434
vn -0.6494 -0.0672 -0.7575
vn -0.5974 0.4177 -0.6846
vn -0.0974 0.5433 -0.8339
vn -0.7806 0.5942 -0.1936
vn -0.6218 -0.1217 -0.7737
vn -0.5716 -0.3789 -0.7278
vn -0.7646 -0.5456 -0.3433
vn -0.2169 -0.4897 -0.8445
vn -0.8241 -0.5665 0.0000
vn -0.0001 -0.4792 -0.8777
vn 0.8240 -0.5667 -0.0000
vn -0.0001 -0.4791 0.8778
vn -0.0018 0.5574 0.8302
vn 0.8005 0.5993 -0.0002
vn -0.0012 0.4394 -0.8983
vn -0.8022 0.5971 0.0000
vn 0.6282 -0.0955 0.7722
vn -0.6282 -0.0955 0.7721
vn 0.6282 -0.0955 -0.7722
vn -0.6282 -0.0955 -0.7722
vn -0.5860 -0.5485 0.5965
vn -0.7242 -0.6565 -0.2110
vn -0.2664 -0.9603 -0.0832
vn -0.3408 -0.6462 0.6828
vn -0.2522 -0.5168 -0.8181
vn -0.0164 -0.6258 -0.7798
vn 0.2437 -0.6746 -0.6968
vn 0.2960 -0.9511 0.0880
vn -0.0732 -0.6739 0.7352
vn -0.2437 0.6746 0.6968
vn 0.0163 0.6263 0.7794
vn 0.2664 0.9603 0.0832
vn -0.2961 0.9511 -0.0885
vn 0.2522 0.5179 0.8174
vn 0.7241 0.6567 0.2105
vn 0.5860 0.5485 -0.5965
vn 0.3405 0.6460 -0.6832
vn 0.0728 0.6732 -0.7359
vn -0.2103 -0.0029 0.9776
vn -0.6731 0.1203 0.7297
vn 0.2560 -0.1230 0.9588
vn 0.9350 -0.2636 0.2371
vn 0.6731 -0.1203 -0.7297
vn 0.2098 0.0031 -0.9777
vn -0.7430 -0.6693 -0.0000
vn 0.8700 0.4931 0.0000
vn -0.2302 0.9731 0.0000
vn -0.9348 0.2637 -0.2380
vn -0.9265 0.3764 0.0000
vn -0.7850 -0.5668 0.2502
vn -0.5653 -0.6397 -0.5208
vn -0.2144 -0.9541 -0.2091
vn -0.5722 -0.6734 0.4682
vn 0.0436 -0.5052 -0.8619
vn 0.2601 -0.6312 -0.7307
vn 0.4914 -0.6995 -0.5189
vn 0.2299 -0.9492 0.2148
vn -0.3187 -0.6955 0.6440
vn -0.4914 0.6995 0.5189
vn -0.2601 0.6312 0.7307
vn 0.2144 0.9541 0.2091
vn -0.2300 0.9492 -0.2148
vn -0.0436 0.5051 0.8619
vn 0.5653 0.6397 0.5208
vn 0.7850 0.5668 -0.2502
vn 0.5722 0.6734 -0.4682
vn 0.3187 0.6955 -0.6440
vn -0.5602 -0.0074 0.8284
vn -0.9286 0.1249 0.3494
vn -0.1079 -0.1282 0.9859
vn 0.7483 -0.2677 0.6070
vn 0.9286 -0.1249 -0.3494
vn 0.5602 0.0074 -0.8284
vn 0.1079 0.1282 -0.9859
vn -0.7483 0.2677 -0.6070
vn -0.4354 -0.8762 -0.2067
vn 0.4354 0.8762 0.2067
vn -0.2670 -0.0043 0.9637
vn 0.8337 -0.4028 0.3778
vn 0.2670 0.0043 -0.9637
vn -0.8337 0.4028 -0.3778
vn -0.4596 -0.8816 -0.1071
vn -0.4623 -0.8867 0.0000
vn 0.4596 0.8816 0.1071
vn -0.1305 -0.0043 0.9914
vn 0.8913 -0.4116 0.1902
vn 0.9079 -0.4193 -0.0000
vn -0.5694 0.8221 -0.0000
vn -0.2802 0.9599 -0.0000
vn -0.1430 0.9897 -0.0000
vn -0.0267 0.9996 -0.0000
vn 0.0501 0.9987 0.0000
vn -0.0476 0.9989 -0.0000
vn 0.5479 0.8365 0.0000
vn 0.7150 0.6991 0.0000
vn 0.3675 0.9300 0.0000
vn 0.1899 0.9818 0.0000
vn -1.0000 0.0000 -0.0000
vn 0.3320 0.9433 0.0000
vn 0.5181 0.8553 0.0000
vn -0.6489 0.7608 -0.0001
vn 0.9062 0.4229 -0.0000
vn 0.9734 0.2291 -0.0002
vn -0.9812 0.1932 0.0004
vn -0.9773 0.2120 0.0004
vn 0.0760 0.9961 -0.0451
vn 0.0761 0.9971 -0.0003
vn -0.9840 0.1784 0.0003
vn 0.9995 0.0327 -0.0000
vn 0.1305 0.0043 -0.9914
vn -0.9079 0.4193 -0.0000
vn -0.8913 0.4116 -0.1902
vn -0.4864 -0.8082 -0.3321
vn -0.3645 -0.8144 -0.4516
vn -0.3976 -0.8979 -0.1890
vn -0.5457 -0.8260 -0.1413
vn -0.4379 -0.8942 -0.0926
vn -0.5739 -0.8156 -0.0737
vn -0.3215 -0.9400 -0.1140
vn -0.2978 -0.9222 -0.2468
vn -0.2740 -0.8061 -0.5244
vn -0.4540 -0.8893 -0.0551
vn -0.5875 -0.8068 -0.0618
vn -0.3279 -0.9434 -0.0490
vn -0.2463 -0.8005 -0.5464
vn -0.2545 -0.9278 -0.2728
vn -0.2590 -0.9580 -0.1232
vn -0.2570 -0.9653 -0.0465
vn -0.7493 0.5098 -0.4226
vn -0.8042 0.5262 -0.2763
vn -0.5872 0.7373 -0.3340
vn -0.5431 0.6238 -0.5620
vn -0.3129 0.8674 -0.3868
vn -0.3053 0.7118 -0.6326
vn -0.3079 0.9272 -0.2134
vn -0.5965 0.7762 -0.2042
vn -0.8219 0.5371 -0.1897
vn -0.1768 0.8951 -0.4092
vn -0.2052 0.7190 -0.6640
vn -0.1622 0.9623 -0.2182
vn -0.8220 0.5574 -0.1167
vn -0.5806 0.8074 -0.1054
vn -0.2907 0.9529 -0.0871
vn -0.1491 0.9856 -0.0792
vn -0.6300 -0.6112 -0.4791
vn -0.3815 -0.5927 -0.7093
vn -0.2663 -0.5753 -0.7734
vn -0.2708 -0.4154 -0.8684
vn -0.4102 -0.4200 -0.8096
vn -0.7224 -0.3861 -0.5737
vn -0.2382 -0.5725 -0.7846
vn -0.2391 -0.4115 -0.8795
vn -0.7484 -0.2676 -0.6069
vn -0.4190 -0.3316 -0.8453
vn -0.2671 -0.3276 -0.9063
vn -0.2619 -0.2309 -0.9371
vn -0.4267 -0.2217 -0.8768
vn -0.7656 -0.1584 -0.6235
vn -0.2375 -0.3181 -0.9178
vn -0.2357 -0.2259 -0.9452
vn -0.2923 0.4323 -0.8531
vn -0.4948 0.3844 -0.7793
vn -0.7795 0.3347 -0.5295
vn -0.7871 0.1413 -0.6005
vn -0.4599 0.1369 -0.8774
vn -0.2823 0.1414 -0.9489
vn -0.2688 -0.0847 -0.9595
vn -0.4395 -0.0653 -0.8959
vn -0.7802 -0.0191 -0.6252
vn -0.2385 0.4268 -0.8723
vn -0.2523 0.1386 -0.9577
vn -0.2448 -0.0851 -0.9658
vn -0.7879 -0.6098 -0.0863
vn -0.7756 -0.6065 -0.1750
vn -0.9144 -0.3274 -0.2380
vn -0.9386 -0.3244 -0.1175
vn -0.9778 -0.1547 -0.1411
vn -0.9482 -0.1720 -0.2670
vn -0.9581 -0.0787 -0.2755
vn -0.9861 -0.0640 -0.1531
vn -0.7895 -0.6089 -0.0769
vn -0.9374 -0.3355 -0.0938
vn -0.9812 -0.1629 -0.1032
vn -0.9919 -0.0676 -0.1073
vn -0.9146 0.3096 -0.2603
vn -0.9366 0.3041 -0.1741
vn -0.9768 0.1386 -0.1633
vn -0.9531 0.1410 -0.2679
vn -0.9448 0.3063 -0.1165
vn -0.9842 0.1368 -0.1120
vn -0.9615 0.0206 -0.2741
vn -0.9870 0.0257 -0.1584
vn -0.9937 0.0240 -0.1092
vn -0.2110 -0.8023 -0.5584
vn -0.1579 -0.8109 -0.5634
vn -0.1547 -0.9471 -0.2811
vn -0.2037 -0.9393 -0.2760
vn -0.1439 -0.9819 -0.1230
vn -0.1896 -0.9742 -0.1227
vn -0.0033 -0.9930 -0.1182
vn -0.0055 -0.9599 -0.2804
vn -0.0009 -0.8215 -0.5703
vn -0.1366 -0.9897 -0.0428
vn -0.1807 -0.9826 -0.0430
vn -0.0006 -0.9992 -0.0405
vn 0.7261 -0.6745 -0.1335
vn 0.5464 -0.8300 -0.1119
vn 0.5324 -0.8142 -0.2314
vn 0.7052 -0.6664 -0.2421
vn 0.5302 -0.7125 -0.4595
vn 0.6705 -0.6315 -0.3895
vn 0.3615 -0.7728 -0.5216
vn 0.3537 -0.9005 -0.2530
vn 0.3608 -0.9261 -0.1106
vn 0.1812 -0.9768 -0.1144
vn 0.1826 -0.9449 -0.2715
vn 0.1929 -0.8081 -0.5566
vn 0.7361 -0.6737 -0.0654
vn 0.5547 -0.8304 -0.0523
vn 0.3662 -0.9295 -0.0447
vn 0.1822 -0.9824 -0.0410
vn -0.1208 0.7652 -0.6323
vn -0.0779 0.9148 -0.3962
vn -0.0522 0.9122 -0.4063
vn -0.0914 0.7524 -0.6524
vn 0.0491 0.9141 -0.4025
vn 0.0375 0.7687 -0.6385
vn 0.0514 0.9755 -0.2140
vn -0.0344 0.9764 -0.2132
vn -0.0573 0.9767 -0.2066
vn -0.0493 0.9963 -0.0705
vn -0.0279 0.9969 -0.0730
vn 0.0506 0.9960 -0.0735
vn 0.4321 0.7021 -0.5660
vn 0.4001 0.8340 -0.3799
vn 0.5695 0.7391 -0.3598
vn 0.5936 0.6309 -0.4996
vn 0.7117 0.6096 -0.3490
vn 0.6942 0.5665 -0.4441
vn 0.7212 0.6566 -0.2208
vn 0.5571 0.8029 -0.2118
vn 0.3778 0.9016 -0.2109
vn 0.3689 0.9263 -0.0772
vn 0.5500 0.8310 -0.0836
vn 0.7186 0.6884 -0.0983
vn 0.2153 0.8931 -0.3950
vn 0.2336 0.7533 -0.6148
vn 0.2002 0.9563 -0.2132
vn 0.1919 0.9786 -0.0747
vn -0.2033 -0.5682 -0.7974
vn -0.1515 -0.5785 -0.8014
vn 0.0043 -0.5863 -0.8101
vn 0.0030 -0.4208 -0.9071
vn -0.1501 -0.4151 -0.8973
vn -0.2002 -0.4100 -0.8898
vn -0.2015 -0.3155 -0.9273
vn -0.1520 -0.3172 -0.9361
vn 0.0006 -0.3197 -0.9475
vn -0.0000 -0.2322 -0.9727
vn -0.1556 -0.2286 -0.9610
vn -0.2055 -0.2272 -0.9519
vn 0.3764 -0.5544 -0.7423
vn 0.5540 -0.5202 -0.6500
vn 0.7200 -0.4939 -0.4875
vn 0.7502 -0.3551 -0.5578
vn 0.5802 -0.3723 -0.7244
vn 0.3931 -0.3987 -0.8285
vn 0.4116 -0.2960 -0.8620
vn 0.6043 -0.2642 -0.7517
vn 0.7694 -0.2336 -0.5945
vn 0.7925 -0.1040 -0.6010
vn 0.6300 -0.1591 -0.7601
vn 0.4308 -0.2007 -0.8798
vn 0.2004 -0.5780 -0.7911
vn 0.2030 -0.4168 -0.8860
vn 0.2068 -0.3149 -0.9263
vn 0.2141 -0.2247 -0.9506
vn 0.7512 0.4384 -0.4935
vn 0.6304 0.4532 -0.6302
vn 0.4582 0.4803 -0.7479
vn 0.4629 0.1923 -0.8653
vn 0.6548 0.2095 -0.7261
vn 0.7989 0.2406 -0.5512
vn 0.2445 0.5032 -0.8288
vn 0.0197 0.5045 -0.8632
vn 0.0067 0.1781 -0.9840
vn 0.2401 0.1852 -0.9529
vn 0.8094 0.0454 -0.5855
vn 0.6504 -0.0169 -0.7594
vn 0.4484 -0.0583 -0.8919
vn 0.2257 -0.0817 -0.9708
vn 0.0010 -0.0906 -0.9959
vn -0.1382 0.4726 -0.8704
vn -0.1799 0.4811 -0.8580
vn -0.2177 0.1546 -0.9637
vn -0.1627 0.1583 -0.9739
vn -0.1627 -0.0908 -0.9825
vn -0.2163 -0.0925 -0.9719
vn 0.8131 -0.4970 -0.3033
vn 0.8442 -0.5071 -0.1735
vn 0.9007 -0.3750 -0.2194
vn 0.8566 -0.3590 -0.3707
vn 0.8567 -0.5092 -0.0817
vn 0.9167 -0.3866 -0.1010
vn 0.8813 -0.2179 -0.4193
vn 0.9400 -0.2181 -0.2624
vn 0.9595 -0.0236 -0.2809
vn 0.9000 -0.0531 -0.4326
vn 0.9665 -0.2241 -0.1249
vn 0.9902 -0.0141 -0.1390
vn 0.8444 0.4803 -0.2373
vn 0.8165 0.4506 -0.3609
vn 0.8802 0.2778 -0.3848
vn 0.9168 0.3081 -0.2541
vn 0.9510 0.1495 -0.2706
vn 0.9043 0.1100 -0.4124
vn 0.8515 0.5111 -0.1175
vn 0.9350 0.3295 -0.1312
vn 0.9768 0.1639 -0.1379
vn -0.2235 -0.9736 0.0453
vn 0.0549 -0.9753 0.2140
vn -0.1241 -0.8653 0.4856
vn -0.3966 -0.8610 0.3185
vn 0.1493 0.8382 -0.5245
vn -0.0350 0.9680 -0.2486
vn 0.2468 0.9660 -0.0776
vn 0.4216 0.8336 -0.3570
vn 0.3719 -0.4183 -0.8287
vn 0.4147 -0.1798 -0.8920
vn 0.6464 -0.1778 -0.7420
vn 0.6068 -0.4149 -0.6780
vn 0.9099 -0.1486 0.3872
vn 0.9474 0.0619 0.3141
vn 0.8218 0.1324 0.5542
vn 0.7834 -0.0706 0.6175
vn -0.4240 0.0820 0.9020
vn -0.3920 0.3259 0.8603
vn -0.6271 0.3232 0.7088
vn -0.6517 0.0810 0.7541
vn -0.9393 -0.0929 -0.3303
vn -0.8312 0.0289 -0.5552
vn -0.8684 0.0537 -0.4930
vn -0.7820 -0.1766 -0.5978
vn -0.8819 -0.0230 -0.4709
vn -0.7307 0.0769 -0.6783
vn -0.9080 0.1643 -0.3855
vn -0.7366 0.0902 -0.6703
vn -0.7945 -0.1605 -0.5857
vn -0.9525 -0.0907 -0.2907
vn -0.0055 0.8329 -0.5535
vn 0.0323 0.8460 -0.5322
vn -0.0888 0.9690 -0.2306
vn -0.1260 0.9566 -0.2626
vn -0.4572 0.4751 0.7518
vn -0.4299 0.4836 0.7624
vn -0.4639 0.2499 0.8499
vn -0.4903 0.2647 0.8304
vn 0.1684 -0.2934 -0.9411
vn 0.3595 -0.3355 -0.8708
vn 0.3316 -0.1652 -0.9289
vn 0.2076 -0.1903 -0.9595
vn 0.2276 -0.0825 -0.9703
vn 0.1913 -0.0857 -0.9778
vn -0.8800 -0.1418 -0.4532
vn -0.8486 -0.0351 -0.5279
vn -0.8969 0.1611 -0.4118
vn -0.4869 0.2926 0.8230
vn -0.4517 0.3093 0.8369
vn -0.4633 0.0813 0.8825
vn -0.4566 0.0416 0.8887
vn 0.8945 -0.1755 0.4112
vn 0.8669 -0.0432 0.4965
vn 0.8364 -0.0223 0.5477
vn 0.7303 -0.0941 0.6766
vn 0.8486 0.0302 0.5281
vn 0.7834 0.1617 0.6001
vn 0.8842 0.0270 0.4663
vn 0.9410 0.0761 0.3297
vn -0.3625 -0.8658 0.3450
vn -0.3283 -0.8730 0.3606
vn -0.2052 -0.8894 0.4084
vn -0.3031 -0.9119 0.2765
vn -0.1146 -0.9531 0.2803
vn -0.3028 -0.9371 0.1735
vn -0.8861 0.0183 -0.4632
vn -0.9033 -0.1774 -0.3906
vn -0.9189 -0.1149 -0.3774
vn -0.8882 0.1460 -0.4357
vn -0.7252 0.0646 -0.6855
vn -0.7389 0.0097 -0.6738
vn -0.7606 -0.0338 -0.6484
vn -0.3589 -0.7953 0.4885
vn -0.2563 -0.9468 0.1947
vn 0.2719 -0.3271 -0.9050
vn 0.2909 -0.0843 -0.9530
vn 0.0748 0.8309 -0.5513
vn 0.0545 0.8515 -0.5214
vn -0.0914 0.9741 -0.2068
vn -0.1484 0.9620 -0.2291
vn 0.4975 -0.7559 0.4257
vn 0.4637 -0.8000 0.3807
vn 0.3953 -0.6661 0.6325
vn 0.4299 -0.6233 0.6532
vn 0.3236 0.0506 0.9449
vn 0.2923 0.0520 0.9549
vn 0.3131 0.2352 0.9202
vn 0.3430 0.2159 0.9142
vn 0.5270 0.8455 0.0860
vn 0.4869 0.8731 0.0234
vn 0.5306 0.7962 -0.2908
vn 0.5668 0.7880 -0.2403
vn 0.4603 -0.1948 -0.8662
vn 0.4338 -0.1889 -0.8810
vn 0.4292 -0.3981 -0.8107
vn 0.4587 -0.4025 -0.7922
vn -0.3654 -0.9300 -0.0400
vn -0.2528 -0.9540 -0.1611
vn -0.1166 -0.9878 -0.1034
vn -0.4626 -0.7627 0.4520
vn -0.5655 -0.7473 0.3488
vn -0.5224 -0.8247 0.2167
vn 0.0212 -0.8311 0.5557
vn -0.0804 -0.7572 0.6482
vn -0.2167 -0.7678 0.6029
vn 0.1423 -0.9885 0.0505
vn 0.2621 -0.9538 0.1471
vn 0.1953 -0.9319 0.3056
vn 0.2382 0.7328 -0.6374
vn 0.0991 0.7237 -0.6830
vn 0.0005 0.8066 -0.5911
vn 0.5453 0.7999 -0.2506
vn 0.5890 0.7136 -0.3793
vn 0.4853 0.7275 -0.4850
vn 0.1396 0.9871 0.0778
vn 0.2822 0.9493 0.1385
vn 0.3962 0.9182 0.0036
vn -0.1743 0.9209 -0.3487
vn -0.2539 0.9499 -0.1824
vn -0.1282 0.9884 -0.0813
vn 0.3547 -0.5338 -0.7676
vn 0.2283 -0.5103 -0.8292
vn 0.2405 -0.3974 -0.8856
vn 0.7110 -0.3922 -0.5836
vn 0.6667 -0.5021 -0.5508
vn 0.5622 -0.5293 -0.6354
vn 0.6416 -0.0518 -0.7653
vn 0.7375 -0.0624 -0.6724
vn 0.7451 -0.1776 -0.6428
vn 0.2823 -0.1800 -0.9423
vn 0.3134 -0.0637 -0.9475
vn 0.4394 -0.0524 -0.8968
vn 0.7380 -0.5049 0.4477
vn 0.7899 -0.5344 0.3008
vn 0.9485 -0.2093 0.2377
vn 0.5565 0.0084 0.8308
vn 0.5219 -0.2475 0.8163
vn 0.6413 -0.4039 0.6524
vn 0.7647 0.5657 0.3085
vn 0.6194 0.5131 0.5942
vn 0.5881 0.1784 0.7888
vn 0.9886 0.0037 0.1504
vn 0.9089 0.4081 -0.0856
vn 0.8573 0.5126 0.0473
vn -0.4426 -0.0421 0.8957
vn -0.3200 -0.0297 0.9469
vn -0.2948 0.0833 0.9519
vn -0.7487 0.0822 0.6578
vn -0.7344 -0.0293 0.6781
vn -0.6399 -0.0419 0.7673
vn -0.5893 0.4436 0.6752
vn -0.6956 0.4171 0.5850
vn -0.7316 0.2976 0.6133
vn -0.2598 0.3016 0.9173
vn -0.2483 0.4244 0.8708
vn -0.3801 0.4476 0.8094
vn -0.9553 0.1998 -0.2181
vn -0.9124 0.3096 -0.2678
vn -0.8561 0.2926 -0.4259
vn -0.9356 -0.2336 -0.2647
vn -0.9828 -0.1708 -0.0705
vn -0.9919 -0.0230 -0.1246
vn -0.6850 -0.1963 -0.7016
vn -0.7117 -0.2894 -0.6402
vn -0.7983 -0.2826 -0.5319
vn -0.7045 0.2228 -0.6738
vn -0.5977 0.1616 -0.7852
vn -0.6224 0.0367 -0.7818
vn -0.1681 0.7028 -0.6913
vn -0.1539 0.5985 -0.7862
vn 0.0156 0.6826 -0.7307
vn -0.2153 0.9749 -0.0567
vn -0.4344 0.8853 -0.1658
vn -0.3334 0.8934 -0.3011
vn -0.2332 0.9248 -0.3007
vn -0.2638 0.9528 -0.1505
vn -0.1534 0.9860 -0.0652
vn 0.1102 0.7418 -0.6615
vn -0.0352 0.7162 -0.6971
vn -0.1227 0.8078 -0.5766
vn -0.6261 0.5375 0.5649
vn -0.6358 0.6013 0.4839
vn -0.4933 0.6138 0.6164
vn -0.5614 0.0923 0.8224
vn -0.7254 0.0724 0.6845
vn -0.6854 0.1728 0.7074
vn -0.5833 0.2565 0.7707
vn -0.5744 0.1325 0.8078
vn -0.4532 0.1216 0.8831
vn -0.3816 0.5916 0.7102
vn -0.5130 0.5765 0.6360
vn -0.5548 0.4668 0.6887
vn -0.0424 -0.3372 -0.9405
vn -0.1030 -0.4108 -0.9059
vn 0.0929 -0.4405 -0.8930
vn 0.1534 0.0653 -0.9860
vn -0.0183 0.0813 -0.9965
vn 0.0140 -0.0045 -0.9999
vn 0.1076 -0.0853 -0.9905
vn 0.1215 0.0206 -0.9924
vn 0.2372 0.0335 -0.9709
vn -0.6692 0.3659 0.6467
vn -0.6883 0.4348 0.5807
vn -0.5356 0.4454 0.7174
vn -0.5078 -0.1371 0.8505
vn -0.5958 -0.1887 0.7807
vn -0.6073 -0.0078 0.7945
vn -0.5749 0.0796 0.8144
vn -0.5543 -0.0218 0.8320
vn -0.4455 -0.0341 0.8946
vn -0.4142 0.4273 0.8036
vn -0.5417 0.4135 0.7318
vn -0.5723 0.2904 0.7669
vn -0.5776 -0.7757 0.2544
vn -0.6636 -0.6622 0.3481
vn -0.4526 -0.7296 0.5127
vn -0.3746 -0.7724 0.5129
vn -0.4794 -0.7760 0.4099
vn -0.4693 -0.8461 0.2528
vn -0.2911 -0.9503 -0.1100
vn -0.4563 -0.8562 -0.2423
vn -0.4748 -0.8749 -0.0955
vn -0.9066 0.1158 -0.4058
vn -0.9333 0.0910 -0.3475
vn -0.9555 0.0582 -0.2891
vn -0.5304 0.0322 -0.8471
vn -0.4959 0.0768 -0.8650
vn -0.6884 0.1015 -0.7182
vn -0.7151 0.2014 -0.6694
vn -0.6046 0.1581 -0.7807
vn -0.6060 0.0364 -0.7946
vn -0.9350 0.2019 -0.2916
vn -0.8939 0.2913 -0.3408
vn -0.8443 0.2612 -0.4679
vn -0.8980 -0.2708 -0.3467
vn -0.9665 -0.1927 -0.1695
vn -0.9772 -0.0385 -0.2090
vn -0.9689 -0.1874 -0.1614
vn -0.9321 -0.3553 -0.0709
vn -0.9096 -0.3545 -0.2167
vn -0.4091 -0.9034 0.1282
vn -0.3152 -0.9485 -0.0301
vn -0.1683 -0.9851 0.0351
vn -0.3882 -0.6819 0.6199
vn -0.4993 -0.6808 0.5358
vn -0.4928 -0.7657 0.4133
vn 0.1682 -0.0889 -0.9817
vn 0.1899 0.0141 -0.9817
vn 0.3027 0.0342 -0.9525
vn 0.2616 -0.4481 -0.8549
vn 0.1289 -0.4167 -0.8999
vn 0.1391 -0.2937 -0.9457
vn -0.1054 0.7521 -0.6505
vn -0.0019 0.5857 -0.8105
vn 0.0962 0.6574 -0.7474
vn -0.2845 0.9587 -0.0053
vn -0.5117 0.8550 -0.0843
vn -0.4074 0.8855 -0.2232
vn -0.2322 0.9294 -0.2869
vn -0.2717 0.9545 -0.1231
vn -0.1640 0.9859 -0.0327
vn 0.1428 0.7477 -0.6485
vn -0.0055 0.7216 -0.6922
vn -0.1011 0.8131 -0.5733
vn 0.7655 -0.3965 0.5068
vn 0.8258 -0.4034 0.3941
vn 0.5322 -0.8191 0.2140
vn 0.4383 -0.2501 0.8634
vn 0.6462 -0.1354 0.7511
vn 0.7025 -0.2841 0.6525
vn 0.3565 -0.3223 0.8769
vn 0.5208 -0.8222 0.2296
vn 0.6212 0.0123 0.7835
vn 0.5337 0.5060 0.6776
vn 0.6989 0.2673 0.6634
vn 0.6393 0.1275 0.7583
vn 0.4543 0.6618 0.5964
vn 0.8048 0.3916 0.4461
vn 0.5970 0.6740 -0.4352
vn 0.9432 0.3224 0.0804
vn 0.8830 0.4369 0.1714
vn 0.5705 0.6992 -0.4309
vn 0.6914 -0.0928 -0.7165
vn 0.7366 -0.0155 -0.6762
vn 0.6072 -0.0308 -0.7939
vn 0.6644 -0.5325 -0.5245
vn 0.7507 -0.5183 -0.4096
vn 0.7219 -0.4849 -0.4937
vn 0.5452 -0.3625 -0.7559
vn 0.5618 -0.4831 -0.6716
vn 0.4254 -0.5069 -0.7497
vn 0.4381 -0.0653 -0.8965
vn 0.5660 -0.0814 -0.8204
vn 0.5500 -0.2103 -0.8083
vn -0.7925 -0.3004 -0.5307
vn -0.9250 -0.2293 -0.3030
vn -0.7756 0.2068 -0.5964
vn -0.8159 0.2422 -0.5249
vn -0.6194 0.0096 -0.7850
vn -0.6680 -0.2166 -0.7120
vn -0.9599 0.1477 -0.2384
vn -0.9711 0.0912 -0.2207
vn 0.0797 -0.1802 -0.9804
vn 0.3456 -0.4621 -0.8167
vn 0.1373 -0.1577 -0.9779
vn -0.8972 -0.2122 -0.3872
vn -0.8793 -0.2694 -0.3928
vn -0.8496 0.2854 -0.4435
vn -0.6943 0.2153 -0.6867
vn -0.8685 -0.2325 -0.4378
vn 0.7011 -0.2333 0.6738
vn 0.8422 -0.2995 0.4483
vn 0.6707 0.1958 0.7154
vn 0.6140 -0.0389 0.7883
vn 0.9330 0.2113 0.2914
vn 0.7917 0.2865 0.5396
vn 0.9422 -0.2128 0.2586
vn 0.9827 0.0104 0.1847
vn 0.9770 -0.0731 0.2004
vn 0.9668 -0.1255 0.2225
vn -0.4566 -0.8716 0.1785
vn -0.4185 -0.8977 0.1379
vn -0.0373 -0.9955 0.0873
vn -0.6800 -0.0864 -0.7281
vn -0.6414 -0.0666 -0.7643
vn -0.9831 -0.0389 -0.1787
vn -0.9464 0.1924 -0.2594
vn -0.6717 -0.0367 -0.7399
vn -0.2808 -0.7245 0.6295
vn 0.3645 0.0144 -0.9311
vn -0.6878 -0.3271 -0.6480
vn -0.7652 0.0687 -0.6401
vn -0.5872 0.1434 -0.7966
vn -0.8927 0.1861 -0.4104
vn 0.2717 -0.0753 -0.9594
vn -0.9417 -0.0677 -0.3296
vn -0.9049 0.2945 -0.3074
vn 0.5845 -0.1754 0.7922
vn 0.6948 0.2987 0.6542
vn 0.9783 0.1397 0.1527
vn 0.8963 -0.3227 0.3041
vn -0.7937 -0.1509 -0.5893
vn -0.9734 -0.1709 -0.1523
vn -0.3538 -0.8544 0.3805
vn 0.3440 -0.9140 -0.2150
vn 0.7145 -0.6804 -0.1627
vn -0.7129 -0.6087 -0.3482
vn -0.8194 -0.4128 -0.3977
vn -0.4183 -0.6632 -0.6207
vn -0.2123 -0.7928 -0.5713
vn -0.2642 -0.3213 -0.9094
vn 0.2948 -0.6051 -0.7395
vn -0.8943 -0.1736 -0.4124
vn 0.6807 0.7316 -0.0384
vn 0.7678 0.6403 -0.0231
vn 0.8270 0.5212 -0.2107
vn 0.6708 0.5431 -0.5051
vn -0.8481 -0.5123 -0.1348
vn -0.9884 -0.0808 -0.1288
vn -0.9611 -0.1012 -0.2569
vn -0.9602 -0.2277 -0.1618
vn -0.5526 -0.0408 -0.8324
vn -0.9893 0.1429 0.0301
vn -0.9955 -0.0059 -0.0944
vn -0.9098 -0.4030 -0.0990
vn 0.3042 -0.7375 -0.6030
vn 0.2490 -0.6864 -0.6833
vn 0.6569 -0.1321 -0.7424
vn 0.5944 -0.4828 -0.6431
vn 0.7272 0.2679 -0.6320
vn 0.7630 -0.0720 -0.6424
vn 0.5200 0.6347 -0.5715
vn 0.5848 0.2600 -0.7684
vn 0.0277 -0.8498 -0.5264
vn -0.1588 -0.9548 -0.2513
vn 0.3065 -0.8450 -0.4382
vn 0.6400 -0.6561 -0.4000
vn 0.8867 -0.0880 -0.4539
vn 0.9854 -0.0076 -0.1703
vn 0.7665 0.3995 -0.5029
vn 0.5100 0.6251 -0.5909
vn -0.7427 0.5522 -0.3787
vn -0.8703 0.2582 -0.4193
vn -0.9641 -0.0000 -0.2654
vn -0.7915 0.4296 -0.4347
vn -0.1219 0.4501 -0.8846
vn -0.1248 0.8442 -0.5212
vn -0.0743 0.7528 -0.6541
vn 0.0459 0.5518 -0.8327
vn -0.1532 0.2092 -0.9658
vn -0.7802 -0.4219 -0.4618
vn -0.9975 0.0698 0.0098
vn -0.2333 0.3756 -0.8969
vn -0.6900 0.6432 0.3320
vn -0.2748 0.9579 -0.0830
vn -0.1409 -0.1706 0.9752
vn -0.3825 -0.3996 0.8331
vn -0.5238 -0.8511 0.0363
vn 0.0044 0.9953 0.0969
vn -0.8057 0.5903 0.0493
vn -0.6922 0.7213 0.0230
vn -0.2321 0.9606 0.1530
vn 0.2313 0.9684 0.0935
vn -0.9952 0.0367 -0.0904
vn 0.2283 0.2271 -0.9467
vn 0.2828 0.2712 -0.9201
vn 0.5389 0.5857 -0.6054
vn 0.0612 0.3619 -0.9302
vn -0.0163 0.9886 -0.1496
vn 0.0545 0.1367 -0.9891
vn -0.0553 0.9777 0.2027
vn -0.6264 0.5059 0.5930
vn -0.7790 -0.0174 0.6268
vn -0.2326 -0.1588 0.9595
vn -0.1674 0.2792 0.9455
vn -0.4248 -0.8877 0.1775
vn 0.0142 -0.6221 -0.7828
vn 0.0480 -0.9054 -0.4218
vn -0.1170 -0.6847 0.7193
vn 0.0659 0.0336 -0.9973
vn 0.0746 -0.1408 -0.9872
vn -0.0834 0.3813 -0.9207
vn -0.1027 0.9926 0.0649
vn -0.0783 0.1835 -0.9799
vn -0.0739 0.2468 0.9662
vn -0.1197 -0.1463 0.9820
vn -0.1604 -0.4346 0.8862
vn -0.2778 -0.9487 -0.1509
vn -0.0838 -0.1296 -0.9880
vn 0.5784 0.8066 -0.1218
vn 0.6372 0.7705 0.0162
vn -0.3464 0.3335 -0.8768
vn -0.3369 0.2333 -0.9122
vn -0.3358 0.2236 -0.9150
vn -0.2729 -0.1030 -0.9565
vn -0.2659 -0.1303 -0.9552
vn -0.1791 -0.5176 -0.8367
vn -0.1805 -0.5084 -0.8420
vn -0.2146 -0.8750 -0.4339
vn -0.2078 -0.8519 -0.4807
vn -0.2740 -0.9530 -0.1295
vn -0.2732 -0.9532 -0.1295
vn -0.3304 -0.9309 -0.1558
vn -0.3280 -0.9321 -0.1535
vn -0.3535 -0.9184 -0.1774
vn 0.0000 0.0000 -1.0000
vn -0.5785 0.4320 -0.6919
vn -0.7349 -0.2571 -0.6275
vn -0.8429 -0.2706 -0.4651
vn -0.7216 0.5133 -0.4644
vn -0.9004 -0.3149 -0.3003
vn -0.7793 0.5570 -0.2873
vn -0.2757 -0.9604 -0.0408
vn -0.3414 -0.9387 -0.0474
vn -0.4137 -0.9103 -0.0127
vn -0.1822 0.1422 -0.9729
vn -0.1509 -0.0203 -0.9883
vn -0.2739 -0.0144 -0.9617
vn -0.3392 0.1854 -0.9223
vn -0.3869 -0.0396 -0.9213
vn -0.4224 0.2171 -0.8800
vn -0.0413 -0.8496 -0.5258
vn 0.0150 -0.6262 -0.7795
vn -0.0536 -0.4977 -0.8657
vn -0.6835 0.6436 -0.3443
vn -0.5871 0.6767 -0.4443
vn -0.6081 0.7709 -0.1896
vn -0.6837 0.7105 -0.1665
vn -0.7863 0.5961 -0.1624
vn -0.5632 0.7864 -0.2536
vn -0.5114 0.7843 -0.3512
vn -0.5308 0.6921 -0.4890
vn -0.3943 0.5461 -0.7391
vn -0.5488 0.5687 -0.6127
vn -0.6406 0.6271 -0.4431
vn -0.5802 0.6730 -0.4588
vn -0.5954 0.6151 -0.5169
vn -0.6298 0.6252 -0.4609
vn -0.4959 0.6559 -0.5691
vn -0.5499 0.7619 -0.3421
vn -0.5074 0.6528 -0.5625
vn -0.5300 0.8191 -0.2194
vn -0.5986 0.7406 -0.3053
vn -0.0890 0.7419 -0.6646
vn -0.0553 0.8642 -0.5001
vn -0.1376 0.8929 -0.4288
vn -0.1475 0.7437 -0.6520
vn -0.2319 0.8820 -0.4103
vn -0.1833 0.7170 -0.6726
vn -0.2420 0.9699 -0.0278
vn -0.1136 0.9898 -0.0861
vn -0.0372 0.9903 -0.1339
vn -0.6528 0.7299 0.2030
vn -0.7218 0.6546 0.2245
vn -0.7266 0.6808 -0.0924
vn -0.6379 0.7552 -0.1506
vn -0.7087 0.7044 -0.0397
vn -0.7339 0.6342 0.2432
vn 0.1743 0.9720 0.1574
vn 0.1456 0.9734 0.1770
vn 0.1427 0.9646 -0.2216
vn 0.1081 0.9710 -0.2134
vn 0.1104 0.8705 -0.4797
vn 0.1644 0.8781 -0.4494
vn -0.0555 0.8611 -0.5053
vn -0.0543 0.9728 -0.2252
vn -0.0443 0.9811 0.1883
vn 0.4032 0.9005 -0.1627
vn 0.1965 0.9227 -0.3318
vn 0.2419 0.9579 -0.1545
vn 0.4481 0.8784 -0.1659
vn -0.0287 0.9907 -0.1329
vn -0.0392 0.9116 -0.4092
vn 0.1377 0.0545 -0.9890
vn 0.1769 0.1433 -0.9737
vn 0.3300 0.1066 -0.9379
vn 0.2633 -0.0055 -0.9647
vn 0.4566 0.0522 -0.8882
vn 0.3509 -0.0947 -0.9316
vn 0.5855 0.1527 -0.7962
vn 0.3647 0.1961 -0.9102
vn 0.2027 0.2394 -0.9495
vn 0.6534 -0.0738 -0.7534
vn 0.5784 -0.0752 -0.8123
vn 0.5170 -0.2418 -0.8211
vn 0.6223 -0.2857 -0.7287
vn 0.2095 0.3619 -0.9084
vn 0.3581 0.3152 -0.8789
vn 0.5136 0.2886 -0.8080
vn 0.4606 0.5473 -0.6988
vn 0.3240 0.5214 -0.7894
vn 0.1898 0.5299 -0.8266
vn 0.3644 0.7400 -0.5653
vn 0.4200 0.8146 -0.4000
vn 0.5224 0.7148 -0.4649
vn 0.5073 0.8288 -0.2361
vn 0.7073 0.6493 -0.2795
vn 0.3781 0.8861 -0.2681
vn 0.3308 0.8584 -0.3922
vn 0.3079 0.8406 -0.4456
vn 0.2304 0.8508 -0.4723
vn 0.2586 0.8194 -0.5116
vn -0.2196 0.4837 -0.8473
vn -0.3733 0.6430 -0.6687
vn -0.3574 0.5053 -0.7854
vn -0.2109 0.3982 -0.8927
vn -0.2982 0.4055 -0.8641
vn -0.1756 0.3431 -0.9227
vn -0.5288 0.6316 -0.5670
vn -0.5788 0.7001 -0.4181
vn -0.5500 0.8111 -0.1992
vn -0.6091 -0.7917 -0.0457
vn -0.6626 -0.7488 -0.0166
vn -0.6534 -0.7568 -0.0161
vn -0.6116 -0.7904 -0.0351
vn -0.6502 -0.7597 -0.0132
vn -0.3528 -0.9349 -0.0385
vn -0.3458 -0.9363 -0.0618
vn -0.3703 -0.9259 -0.0741
vn -0.3922 -0.7771 -0.4923
vn -0.7413 -0.6694 0.0484
vn -0.6924 -0.6327 -0.3468
vn -0.2684 -0.4740 -0.8386
vn -0.5267 -0.7873 -0.3206
vn -0.1873 -0.4075 -0.8938
vn -0.6078 -0.7565 0.2414
vn -0.2374 -0.9363 -0.2587
vn -0.1380 -0.4891 -0.8612
vn 0.0542 -0.9646 -0.2581
vn 0.1180 -0.9684 0.2197
vn -0.2381 -0.9414 0.2390
vn -0.2246 -0.9737 0.0372
vn -0.4366 -0.8990 -0.0342
vn -0.4560 -0.8896 -0.0269
vn -0.2618 -0.9650 0.0147
vn -0.5055 0.6979 -0.5073
vn -0.3717 0.6291 -0.6827
vn -0.4480 0.5303 -0.7198
vn -0.5726 0.5892 -0.5701
vn -0.4862 0.5205 -0.7019
vn -0.5494 0.5269 -0.6485
vn -0.4130 0.5118 -0.7533
vn -0.3583 0.5147 -0.7789
vn -0.2732 0.5932 -0.7573
vn -0.4372 0.4017 -0.8047
vn -0.4772 0.4281 -0.7674
vn -0.4436 0.4607 -0.7688
vn -0.3980 0.4505 -0.7991
vn -0.3637 0.5110 -0.7789
vn -0.3508 0.4792 -0.8045
vn -0.5020 0.7536 -0.4243
vn -0.6050 0.6387 -0.4754
vn -0.5884 0.5679 -0.5755
vn 0.2673 0.6850 -0.6778
vn 0.1660 0.8277 -0.5360
vn 0.0700 0.8358 -0.5446
vn 0.1385 0.6780 -0.7219
vn -0.0220 0.9311 -0.3641
vn 0.1905 0.9285 -0.3186
vn 0.1685 0.8628 -0.4767
vn -0.0174 0.8208 -0.5709
vn 0.1039 0.8292 -0.5492
vn -0.0345 0.7599 -0.6491
vn -0.1706 0.4621 -0.8703
vn -0.2135 0.4112 -0.8862
vn -0.2394 0.4067 -0.8816
vn -0.6428 0.6980 -0.3156
vn -0.6635 0.7421 -0.0950
vn -0.5671 0.8178 0.0977
vn -0.0154 0.9910 -0.1332
vn 0.0085 0.9751 -0.2218
vn 0.0438 0.9093 -0.4138
vn -0.0740 0.9438 -0.3221
vn -0.0250 0.9812 -0.1913
vn 0.2433 0.9661 -0.0857
vn 0.1623 0.9791 0.1225
vn -0.0512 0.9889 0.1396
vn 0.3109 0.9419 -0.1270
vn 0.4728 0.8742 -0.1106
vn 0.2096 0.9033 -0.3743
vn 0.1257 0.8360 -0.5341
vn -0.0478 0.7869 -0.6152
vn 0.2098 -0.8142 0.5414
vn -0.0389 -0.9014 0.4313
vn 0.0247 -0.9623 0.2707
vn 0.2236 -0.9215 0.3175
vn -0.3983 -0.7860 -0.4728
vn -0.4756 -0.8263 -0.3015
vn -0.2805 0.6483 -0.7078
vn -0.1163 0.4836 -0.8675
vn -0.2272 0.3624 -0.9039
vn -0.4152 0.6421 -0.6445
vn -0.1239 0.3082 -0.9432
vn -0.0633 0.3384 -0.9389
vn -0.5350 0.7096 -0.4586
vn -0.2895 0.6724 -0.6812
vn -0.4847 0.5448 -0.6844
vn -0.3425 0.5150 -0.7858
vn -0.2547 0.4184 -0.8718
vn -0.4438 0.5001 -0.7436
vn -0.3765 0.4386 -0.8160
vn -0.2277 0.4214 -0.8778
vn 0.0595 -0.9874 0.1468
vn 0.0778 -0.9941 0.0761
vn -0.2528 -0.9674 -0.0177
vn 0.0699 -0.9932 0.0932
vn 0.0759 -0.9800 0.1841
vn 0.7866 0.4084 -0.4632
vn 0.8347 0.2997 -0.4621
vn 0.6710 0.2647 -0.6926
vn 0.6889 0.4123 -0.5962
vn 0.5586 0.2211 -0.7994
vn 0.5820 0.3250 -0.7454
vn 0.5666 0.1392 -0.8122
vn 0.6845 0.0928 -0.7231
vn 0.8290 0.1478 -0.5394
vn -0.1741 0.7243 -0.6672
vn -0.1997 0.8703 -0.4501
vn -0.2104 0.6574 -0.7236
vn -0.2763 0.8301 -0.4844
vn -0.2774 0.7807 -0.5600
vn -0.2078 0.8283 -0.5203
vn -0.3591 0.7202 -0.5936
vn -0.4883 0.8513 -0.1917
vn -0.5193 0.8277 0.2125
vn -0.3742 0.8997 0.2248
vn -0.3565 0.9140 -0.1935
vn -0.2459 0.9606 0.1295
vn -0.2410 0.9464 0.2152
vn -0.3739 0.9180 0.1322
vn -0.2843 0.8593 -0.4251
vn -0.1951 0.8872 -0.4181
vn -0.1515 0.7645 -0.6265
vn -0.2038 0.7528 -0.6259
vn -0.1563 0.6749 -0.7212
vn -0.1301 0.6955 -0.7066
vn -0.1870 0.6625 -0.7253
vn -0.1373 0.5380 -0.8317
vn -0.2072 0.6148 -0.7610
vn -0.1379 0.5942 -0.7924
vn -0.0829 0.9915 -0.1007
vn -0.1998 0.9798 -0.0111
vn -0.1371 0.8545 -0.5010
vn -0.0301 0.8445 -0.5347
vn 0.0122 0.6812 -0.7320
vn -0.1077 0.6581 -0.7451
vn 0.0322 0.5444 -0.8382
vn -0.1232 0.5382 -0.8337
vn -0.2665 0.5099 -0.8179
vn -0.3141 0.4520 -0.8349
vn -0.3533 0.3825 -0.8537
vn -0.1829 0.3338 -0.9247
vn -0.1567 0.4266 -0.8908
vn -0.0221 0.0984 -0.9949
vn -0.0098 0.1871 -0.9823
vn 0.0045 0.2838 -0.9589
vn -0.1917 0.2417 -0.9512
vn 0.3615 -0.6690 -0.6495
vn 0.3335 -0.5717 -0.7496
vn 0.2401 -0.3299 -0.9130
vn -0.3284 -0.9213 -0.2082
vn -0.3293 -0.9426 -0.0545
vn 0.1669 -0.1402 -0.9759
vn 0.0709 -0.0675 -0.9952
vn -0.0447 -0.0421 -0.9981
vn -0.4761 -0.0468 -0.8782
vn -0.4313 0.2494 -0.8670
vn -0.5204 -0.1007 -0.8480
vn -0.4195 0.2504 -0.8725
vn -0.4785 0.2939 -0.8275
vn -0.6023 -0.1379 -0.7863
vn -0.6752 -0.2123 -0.7064
vn -0.4886 0.3606 -0.7945
vn -0.4778 -0.8774 -0.0434
vn -0.5132 -0.8235 -0.2418
vn -0.9381 -0.3078 -0.1589
vn 0.8854 -0.3689 -0.2829
vn 0.9549 -0.1424 -0.2604
vn 0.9720 -0.1344 -0.1926
vn 0.9065 -0.3670 -0.2089
vn 0.9801 0.1031 -0.1698
vn 0.9690 0.0894 -0.2302
vn 0.5762 0.8054 -0.1393
vn 0.5648 0.8161 -0.1226
vn 0.7465 0.6550 -0.1172
vn 0.7403 0.6588 -0.1339
vn -0.5900 0.6018 -0.5382
vn -0.7418 0.6628 -0.1022
vn -0.6707 0.7417 0.0036
vn -0.7223 0.6901 -0.0458
vn -0.6002 0.7901 -0.1249
vn -0.3248 0.7952 -0.5120
vn -0.4118 0.9104 -0.0399
vn 0.2491 -0.9334 -0.2582
vn 0.3214 -0.9422 0.0948
vn -0.0288 -0.9909 0.1314
vn -0.0641 -0.9958 0.0653
vn -0.3794 0.7796 -0.4983
vn -0.2577 0.5937 -0.7623
vn -0.2414 0.9500 -0.1978
vn -0.5210 0.8482 0.0953
vn -0.3842 0.8108 -0.4415
vn -0.2673 0.7307 -0.6282
vn -0.1278 0.6359 -0.7612
vn -0.0687 0.6934 -0.7173
vn -0.3794 0.9195 0.1024
vn -0.3074 0.8391 -0.4488
vn -0.2368 0.5934 -0.7693
vn 0.0227 0.3962 -0.9179
vn -0.3643 0.2970 -0.8827
vn -0.4444 0.3359 -0.8305
vn -0.2180 0.9673 -0.1296
vn -0.3264 0.9364 -0.1285
vn -0.1451 0.4842 -0.8629
vn -0.3055 0.4408 -0.8440
vn -0.4405 0.3904 -0.8084
vn -0.3821 0.3908 -0.8374
vn -0.4364 0.4214 -0.7950
vn -0.4775 0.5124 -0.7137
vn 0.8645 0.0552 -0.4995
vn 0.7124 0.2425 -0.6585
vn 0.6925 0.2833 -0.6635
vn 0.8745 0.3300 -0.3555
vn 0.7110 0.3316 -0.6201
vn 0.6685 0.3948 -0.6303
vn 0.6870 0.3076 -0.6583
vn 0.7775 0.2958 -0.5550
vn 0.7408 0.3463 -0.5756
vn 0.6958 0.2901 -0.6570
vn 0.7130 0.0414 -0.7000
vn -0.0380 0.8162 -0.5765
vn 0.0874 0.8440 -0.5292
vn 0.0600 0.8003 -0.5965
vn -0.0145 0.7375 -0.6752
vn 0.0101 0.7518 -0.6593
vn -0.0297 0.7370 -0.6753
vn 0.0010 0.8312 -0.5560
vn 0.5627 0.8201 -0.1043
vn 0.7455 0.6553 -0.1216
vn 0.9071 0.3792 -0.1826
vn 0.9132 0.3573 -0.1958
vn 0.9580 0.0641 -0.2795
vn 0.9272 -0.1592 -0.3390
vn 0.8239 -0.1588 -0.5440
vn 0.7490 -0.3319 -0.5734
vn 0.8517 -0.3683 -0.3729
vn 0.4469 -0.8592 -0.2493
vn 0.4375 -0.8407 -0.3192
vn 0.3863 -0.7851 -0.4841
vn -0.3534 -0.9293 -0.1074
vn -0.3644 -0.9277 -0.0810
vn -0.6733 -0.7391 0.0202
vn -0.6865 -0.7182 0.1132
vn -0.6104 -0.7918 0.0214
vn -0.6095 -0.7924 -0.0263
vn -0.4111 -0.9116 -0.0062
vn -0.3707 -0.9267 0.0615
vn -0.0973 -0.9697 0.2242
vn -0.1707 -0.9800 0.1024
vn 0.0239 -0.9721 0.2334
vn 0.0899 -0.9204 0.3804
vn 0.1088 -0.8748 0.4720
vn 0.0879 -0.9464 0.3107
vn 0.0339 -0.9609 0.2747
vn 0.0164 -0.8876 0.4603
vn 0.3126 -0.8706 0.3799
vn 0.2475 -0.8488 0.4672
vn 0.0643 -0.9215 0.3830
vn 0.1051 -0.9204 0.3767
vn -0.2292 -0.8945 0.3838
vn -0.2578 -0.9177 0.3024
vn -0.5770 -0.7592 0.3011
vn -0.5606 -0.7169 0.4145
vn -0.6881 -0.5969 0.4127
vn -0.6909 -0.6197 0.3722
vn -0.3895 0.3837 -0.8373
vn -0.4474 0.2520 -0.8581
vn -0.5454 -0.1448 -0.8256
vn -0.4461 -0.8759 -0.1840
vn -0.0270 -0.8713 0.4899
vn 0.1444 -0.8176 0.5573
vn 0.1663 -0.8663 0.4710
vn -0.0099 -0.9445 0.3284
vn -0.3137 -0.9356 0.1618
vn -0.6038 -0.7875 0.1238
vn -0.6987 -0.6759 0.2344
vn -0.3542 -0.9303 -0.0955
vn 0.3398 -0.7151 -0.6109
vn 0.6431 -0.2880 -0.7096
vn 0.7004 -0.1254 -0.7027
vn 0.4784 -0.8587 -0.1838
vn 0.9099 0.3912 -0.1378
vn -0.7319 0.6709 -0.1194
vn -0.6390 0.7605 -0.1152
vn -0.4652 0.8768 -0.1215
vn 0.0715 0.0345 -0.9968
vn -0.0204 -0.0393 -0.9990
vn 0.0252 -0.0027 -0.9997
vn 0.0886 -0.0106 -0.9960
vn -0.0087 -0.0530 -0.9986
vn 0.0708 -0.2282 -0.9710
vn 0.1018 -0.1376 -0.9852
vn -0.0522 -0.4101 -0.9105
vn -0.0246 -0.3927 -0.9193
vn -0.0505 -0.3682 -0.9284
vn -0.1020 -0.4456 -0.8894
vn -0.1648 -0.5350 -0.8287
vn -0.0540 -0.3735 -0.9261
vn -0.2615 -0.6624 -0.7020
vn -0.1342 -0.7060 -0.6954
vn 0.1342 0.7060 0.6954
vn 0.0844 0.4440 -0.8920
vn 0.9869 -0.1614 0.0000
vn -0.0844 -0.4440 0.8920
vn -0.9869 0.1614 -0.0000
vn -0.5044 -0.8605 -0.0716
vn -0.3279 -0.9366 -0.1237
vn -0.3330 -0.9425 0.0272
vn -0.5442 -0.8386 0.0247
vn -0.0958 -0.9947 0.0365
vn -0.1406 -0.9880 -0.0643
vn 0.1419 0.9818 -0.1264
vn 0.0961 0.9950 -0.0283
vn 0.3329 0.9426 -0.0278
vn 0.3286 0.9277 -0.1775
vn 0.5447 0.8385 -0.0159
vn 0.5052 0.8551 -0.1167
vn -0.7329 0.2386 -0.6371
vn 0.0078 -0.0317 -0.9995
vn 0.7444 -0.2779 -0.6072
vn 0.9441 -0.3265 0.0459
vn -0.9448 0.3277 -0.0052
vn -0.5305 -0.5474 -0.6472
vn 0.0284 -0.6710 -0.7409
vn 0.2068 0.8754 0.4370
vn -0.1547 0.8361 0.5262
vn -0.4639 0.7602 0.4549
vn 0.5605 -0.5393 -0.6285
vn 0.6397 -0.2752 -0.7177
vn -0.6484 -0.0382 -0.7603
vn -0.5592 -0.3608 -0.7464
vn -0.3736 0.8273 -0.4195
vn -0.1157 0.9189 -0.3772
vn 0.0531 0.0419 -0.9977
vn 0.2495 0.8661 -0.4332
vn 0.6547 0.0182 -0.7557
vn -0.5955 0.5059 0.6241
vn -0.1559 0.4535 0.8775
vn 0.3014 0.7861 0.5396
vn 0.0519 -0.2419 -0.9689
vn 0.2991 0.6010 0.7411
vn -0.1199 0.3948 0.9109
vn -0.6290 0.3634 0.6873
vn 0.0868 0.8758 -0.4748
vn 0.5073 0.7576 -0.4106
vn 0.6869 -0.5586 0.4649
vn 0.1417 -0.9176 0.3714
vn 0.0929 -0.9888 0.1165
vn 0.8526 0.4503 -0.2652
vn 0.5828 0.5073 -0.6348
vn 0.7900 0.2885 -0.5410
vn 0.0397 0.5575 -0.8292
vn -0.2312 0.8532 -0.4675
vn -0.1840 0.4878 -0.8533
vn -0.6675 0.5809 -0.4659
vn -0.5658 0.3075 -0.7650
vn 0.4793 0.3064 -0.8224
vn 0.1839 0.3858 -0.9041
vn 0.1540 0.2029 -0.9670
vn 0.3918 0.1800 -0.9023
vn 0.3324 0.2889 -0.8978
vn 0.0653 0.2891 -0.9551
vn 0.6120 0.1416 -0.7780
vn 0.7883 0.1969 -0.5829
vn 0.5110 0.0593 -0.8575
vn 0.7168 0.1206 -0.6867
vn 0.7444 0.1290 -0.6552
vn 0.4100 0.0269 -0.9117
vn -0.9180 0.1181 -0.3787
vn -0.8888 0.1995 -0.4127
vn -0.7506 0.1515 -0.6432
vn -0.9380 0.1231 -0.3240
vn -0.8104 0.1084 -0.5757
vn -0.8319 0.1179 -0.5423
vn 0.9249 0.1900 -0.3293
vn 0.9268 0.2659 -0.2653
vn 0.9207 0.1875 -0.3423
vn -0.2341 0.2445 -0.9409
vn -0.2411 0.4006 -0.8840
vn -0.3229 0.3939 -0.8606
vn -0.3436 0.2592 -0.9026
vn -0.2439 0.2928 -0.9245
vn -0.4081 0.3063 -0.8600
vn -0.2593 0.5814 -0.7712
vn 0.0750 0.6314 -0.7718
vn 0.3127 0.6755 -0.6678
vn 0.7985 0.2470 -0.5490
vn 0.9382 -0.0003 -0.3462
vn 0.1380 -0.9590 0.2477
vn -0.1299 -0.6269 0.7682
vn -0.9882 0.1439 0.0527
vn -0.9485 0.3128 -0.0500
vn -0.5923 0.6771 -0.4367
vn -0.0855 0.8532 -0.5146
vn 0.4755 0.5480 -0.6882
vn -0.3451 0.5229 -0.7794
vn 0.9955 -0.0936 0.0132
vn -0.9866 0.0832 0.1405
vn 0.4648 0.6146 -0.6373
vn 0.8158 0.2517 -0.5208
vn 0.8511 0.0162 -0.5247
vn 0.1734 -0.9849 0.0024
vn 0.1719 -0.9844 -0.0376
vn 0.0310 -0.9965 -0.0774
vn -0.8377 0.2686 -0.4755
vn -0.7451 0.3415 -0.5730
vn -0.5663 0.6317 -0.5294
vn -0.1052 0.7682 -0.6315
vn 0.6767 0.4261 -0.6005
vn -0.8036 0.1598 -0.5733
vn 0.1147 -0.0014 0.9934
vn -0.0849 -0.4742 0.8763
vn -0.4060 0.0053 0.9139
vn -0.8998 0.0084 -0.4363
vn -0.4205 0.0011 -0.9073
vn -0.2352 0.0003 -0.9719
vn 0.6583 -0.0013 -0.7528
vn 0.8198 -0.0051 -0.5726
vn 0.8457 -0.0092 0.5336
vn -0.7836 0.2361 -0.5746
vn -0.9058 0.3729 -0.2012
vn -0.8650 0.3817 -0.3258
vn 0.0316 -0.9995 0.0033
vn 0.0482 -0.9981 0.0380
vn 0.0027 -0.9995 0.0312
vn -0.0409 -0.9991 0.0115
vn -0.0584 -0.9962 0.0646
vn -0.6655 0.7455 -0.0348
vn -0.6651 0.6857 -0.2958
vn -0.6724 0.6982 -0.2459
vn -0.6671 0.7441 -0.0371
vn -0.6225 0.6236 -0.4729
vn -0.6077 -0.6218 -0.4940
vn -0.6216 -0.6675 -0.4100
vn -0.6244 -0.6791 -0.3859
vn -0.6499 -0.7312 -0.2071
vn -0.6512 -0.7321 -0.1997
vn 0.7082 -0.6378 0.3029
vn 0.6052 -0.6084 0.5133
vn 0.3958 -0.6430 0.6557
vn 0.7170 -0.6810 0.1488
vn 0.0515 -0.6230 0.7805
vn -0.3180 -0.6400 0.6995
vn -0.5455 -0.6063 0.5787
vn -0.6152 -0.6753 0.4068
vn -0.4480 0.3650 -0.8161
vn -0.4819 -0.2207 -0.8480
vn -0.7465 -0.2183 -0.6286
vn -0.7254 0.3318 -0.6031
vn -0.0538 0.4002 -0.9148
vn -0.0571 -0.2065 -0.9768
vn -0.3768 0.1992 -0.9046
vn -0.2867 0.2113 -0.9344
vn -0.0365 0.2469 -0.9683
vn -0.0439 0.2222 -0.9740
vn -0.6012 0.1786 -0.7789
vn -0.6097 0.1949 -0.7683
vn 0.5698 0.2388 -0.7863
vn 0.9558 0.2609 -0.1359
vn 0.8044 0.2845 -0.5216
vn 0.8124 0.3965 -0.4275
vn 0.8621 -0.1251 -0.4911
vn 0.6904 -0.1919 -0.6975
vn 0.6402 0.3799 -0.6677
vn 0.8915 0.4080 -0.1967
vn 0.9531 -0.1304 -0.2733
vn -0.8655 -0.2396 -0.4400
vn -0.8573 0.3217 -0.4020
vn -0.9268 0.2017 -0.3169
vn -0.9804 0.1964 -0.0150
vn -0.8816 0.4674 0.0653
vn -0.8682 0.4891 -0.0832
vn 0.3905 -0.2084 -0.8967
vn 0.3706 0.3918 -0.8421
vn 0.2986 0.2354 -0.9249
vn 0.6113 0.2157 -0.7614
vn 0.3652 0.2234 -0.9037
vn -0.1425 0.0880 -0.9859
vn -0.2135 0.4246 -0.8799
vn 0.0034 0.3802 -0.9249
vn -0.0153 0.1048 -0.9944
vn -0.5425 0.2060 -0.8144
vn -0.4391 0.3054 -0.8450
vn -0.9053 0.3031 0.2978
vn -0.6790 0.6255 0.3845
vn 0.1313 0.1013 -0.9862
vn 0.5610 0.1801 -0.8080
vn 0.1823 0.3656 -0.9127
vn 0.4672 0.2741 -0.8406
vn -0.2278 0.9292 0.2910
vn 0.0550 0.9441 0.3251
vn 0.3009 0.9036 0.3049
vn 0.7003 0.6631 0.2644
vn 0.8521 0.3448 0.3937
vn 0.3727 -0.9237 0.0891
vn 0.2735 -0.9379 0.2135
vn -0.9391 -0.2463 -0.2397
vn 0.4198 -0.9065 0.0442
vn -0.1829 -0.9489 0.2571
vn -0.2466 -0.9470 0.2059
vn -0.6702 -0.7048 0.2326
vn -0.2103 -0.9739 0.0856
vn -0.1101 -0.9415 0.3184
vn 0.0174 -0.9547 0.2972
vn 0.1650 -0.9437 0.2866
vn 0.0469 0.1136 0.9924
vn -0.1463 0.0972 0.9845
vn -0.1803 0.2411 0.9536
vn 0.0591 0.0641 0.9962
vn 0.0549 0.0882 0.9946
vn 0.0515 0.0682 0.9963
vn 0.9483 0.2290 -0.2197
vn -0.9182 0.3340 -0.2131
vn -0.9439 0.3241 -0.0628
vn -0.9388 0.3374 -0.0690
vn -0.9299 0.1678 -0.3272
vn -0.9848 0.1709 -0.0317
vn -0.8154 0.1183 -0.5667
vn -0.8365 0.1113 -0.5366
vn -0.8984 0.0957 -0.4286
vn -0.8885 0.0998 -0.4478
vn -0.9669 0.0359 -0.2525
vn -0.9594 0.0640 -0.2748
vn -0.1387 0.1323 -0.9815
vn -0.4690 -0.3015 -0.8302
vn -0.5746 -0.3586 -0.7357
vn -0.5356 -0.3376 -0.7741
vn -0.6420 -0.3941 -0.6576
vn -0.6376 -0.3918 -0.6633
vn 0.0506 0.0947 0.9942
vn 0.0594 0.0566 0.9966
vn 0.1300 0.9914 0.0168
vn 0.2178 0.9758 -0.0181
vn -0.0331 0.9992 0.0242
vn -0.2696 0.9605 0.0688
vn -0.2564 0.9640 0.0710
vn -0.5889 0.2052 -0.7817
vn 0.0066 0.1758 -0.9844
vn 0.0482 -0.9331 -0.3565
vn -0.9454 -0.2876 -0.1537
vn -0.0014 -0.5560 0.8312
vn -0.6312 -0.4204 0.6518
vn 0.6336 -0.3597 0.6849
vn 0.9713 -0.2092 -0.1133
vn 0.6066 0.2608 -0.7510
vn -0.5243 0.8361 0.1615
vn -0.6976 0.3349 0.6334
vn 0.0051 0.2512 0.9679
vn 0.0058 0.9675 0.2529
vn 0.7239 0.3381 0.6014
vn 0.5361 0.8331 0.1362
vn 0.3046 -0.1370 0.9426
vn -0.0004 -0.1366 0.9906
vn -0.2911 -0.1327 0.9475
vn -0.6153 0.2023 -0.7619
vn -0.0005 0.3183 -0.9480
vn 0.6259 0.2578 -0.7360
vn 0.6239 0.2588 -0.7375
vn 0.0010 0.3132 -0.9497
vn -0.6141 0.2066 -0.7617
vn 0.9997 -0.0221 0.0129
vn 0.6223 -0.3111 0.7184
vn 0.6284 -0.2703 0.7294
vn 1.0000 0.0050 -0.0023
vn -0.0041 -0.4095 0.9123
vn -0.6246 -0.3661 0.6898
vn -0.6332 -0.3239 0.7030
vn -0.0002 -0.3656 0.9308
vn -0.9935 -0.1065 -0.0402
vn -0.9958 -0.0766 -0.0506
vn 0.6246 0.2830 -0.7278
vn -0.0011 0.3496 -0.9369
vn -0.0007 0.3647 -0.9311
vn 0.6237 0.2920 -0.7250
vn -0.0005 0.3694 -0.9293
vn 0.6201 0.2962 -0.7265
vn -0.6275 0.2841 -0.7250
vn -0.6268 0.2768 -0.7283
vn -0.6248 0.2516 -0.7392
vn 0.6296 -0.3051 0.7145
vn 1.0000 -0.0002 -0.0088
vn 0.9997 0.0002 -0.0239
vn 0.6383 -0.3189 0.7006
vn 0.9982 0.0140 -0.0585
vn 0.6580 -0.3177 0.6827
vn -0.6353 -0.3342 0.6962
vn -0.0019 -0.4001 0.9165
vn -0.0007 -0.4127 0.9109
vn -0.6382 -0.3294 0.6958
vn 0.0007 -0.4170 0.9089
vn -0.6499 -0.3247 0.6872
vn -0.9983 -0.0472 -0.0343
vn -0.9994 -0.0210 -0.0282
vn -0.9989 -0.0046 -0.0460
vn 0.5608 0.3591 -0.7460
vn -0.0024 0.4743 -0.8803
vn -0.0027 0.7173 -0.6968
vn 0.5980 0.5737 -0.5597
vn -0.6157 0.5881 -0.5244
vn -0.5791 0.3564 -0.7332
vn 0.6694 -0.3043 0.6777
vn 0.9881 0.0221 -0.1521
vn 0.9892 0.1053 0.1016
vn 0.6127 -0.2532 0.7486
vn -0.6548 -0.3107 0.6890
vn -0.0013 -0.3805 0.9248
vn -0.0014 -0.2810 0.9597
vn -0.5930 -0.2492 0.7657
vn -0.9938 0.0065 -0.1108
vn -0.9836 0.1100 0.1431
vn -0.0013 0.3871 -0.9221
vn 0.6056 0.3076 -0.7339
vn -0.6186 0.2948 -0.7283
vn 0.9936 0.0319 -0.1086
vn 0.6789 -0.3081 0.6665
vn 0.0006 -0.4112 0.9116
vn -0.6651 -0.3188 0.6752
vn -0.9965 0.0067 -0.0834
vn -0.0002 0.3334 -0.9428
vn 0.6255 0.2737 -0.7306
vn -0.6202 0.2247 -0.7516
vn 1.0000 0.0032 -0.0006
vn 0.6268 -0.2894 0.7235
vn -0.0012 -0.3876 0.9218
vn -0.6328 -0.3381 0.6966
vn -0.9964 -0.0721 -0.0442
vn -0.2936 -0.8660 -0.4048
vn -0.0002 -0.8922 -0.4516
vn -0.0003 -1.0000 -0.0000
vn -0.3383 -0.9410 -0.0000
vn -0.0002 -0.8922 0.4516
vn -0.2936 -0.8660 0.4048
vn 0.2933 -0.8660 0.4049
vn 0.3379 -0.9412 0.0000
vn -0.1414 0.9706 -0.1946
vn -0.1645 0.9864 0.0003
vn -0.0016 1.0000 -0.0001
vn -0.0013 0.9742 -0.2257
vn 0.2324 0.9726 -0.0003
vn 0.1743 0.9697 -0.1712
vn 0.1749 0.9696 0.1712
vn -0.0019 0.9742 0.2256
vn -0.1419 0.9704 0.1953
vn -0.0000 -0.0607 -0.9982
vn -0.0000 -0.0258 -0.9997
vn -0.1138 -0.0373 -0.9928
vn 0.9399 -0.1306 -0.3153
vn 0.9962 -0.0868 -0.0001
vn 0.9914 -0.1306 0.0000
vn 0.9781 -0.0549 0.2008
vn 0.9991 -0.0419 -0.0001
vn 0.9781 -0.0550 -0.2008
vn -0.0000 -0.0952 0.9955
vn -0.9399 -0.1307 0.3153
vn -0.9536 -0.0942 0.2860
vn -0.9962 -0.0867 -0.0000
vn -0.9914 -0.1306 -0.0000
vn -0.9399 -0.1306 -0.3153
vn -0.9782 -0.0551 -0.2004
vn -0.9991 -0.0420 -0.0000
vn -0.9782 -0.0551 0.2004
vn -0.7645 -0.5456 -0.3433
vn -0.5715 -0.3789 -0.7279
vn -0.2168 -0.4897 -0.8445
vn -0.6218 -0.1216 -0.7737
vn -0.1197 0.5696 -0.8132
vn -0.5971 0.4185 -0.6843
vn -0.7805 0.5945 -0.1932
vn -0.6495 -0.0671 -0.7574
vn 0.1170 0.5692 -0.8139
vn 0.5949 0.4225 -0.6838
vn 0.6495 -0.0670 -0.7574
vn 0.7897 0.5929 -0.1578
vn 0.5715 -0.3789 -0.7279
vn 0.7895 0.5931 0.1579
vn 0.5959 0.4200 0.6845
vn 0.6493 -0.0670 0.7576
vn 0.1175 0.5698 0.8134
vn 0.2166 -0.4898 0.8445
vn -0.1200 0.5691 0.8135
vn -0.5973 0.4178 0.6847
vn -0.6495 -0.0671 0.7574
vn -0.7804 0.5944 0.1939
vn -0.7645 -0.5456 0.3433
vn -0.5715 -0.3789 0.7279
vn -0.8240 -0.5666 -0.0000
vn -0.0001 -0.4792 0.8777
vn 0.8240 -0.5666 0.0000
vn -0.0000 -0.4792 -0.8777
vn -0.0006 0.5573 -0.8303
vn 0.8772 0.4802 -0.0003
vn -0.0011 0.5574 0.8302
vn -0.8021 0.5972 0.0002
vn 0.6282 -0.0955 -0.7721
vn -0.6282 -0.0955 -0.7721
vn 0.6281 -0.0955 0.7722
vn -0.5860 -0.5485 -0.5965
vn -0.3408 -0.6462 -0.6828
vn -0.2664 -0.9603 0.0832
vn -0.7242 -0.6565 0.2110
vn -0.0164 -0.6258 0.7798
vn -0.2522 -0.5168 0.8181
vn 0.2437 -0.6746 0.6968
vn 0.2960 -0.9511 -0.0880
vn -0.0732 -0.6739 -0.7352
vn -0.2437 0.6746 -0.6968
vn -0.2961 0.9511 0.0885
vn 0.2664 0.9603 -0.0832
vn 0.0163 0.6263 -0.7794
vn 0.7241 0.6567 -0.2105
vn 0.2522 0.5179 -0.8174
vn 0.5860 0.5485 0.5965
vn 0.3405 0.6460 0.6832
vn 0.0728 0.6732 0.7359
vn -0.6731 0.1203 -0.7297
vn -0.2103 -0.0029 -0.9776
vn 0.2560 -0.1230 -0.9588
vn 0.9350 -0.2636 -0.2371
vn 0.6731 -0.1203 0.7297
vn 0.2098 0.0031 0.9777
vn -0.9348 0.2637 0.2380
vn -0.7850 -0.5668 -0.2502
vn -0.5722 -0.6734 -0.4682
vn -0.2144 -0.9541 0.2091
vn -0.5653 -0.6397 0.5208
vn 0.2601 -0.6312 0.7307
vn 0.0436 -0.5052 0.8619
vn 0.4914 -0.6995 0.5189
vn 0.2299 -0.9492 -0.2148
vn -0.3187 -0.6955 -0.6440
vn -0.4914 0.6995 -0.5189
vn -0.2300 0.9492 0.2148
vn 0.2144 0.9541 -0.2091
vn -0.2601 0.6312 -0.7307
vn 0.5653 0.6397 -0.5208
vn -0.0436 0.5052 -0.8619
vn 0.7850 0.5668 0.2502
vn 0.5722 0.6734 0.4682
vn 0.3187 0.6955 0.6440
vn -0.9286 0.1249 -0.3494
vn -0.5602 -0.0074 -0.8284
vn -0.1079 -0.1282 -0.9859
vn 0.7483 -0.2677 -0.6070
vn 0.9286 -0.1249 0.3494
vn 0.5602 0.0074 0.8284
vn 0.1079 0.1282 0.9859
vn -0.7483 0.2677 0.6070
vn -0.4354 -0.8762 0.2067
vn 0.4354 0.8762 -0.2067
vn -0.2670 -0.0043 -0.9637
vn 0.8337 -0.4028 -0.3778
vn 0.2670 0.0043 0.9637
vn -0.8337 0.4028 0.3778
vn -0.4596 -0.8816 0.1071
vn 0.4596 0.8816 -0.1071
vn -0.1305 -0.0043 -0.9914
vn 0.8913 -0.4116 -0.1902
vn 0.0762 0.9961 0.0445
vn 0.1305 0.0043 0.9914
vn -0.8913 0.4116 0.1902
vn -0.2065 0.9363 -0.2839
vn -0.1973 0.8971 -0.3952
vn -0.8495 0.4962 -0.1795
vn -0.8470 0.5288 -0.0547
vn -0.1956 0.9636 -0.1824
vn 0.5185 0.8052 -0.2879
vn 0.5292 0.7755 -0.3443
vn 0.9563 0.2001 -0.2131
vn 0.9508 0.2322 -0.2050
vn -0.4647 -0.7988 -0.3821
vn -0.5478 -0.7832 0.2942
vn -0.9678 -0.2232 0.1163
vn -0.7495 -0.3396 -0.5682
vn 0.2012 -0.9049 0.3751
vn -0.5237 -0.6675 0.5293
vn -0.5420 -0.7351 0.4073
vn 0.2074 -0.9281 0.3092
vn -0.8778 -0.0885 0.4707
vn -0.9405 -0.1463 0.3067
vn 0.3878 0.4415 -0.8092
vn 0.6570 -0.0111 -0.7538
vn 0.6456 -0.5716 -0.5065
vn 0.1167 -0.8806 -0.4593
vn -0.7066 0.2380 -0.6664
vn -0.1663 0.4950 -0.8528
vn 0.9571 0.1829 -0.2250
vn 0.5363 0.7424 -0.4015
vn 0.8554 -0.5153 0.0535
vn 0.8507 -0.5227 0.0551
vn 0.1829 -0.9362 0.3001
vn 0.4802 0.8713 -0.1009
vn -0.1945 0.9798 0.0460
vn 0.3457 0.1526 0.9258
vn -0.7624 0.5851 0.2765
vn -0.8314 0.5506 0.0755
vn 0.8628 -0.4923 0.1150
vn 0.9471 0.2893 -0.1392
vn 0.1919 -0.9403 0.2811
vn 0.8517 -0.5212 0.0540
vn -0.9645 -0.1697 0.2023
vn -0.5593 -0.7523 0.3483
vn -0.2054 0.8991 -0.3865
vn -0.1947 0.8493 -0.4906
vn -0.8458 0.4784 -0.2363
vn -0.8461 0.5203 -0.1157
vn -0.1947 0.9358 -0.2938
vn 0.5127 0.7708 -0.3781
vn 0.5222 0.7371 -0.4290
vn 0.9545 0.1832 -0.2352
vn 0.9481 0.2178 -0.2316
vn -0.4632 -0.8302 -0.3102
vn -0.5421 -0.7488 0.3813
vn -0.9663 -0.2144 0.1425
vn -0.7516 -0.3842 -0.5362
vn 0.1983 -0.8592 0.4717
vn -0.5170 -0.6168 0.5936
vn -0.5334 -0.6928 0.4853
vn 0.2057 -0.8879 0.4116
vn -0.8769 -0.0559 0.4775
vn -0.9391 -0.1227 0.3211
vn 0.3823 0.3717 -0.8460
vn 0.6559 -0.0667 -0.7519
vn 0.6472 -0.6148 -0.4508
vn 0.1160 -0.9178 -0.3796
vn -0.7047 0.1837 -0.6853
vn -0.1624 0.4188 -0.8934
vn 0.9556 0.1647 -0.2442
vn 0.5282 0.7003 -0.4803
vn 0.8540 -0.5075 0.1146
vn 0.8495 -0.5145 0.1168
vn 0.1821 -0.8966 0.4036
vn 0.4764 0.8561 -0.2004
vn -0.1952 0.9784 -0.0677
vn 0.3431 0.2551 0.9040
vn -0.7678 0.6052 0.2104
vn -0.8342 0.5514 0.0102
vn 0.8619 -0.4776 0.1703
vn 0.9446 0.2786 -0.1738
vn 0.1899 -0.9026 0.3863
vn 0.8516 -0.5116 0.1146
vn -0.9633 -0.1541 0.2198
vn -0.5514 -0.7150 0.4297
vn -0.2415 0.8256 -0.5100
vn -0.2374 0.7630 -0.6012
vn -0.8643 0.4536 -0.2175
vn -0.8555 0.5068 -0.1066
vn -0.2208 0.8728 -0.4353
vn 0.4548 0.6891 -0.5642
vn 0.4603 0.6501 -0.6046
vn 0.9147 0.1415 -0.3785
vn 0.9063 0.1791 -0.3829
vn -0.4818 -0.8642 -0.1448
vn -0.4841 -0.6670 0.5663
vn -0.9362 -0.1845 0.2990
vn -0.7987 -0.4535 -0.3955
vn 0.2368 -0.7755 0.5852
vn -0.4426 -0.5179 0.7320
vn -0.4658 -0.6008 0.6496
vn 0.2426 -0.8104 0.5332
vn -0.8169 0.0025 0.5768
vn -0.8911 -0.0747 0.4476
vn 0.2892 0.2466 -0.9250
vn 0.5749 -0.1588 -0.8027
vn 0.6083 -0.6765 -0.4151
vn 0.0825 -0.9635 -0.2545
vn -0.7710 0.0997 -0.6290
vn -0.2349 0.2943 -0.9264
vn 0.9153 0.1229 -0.3836
vn 0.4616 0.6085 -0.6455
vn 0.8621 -0.4961 0.1036
vn 0.8584 -0.5017 0.1066
vn 0.2209 -0.8187 0.5300
vn 0.4372 0.8022 -0.4066
vn -0.2047 0.9525 -0.2254
vn 0.4356 0.4042 0.8043
vn -0.7539 0.6299 0.1866
vn -0.8351 0.5500 0.0103
vn 0.8762 -0.4583 0.1492
vn 0.9080 0.2450 -0.3398
vn 0.2232 -0.8273 0.5156
vn 0.8617 -0.4971 0.1020
vn -0.9267 -0.1159 0.3575
vn -0.4876 -0.6295 0.6049
vn -0.3425 0.6086 -0.7158
vn -0.3523 0.5275 -0.7731
vn -0.9257 0.3568 -0.1254
vn -0.8846 0.4619 -0.0649
vn -0.2893 0.6768 -0.6769
vn 0.2877 0.4480 -0.8465
vn 0.2806 0.4053 -0.8700
vn 0.7677 0.0334 -0.6400
vn 0.7516 0.0686 -0.6561
vn -0.4640 -0.8173 0.3417
vn -0.3083 -0.4316 0.8477
vn -0.7936 -0.1049 0.5993
vn -0.8097 -0.5749 0.1176
vn 0.3338 -0.5430 0.7706
vn -0.2446 -0.2387 0.9398
vn -0.2793 -0.3541 0.8925
vn 0.3305 -0.5919 0.7351
vn -0.6356 0.1810 0.7506
vn -0.7334 0.0474 0.6781
vn -0.0112 -0.1778 -0.9840
vn 0.3059 -0.4802 -0.8221
vn 0.5102 -0.8250 -0.2429
vn -0.0224 -0.9800 0.1975
vn -0.9306 -0.1094 -0.3493
vn -0.4773 -0.0922 -0.8739
vn 0.7629 0.0228 -0.6461
vn 0.2721 0.3635 -0.8910
vn 0.8935 -0.4464 0.0481
vn 0.8891 -0.4536 0.0604
vn 0.3225 -0.6013 0.7311
vn 0.2993 0.5715 -0.7641
vn -0.2055 0.8033 -0.5590
vn 0.5955 0.6338 0.4936
vn -0.7037 0.7026 0.1055
vn -0.8304 0.5572 -0.0005
vn 0.9161 -0.3943 0.0721
vn 0.7458 0.1469 -0.6497
vn 0.3200 -0.6111 0.7239
vn 0.8882 -0.4553 0.0620
vn -0.7833 -0.0106 0.6215
vn -0.3046 -0.3887 0.8696
vn -0.7131 -0.6683 -0.2119
vn -0.6890 -0.7175 -0.1026
vn -0.9510 -0.0464 0.3056
vn -0.9893 -0.0289 0.1427
vn -0.7071 -0.6148 -0.3493
vn -0.0447 -0.8559 -0.5152
vn -0.0300 -0.8945 -0.4460
vn 0.6527 -0.6250 -0.4283
vn 0.6342 -0.6287 -0.4501
vn 0.0957 0.5514 0.8288
vn 0.0228 0.8595 0.5106
vn -0.6203 0.5775 0.5307
vn -0.3509 0.2947 0.8888
vn 0.6921 0.7110 0.1242
vn -0.0822 0.9859 0.1456
vn -0.0137 0.9252 0.3792
vn 0.6985 0.6844 0.2092
vn -0.7301 0.6833 0.0067
vn -0.6979 0.6527 0.2948
vn 0.0987 -0.9294 0.3555
vn 0.6235 -0.6641 0.4125
vn 0.8805 -0.1427 0.4520
vn 0.5850 0.3494 0.7319
vn -0.6699 -0.1767 0.7211
vn -0.4295 -0.6883 0.5846
vn 0.6602 -0.6304 -0.4083
vn -0.0091 -0.9230 -0.3846
vn 0.9857 -0.0023 -0.1687
vn 0.9874 0.0207 -0.1566
vn 0.6899 0.6844 0.2358
vn -0.0966 -0.7695 -0.6313
vn -0.6749 -0.5150 -0.5284
vn 0.1712 0.4004 -0.9002
vn -0.9624 0.0691 -0.2628
vn -0.9997 -0.0075 -0.0218
vn 0.9706 0.0186 -0.2401
vn 0.5726 -0.6208 -0.5355
vn 0.7097 0.6621 0.2407
vn 0.9885 0.0345 -0.1475
vn -0.6845 0.6091 0.4007
vn -0.0133 0.8950 0.4459
vn -0.2213 -0.9752 -0.0000
vn 0.0146 -0.9798 -0.1996
vn 0.3253 -0.9245 -0.1987
vn 0.3253 -0.9245 0.1987
vn 0.0146 -0.9798 0.1996
vn -0.3253 0.9245 -0.1987
vn -0.3253 0.9245 0.1987
vn -0.0146 0.9798 0.1996
vn -0.0146 0.9798 -0.1996
vn -0.9391 -0.2874 -0.1883
vn -0.9391 -0.2874 0.1883
vn -0.9822 -0.0130 0.1875
vn -0.9822 -0.0130 -0.1875
vn -0.0979 -0.1276 0.9870
vn 0.1368 -0.0908 0.9864
vn 0.0979 0.1276 0.9870
vn -0.1368 0.0908 0.9864
vn 0.9822 0.0130 0.1875
vn 0.9822 0.0130 -0.1875
vn 0.9391 0.2874 -0.1883
vn 0.9391 0.2874 0.1883
vn 0.1368 -0.0908 -0.9864
vn -0.0979 -0.1276 -0.9870
vn -0.1368 0.0908 -0.9864
vn 0.0979 0.1276 -0.9870
vn -0.1502 -0.9723 -0.1790
vn -0.1256 -0.9207 -0.3694
vn 0.0212 -0.9168 -0.3988
vn 0.3005 -0.8676 -0.3961
vn 0.4362 -0.8226 -0.3649
vn 0.4759 -0.8615 -0.1773
vn 0.4759 -0.8615 0.1773
vn 0.4362 -0.8226 0.3649
vn 0.3005 -0.8676 0.3961
vn 0.0212 -0.9168 0.3988
vn -0.1256 -0.9207 0.3694
vn -0.1502 -0.9723 0.1790
vn -0.3005 0.8676 -0.3961
vn -0.4362 0.8226 -0.3649
vn -0.4759 0.8615 -0.1773
vn -0.4759 0.8615 0.1773
vn -0.4362 0.8226 0.3649
vn -0.3005 0.8676 0.3961
vn -0.0212 0.9168 0.3988
vn 0.1256 0.9207 0.3694
vn 0.1502 0.9723 0.1790
vn 0.1502 0.9723 -0.1790
vn 0.1256 0.9207 -0.3694
vn -0.0212 0.9168 -0.3988
vn -0.8882 -0.2638 -0.3761
vn -0.8521 -0.3886 -0.3505
vn -0.8904 -0.4233 -0.1672
vn -0.8904 -0.4233 0.1672
vn -0.8521 -0.3886 0.3505
vn -0.8882 -0.2638 0.3761
vn -0.9273 -0.0174 0.3738
vn -0.9316 0.1093 0.3466
vn -0.9775 0.1299 0.1659
vn -0.9775 0.1299 -0.1659
vn -0.9316 0.1093 -0.3466
vn -0.9273 -0.0174 -0.3738
vn -0.2176 -0.1357 0.9666
vn -0.1830 -0.2378 0.9539
vn -0.0666 -0.2356 0.9696
vn 0.1419 -0.2035 0.9687
vn 0.2559 -0.1693 0.9518
vn 0.2529 -0.0593 0.9657
vn 0.2176 0.1357 0.9666
vn 0.1830 0.2378 0.9539
vn 0.0666 0.2356 0.9696
vn -0.1419 0.2035 0.9687
vn -0.2559 0.1693 0.9518
vn -0.2529 0.0593 0.9657
vn 0.9273 0.0174 0.3738
vn 0.9316 -0.1093 0.3466
vn 0.9775 -0.1299 0.1659
vn 0.9775 -0.1299 -0.1659
vn 0.9316 -0.1093 -0.3466
vn 0.9273 0.0174 -0.3738
vn 0.8882 0.2638 -0.3761
vn 0.8521 0.3886 -0.3505
vn 0.8904 0.4233 -0.1672
vn 0.8904 0.4233 0.1672
vn 0.8521 0.3886 0.3505
vn 0.8882 0.2638 0.3761
vn 0.2529 -0.0593 -0.9657
vn 0.2559 -0.1693 -0.9518
vn 0.1419 -0.2035 -0.9687
vn -0.0666 -0.2356 -0.9696
vn -0.1830 -0.2378 -0.9539
vn -0.2176 -0.1357 -0.9666
vn -0.2529 0.0593 -0.9657
vn -0.2559 0.1693 -0.9518
vn -0.1419 0.2035 -0.9687
vn 0.0666 0.2356 -0.9696
vn 0.1830 0.2378 -0.9539
vn 0.2176 0.1357 -0.9666
vn -0.5455 0.1812 0.8183
vn -0.6811 0.2540 0.6868
vn -0.4410 0.2720 0.8553
vn -0.4118 0.1991 0.8893
vn -0.0476 0.3073 0.9504
vn -0.0489 0.2245 0.9733
vn 0.3886 0.2966 0.8723
vn 0.3748 0.2285 0.8985
vn 0.6529 0.2745 0.7059
vn 0.6478 0.2249 0.7278
vn 0.8616 0.2800 0.4233
vn 0.8760 0.2354 0.4210
vn 0.9455 0.2754 0.1737
vn 0.9584 0.2278 0.1722
vn 0.9590 0.2833 0.0002
vn 0.9734 0.2293 -0.0001
vn 0.9455 0.2757 -0.1735
vn 0.9619 0.2235 -0.1576
vn 0.8618 0.2809 -0.4224
vn 0.8806 0.2257 -0.4167
vn 0.6493 0.2818 -0.7064
vn 0.6344 0.2228 -0.7402
vn 0.3792 0.3036 -0.8741
vn 0.3741 0.2361 -0.8968
vn -0.0465 0.3018 -0.9522
vn -0.0421 0.2275 -0.9729
vn -0.4364 0.2663 -0.8595
vn -0.4148 0.1986 -0.8880
vn -0.6814 0.2520 -0.6872
vn -0.5477 0.1804 -0.8170
vn -0.9498 0.0816 -0.3022
vn -0.8433 0.1137 -0.5253
vn -0.0971 0.1283 -0.9870
vn 0.8554 0.2321 -0.4631
vn 0.9594 0.2287 -0.1649
vn 0.9734 0.2292 -0.0002
vn 0.9508 0.2310 0.2066
vn 0.8511 0.2345 0.4698
vn -0.0964 0.1283 0.9870
vn -0.8425 0.1140 0.5265
vn -0.9499 0.0815 0.3018
vn -0.8816 0.2591 0.3945
vn -0.9424 0.2626 0.2073
vn -0.9646 0.2638 0.0004
vn -0.9424 0.2629 -0.2067
vn -0.8811 0.2591 -0.3957
# 3559 vertex normals

vt 0.2586 0.7382 0.0000
vt 0.2493 0.7376 0.0000
vt 0.2542 0.7250 0.0000
vt 0.2662 0.7308 0.0000
vt 0.2351 0.7359 0.0000
vt 0.2381 0.7216 0.0000
vt 0.2432 0.7042 0.0000
vt 0.2620 0.7098 0.0000
vt 0.2772 0.7182 0.0000
vt 0.2191 0.7354 0.0000
vt 0.2205 0.7201 0.0000
vt 0.2026 0.7356 0.0000
vt 0.2025 0.7201 0.0000
vt 0.2230 0.7015 0.0000
vt 0.2708 0.6938 0.0000
vt 0.2881 0.7044 0.0000
vt 0.2494 0.6861 0.0000
vt 0.2263 0.6816 0.0000
vt 0.2024 0.7010 0.0000
vt 0.2022 0.6802 0.0000
vt 0.2730 0.8325 0.0000
vt 0.2813 0.8379 0.0000
vt 0.2657 0.8481 0.0000
vt 0.2599 0.8371 0.0000
vt 0.2938 0.8470 0.0000
vt 0.2764 0.8606 0.0000
vt 0.2543 0.8714 0.0000
vt 0.2456 0.8558 0.0000
vt 0.2403 0.8425 0.0000
vt 0.3140 0.8592 0.0000
vt 0.2937 0.8785 0.0000
vt 0.2670 0.8941 0.0000
vt 0.2246 0.8598 0.0000
vt 0.2214 0.8454 0.0000
vt 0.2296 0.8775 0.0000
vt 0.2365 0.9035 0.0000
vt 0.2730 0.7391 0.0000
vt 0.2602 0.7450 0.0000
vt 0.2877 0.7293 0.0000
vt 0.2964 0.7434 0.0000
vt 0.2786 0.7503 0.0000
vt 0.2634 0.7542 0.0000
vt 0.3017 0.7177 0.0000
vt 0.3133 0.7343 0.0000
vt 0.2855 0.7653 0.0000
vt 0.2693 0.7681 0.0000
vt 0.3042 0.7602 0.0000
vt 0.3103 0.7784 0.0000
vt 0.2915 0.7819 0.0000
vt 0.2751 0.7839 0.0000
vt 0.3229 0.7534 0.0000
vt 0.3303 0.7742 0.0000
vt 0.2906 0.8260 0.0000
vt 0.3065 0.8322 0.0000
vt 0.2767 0.8232 0.0000
vt 0.2787 0.8114 0.0000
vt 0.2952 0.8125 0.0000
vt 0.3141 0.8151 0.0000
vt 0.2950 0.7977 0.0000
vt 0.3145 0.7968 0.0000
vt 0.2782 0.7983 0.0000
vt 0.3280 0.8390 0.0000
vt 0.3353 0.8175 0.0000
vt 0.3352 0.7957 0.0000
vt 0.2485 0.7463 0.0000
vt 0.2347 0.7458 0.0000
vt 0.2503 0.7553 0.0000
vt 0.2356 0.7555 0.0000
vt 0.2541 0.7691 0.0000
vt 0.2372 0.7697 0.0000
vt 0.2579 0.7850 0.0000
vt 0.2388 0.7858 0.0000
vt 0.2189 0.7458 0.0000
vt 0.2194 0.7559 0.0000
vt 0.2028 0.7563 0.0000
vt 0.2027 0.7461 0.0000
vt 0.2200 0.7702 0.0000
vt 0.2205 0.7864 0.0000
vt 0.2030 0.7868 0.0000
vt 0.2029 0.7705 0.0000
vt 0.2591 0.8255 0.0000
vt 0.2389 0.8292 0.0000
vt 0.2391 0.8153 0.0000
vt 0.2599 0.8129 0.0000
vt 0.2204 0.8314 0.0000
vt 0.2034 0.8462 0.0000
vt 0.2033 0.8323 0.0000
vt 0.2204 0.8169 0.0000
vt 0.2597 0.7995 0.0000
vt 0.2392 0.8009 0.0000
vt 0.2206 0.8020 0.0000
vt 0.2032 0.8176 0.0000
vt 0.2031 0.8025 0.0000
vt 0.7476 0.3966 0.0000
vt 0.7363 0.4102 0.0000
vt 0.7249 0.3991 0.0000
vt 0.7357 0.3864 0.0000
vt 0.7239 0.4249 0.0000
vt 0.7127 0.4128 0.0000
vt 0.7019 0.4016 0.0000
vt 0.7142 0.3890 0.0000
vt 0.7248 0.3773 0.0000
vt 0.7111 0.4392 0.0000
vt 0.6997 0.4265 0.0000
vt 0.6975 0.4527 0.0000
vt 0.6858 0.4398 0.0000
vt 0.6886 0.4144 0.0000
vt 0.6603 0.3574 0.0000
vt 0.6752 0.3514 0.0000
vt 0.6835 0.3617 0.0000
vt 0.6700 0.3696 0.0000
vt 0.6854 0.3481 0.0000
vt 0.6938 0.3539 0.0000
vt 0.7038 0.3609 0.0000
vt 0.6933 0.3706 0.0000
vt 0.6803 0.3805 0.0000
vt 0.7036 0.3797 0.0000
vt 0.6910 0.3910 0.0000
vt 0.7142 0.3688 0.0000
vt 0.6446 0.3662 0.0000
vt 0.6555 0.3793 0.0000
vt 0.6664 0.3913 0.0000
vt 0.6524 0.4029 0.0000
vt 0.6413 0.3906 0.0000
vt 0.6774 0.4028 0.0000
vt 0.6746 0.4274 0.0000
vt 0.6635 0.4151 0.0000
vt 0.8551 0.0014 0.0000
vt 0.8779 0.0000 0.0000
vt 0.8752 0.0213 0.0000
vt 0.8515 0.0222 0.0000
vt 0.8986 0.0002 0.0000
vt 0.8963 0.0215 0.0000
vt 0.8948 0.0446 0.0000
vt 0.8733 0.0445 0.0000
vt 0.8492 0.0451 0.0000
vt 0.8719 0.0682 0.0000
vt 0.8474 0.0685 0.0000
vt 0.8939 0.0683 0.0000
vt 0.9299 0.0075 0.0000
vt 0.9429 0.0138 0.0000
vt 0.9416 0.0305 0.0000
vt 0.9277 0.0267 0.0000
vt 0.4261 0.2932 0.0000
vt 0.4298 0.3036 0.0000
vt 0.4232 0.3145 0.0000
vt 0.4140 0.3047 0.0000
vt 0.9573 0.0506 0.0000
vt 0.9422 0.0497 0.0000
vt 0.9550 0.0328 0.0000
vt 0.9272 0.0479 0.0000
vt 0.9436 0.0706 0.0000
vt 0.9277 0.0699 0.0000
vt 0.9597 0.0710 0.0000
vt 0.9156 0.0029 0.0000
vt 0.9132 0.0235 0.0000
vt 0.9121 0.0460 0.0000
vt 0.9119 0.0690 0.0000
vt 0.7463 0.3746 0.0000
vt 0.7586 0.3847 0.0000
vt 0.7346 0.3655 0.0000
vt 0.7449 0.3520 0.0000
vt 0.7578 0.3616 0.0000
vt 0.7705 0.3728 0.0000
vt 0.0761 0.3866 0.0000
vt 0.0921 0.3856 0.0000
vt 0.0925 0.4035 0.0000
vt 0.0758 0.4037 0.0000
vt 0.7550 0.3370 0.0000
vt 0.7690 0.3464 0.0000
vt 0.7648 0.3212 0.0000
vt 0.7794 0.3304 0.0000
vt 0.0927 0.4216 0.0000
vt 0.0758 0.4212 0.0000
vt 0.7000 0.3431 0.0000
vt 0.7117 0.3494 0.0000
vt 0.6867 0.3385 0.0000
vt 0.6895 0.3241 0.0000
vt 0.7051 0.3294 0.0000
vt 0.7191 0.3357 0.0000
vt 0.7112 0.3142 0.0000
vt 0.7268 0.3207 0.0000
vt 0.6939 0.3086 0.0000
vt 0.6999 0.2927 0.0000
vt 0.7186 0.2983 0.0000
vt 0.7352 0.3054 0.0000
vt 0.7232 0.3570 0.0000
vt 0.7322 0.3433 0.0000
vt 0.7412 0.3284 0.0000
vt 0.7503 0.3129 0.0000
vt 0.4396 0.2877 0.0000
vt 0.4399 0.3035 0.0000
vt 0.4211 0.2799 0.0000
vt 0.4360 0.2729 0.0000
vt 0.7531 0.2770 0.0000
vt 0.7374 0.2698 0.0000
vt 0.7448 0.2562 0.0000
vt 0.7601 0.2624 0.0000
vt 0.3641 0.2950 0.0000
vt 0.3668 0.3129 0.0000
vt 0.3530 0.3146 0.0000
vt 0.3497 0.2986 0.0000
vt 0.4151 0.2663 0.0000
vt 0.4308 0.2585 0.0000
vt 0.7833 0.2520 0.0000
vt 0.7992 0.2596 0.0000
vt 0.7903 0.2758 0.0000
vt 0.7752 0.2686 0.0000
vt 0.7822 0.2905 0.0000
vt 0.7678 0.2836 0.0000
vt 0.3802 0.2950 0.0000
vt 0.3820 0.3137 0.0000
vt 0.7445 0.2908 0.0000
vt 0.7282 0.2834 0.0000
vt 0.3975 0.2968 0.0000
vt 0.3984 0.3157 0.0000
vt 0.7595 0.2979 0.0000
vt 0.7739 0.3054 0.0000
vt 0.8183 0.2681 0.0000
vt 0.8073 0.2836 0.0000
vt 0.0828 0.4904 0.0000
vt 0.0610 0.4883 0.0000
vt 0.0691 0.4714 0.0000
vt 0.0884 0.4730 0.0000
vt 0.0753 0.4549 0.0000
vt 0.0924 0.4564 0.0000
vt 0.7971 0.2984 0.0000
vt 0.7884 0.3139 0.0000
vt 0.0766 0.4383 0.0000
vt 0.0933 0.4394 0.0000
vt 0.4542 0.3282 0.0000
vt 0.4545 0.3394 0.0000
vt 0.4404 0.3397 0.0000
vt 0.4447 0.3247 0.0000
vt 0.4536 0.3556 0.0000
vt 0.4377 0.3561 0.0000
vt 0.4228 0.3555 0.0000
vt 0.4262 0.3380 0.0000
vt 0.4305 0.3212 0.0000
vt 0.4528 0.3733 0.0000
vt 0.4358 0.3737 0.0000
vt 0.4526 0.3918 0.0000
vt 0.4351 0.3918 0.0000
vt 0.4204 0.3735 0.0000
vt 0.4122 0.3364 0.0000
vt 0.4148 0.3182 0.0000
vt 0.4100 0.3546 0.0000
vt 0.3973 0.3538 0.0000
vt 0.3979 0.3348 0.0000
vt 0.4085 0.3731 0.0000
vt 0.4195 0.3918 0.0000
vt 0.4079 0.3918 0.0000
vt 0.3968 0.3728 0.0000
vt 0.3356 0.3483 0.0000
vt 0.3393 0.3302 0.0000
vt 0.3527 0.3324 0.0000
vt 0.3508 0.3515 0.0000
vt 0.3429 0.3174 0.0000
vt 0.3671 0.3326 0.0000
vt 0.3663 0.3530 0.0000
vt 0.3825 0.3335 0.0000
vt 0.3823 0.3535 0.0000
vt 0.3337 0.3693 0.0000
vt 0.3497 0.3714 0.0000
vt 0.3655 0.3727 0.0000
vt 0.3653 0.3918 0.0000
vt 0.3494 0.3918 0.0000
vt 0.3819 0.3729 0.0000
vt 0.3966 0.3918 0.0000
vt 0.3816 0.3918 0.0000
vt 0.7177 0.1617 0.0000
vt 0.6935 0.1834 0.0000
vt 0.6756 0.1675 0.0000
vt 0.7161 0.1358 0.0000
vt 0.7534 0.1943 0.0000
vt 0.7808 0.1902 0.0000
vt 0.7535 0.2415 0.0000
vt 0.7339 0.2283 0.0000
vt 0.7206 0.1621 0.0000
vt 0.7199 0.1353 0.0000
vt 0.7801 0.1861 0.0000
vt 0.7526 0.1911 0.0000
vt 0.8644 0.2312 0.0000
vt 0.8471 0.2459 0.0000
vt 0.8233 0.2193 0.0000
vt 0.8460 0.2070 0.0000
vt 0.8812 0.2754 0.0000
vt 0.8796 0.2952 0.0000
vt 0.8210 0.2883 0.0000
vt 0.8238 0.2687 0.0000
vt 0.6954 0.1852 0.0000
vt 0.7191 0.1639 0.0000
vt 0.7190 0.1723 0.0000
vt 0.7005 0.1908 0.0000
vt 0.7511 0.1929 0.0000
vt 0.7434 0.1914 0.0000
vt 0.9614 0.7301 0.0000
vt 0.9663 0.7287 0.0000
vt 0.9682 0.7320 0.0000
vt 0.9625 0.7340 0.0000
vt 0.9361 0.7518 0.0000
vt 0.9253 0.7197 0.0000
vt 0.9358 0.7216 0.0000
vt 0.9423 0.7423 0.0000
vt 0.9269 0.7161 0.0000
vt 0.9574 0.6953 0.0000
vt 0.9565 0.7062 0.0000
vt 0.9369 0.7190 0.0000
vt 0.9898 0.7437 0.0000
vt 0.9573 0.7563 0.0000
vt 0.9591 0.7453 0.0000
vt 0.9731 0.7354 0.0000
vt 0.9398 0.7542 0.0000
vt 0.9449 0.7443 0.0000
vt 0.7337 0.2047 0.0000
vt 0.7318 0.2266 0.0000
vt 0.7258 0.2198 0.0000
vt 0.9540 0.7260 0.0000
vt 0.9703 0.7194 0.0000
vt 0.9658 0.7278 0.0000
vt 0.9611 0.7292 0.0000
vt 0.8797 0.2372 0.0000
vt 0.8465 0.2652 0.0000
vt 0.8458 0.2608 0.0000
vt 0.8758 0.2357 0.0000
vt 0.8029 0.2163 0.0000
vt 0.8076 0.2180 0.0000
vt 0.8459 0.1929 0.0000
vt 0.8462 0.1968 0.0000
vt 0.9615 0.6954 0.0000
vt 0.9829 0.7108 0.0000
vt 0.9759 0.7169 0.0000
vt 0.9593 0.7061 0.0000
vt 0.9912 0.7398 0.0000
vt 0.9739 0.7331 0.0000
vt 0.9490 0.7258 0.0000
vt 0.9549 0.7418 0.0000
vt 0.9451 0.7414 0.0000
vt 0.9382 0.7207 0.0000
vt 0.9576 0.7081 0.0000
vt 0.9699 0.7170 0.0000
vt 0.7094 0.2010 0.0000
vt 0.9692 0.7319 0.0000
vt 0.9672 0.7284 0.0000
vt 0.9629 0.7352 0.0000
vt 0.9687 0.7330 0.0000
vt 0.9576 0.7407 0.0000
vt 0.9529 0.7281 0.0000
vt 0.9604 0.7303 0.0000
vt 0.9615 0.7344 0.0000
vt 0.8704 0.2352 0.0000
vt 0.8475 0.2545 0.0000
vt 0.8483 0.2494 0.0000
vt 0.8667 0.2333 0.0000
vt 0.0019 0.0726 0.0000
vt 0.0085 0.0307 0.0000
vt 0.0125 0.0327 0.0000
vt 0.0063 0.0715 0.0000
vt 0.8157 0.2175 0.0000
vt 0.8445 0.2017 0.0000
vt 0.8449 0.2047 0.0000
vt 0.8203 0.2177 0.0000
vt 0.8478 0.2030 0.0000
vt 0.8696 0.2316 0.0000
vt 0.8666 0.2307 0.0000
vt 0.8473 0.2055 0.0000
vt 0.7190 0.1616 0.0000
vt 0.7191 0.1625 0.0000
vt 0.7183 0.1629 0.0000
vt 0.6946 0.1841 0.0000
vt 0.6940 0.1849 0.0000
vt 0.6928 0.1848 0.0000
vt 0.6745 0.1687 0.0000
vt 0.6735 0.1678 0.0000
vt 0.6742 0.1667 0.0000
vt 0.8821 0.2392 0.0000
vt 0.8808 0.2383 0.0000
vt 0.8814 0.2376 0.0000
vt 0.8826 0.2376 0.0000
vt 0.7521 0.1937 0.0000
vt 0.7524 0.1928 0.0000
vt 0.7533 0.1927 0.0000
vt 0.8447 0.1901 0.0000
vt 0.8464 0.1901 0.0000
vt 0.8461 0.1913 0.0000
vt 0.8451 0.1916 0.0000
vt 0.7548 0.2426 0.0000
vt 0.7540 0.2434 0.0000
vt 0.7528 0.2428 0.0000
vt 0.7330 0.2293 0.0000
vt 0.7322 0.2284 0.0000
vt 0.7328 0.2275 0.0000
vt 0.7199 0.1632 0.0000
vt 0.8821 0.2359 0.0000
vt 0.8808 0.2365 0.0000
vt 0.8479 0.1911 0.0000
vt 0.8470 0.1922 0.0000
vt 0.7517 0.1920 0.0000
vt 0.8653 0.2307 0.0000
vt 0.8659 0.2316 0.0000
vt 0.8654 0.2323 0.0000
vt 0.8479 0.2474 0.0000
vt 0.8468 0.2479 0.0000
vt 0.8460 0.2468 0.0000
vt 0.8220 0.2199 0.0000
vt 0.8212 0.2190 0.0000
vt 0.8221 0.2183 0.0000
vt 0.8454 0.2059 0.0000
vt 0.8461 0.2058 0.0000
vt 0.8468 0.2065 0.0000
vt 0.8813 0.2741 0.0000
vt 0.8826 0.2743 0.0000
vt 0.8827 0.2754 0.0000
vt 0.6933 0.1865 0.0000
vt 0.6945 0.1859 0.0000
vt 0.0496 0.0013 0.0000
vt 0.0497 0.0000 0.0000
vt 0.0509 0.0002 0.0000
vt 0.0511 0.0013 0.0000
vt 0.8224 0.2685 0.0000
vt 0.8228 0.2675 0.0000
vt 0.8240 0.2674 0.0000
vt 0.9610 0.7302 0.0000
vt 0.9610 0.7299 0.0000
vt 0.9613 0.7297 0.0000
vt 0.9660 0.7284 0.0000
vt 0.9665 0.7283 0.0000
vt 0.9667 0.7286 0.0000
vt 0.9687 0.7319 0.0000
vt 0.9687 0.7323 0.0000
vt 0.9684 0.7324 0.0000
vt 0.9627 0.7345 0.0000
vt 0.9622 0.7345 0.0000
vt 0.9620 0.7341 0.0000
vt 0.9375 0.7532 0.0000
vt 0.9359 0.7554 0.0000
vt 0.9348 0.7542 0.0000
vt 0.9231 0.7191 0.0000
vt 0.9235 0.7175 0.0000
vt 0.9258 0.7180 0.0000
vt 0.9361 0.7203 0.0000
vt 0.9370 0.7205 0.0000
vt 0.9371 0.7212 0.0000
vt 0.9436 0.7416 0.0000
vt 0.9439 0.7426 0.0000
vt 0.9433 0.7435 0.0000
vt 0.9245 0.7159 0.0000
vt 0.9581 0.6929 0.0000
vt 0.9600 0.6927 0.0000
vt 0.9597 0.6951 0.0000
vt 0.9580 0.7060 0.0000
vt 0.9578 0.7068 0.0000
vt 0.9570 0.7073 0.0000
vt 0.9377 0.7198 0.0000
vt 0.9911 0.7418 0.0000
vt 0.9939 0.7431 0.0000
vt 0.9927 0.7448 0.0000
vt 0.9377 0.7562 0.0000
vt 0.9452 0.7427 0.0000
vt 0.9531 0.7271 0.0000
vt 0.9516 0.7265 0.0000
vt 0.9523 0.7256 0.0000
vt 0.9704 0.7181 0.0000
vt 0.9727 0.7177 0.0000
vt 0.9726 0.7189 0.0000
vt 0.9667 0.7279 0.0000
vt 0.9606 0.7297 0.0000
vt 0.9617 0.6929 0.0000
vt 0.9585 0.7072 0.0000
vt 0.9942 0.7415 0.0000
vt 0.9513 0.7275 0.0000
vt 0.9565 0.7416 0.0000
vt 0.9574 0.7430 0.0000
vt 0.9562 0.7434 0.0000
vt 0.9723 0.7167 0.0000
vt 0.9691 0.7324 0.0000
vt 0.9620 0.7350 0.0000
vt 0.9583 0.7422 0.0000
vt 0.8706 0.2336 0.0000
vt 0.8727 0.2346 0.0000
vt 0.8725 0.2359 0.0000
vt 0.0033 0.0755 0.0000
vt 0.0008 0.0758 0.0000
vt 0.0003 0.0749 0.0000
vt 0.0020 0.0743 0.0000
vt 0.0071 0.0744 0.0000
vt 0.0064 0.0732 0.0000
vt 0.0077 0.0727 0.0000
vt 0.0086 0.0734 0.0000
vt 0.8669 0.2321 0.0000
vt 0.0000 0.0739 0.0000
vt 0.0071 0.0290 0.0000
vt 0.0078 0.0283 0.0000
vt 0.0092 0.0294 0.0000
vt 0.0130 0.0313 0.0000
vt 0.0142 0.0321 0.0000
vt 0.0141 0.0333 0.0000
vt 0.0080 0.0714 0.0000
vt 0.0013 0.0025 0.0000
vt 0.0000 0.0017 0.0000
vt 0.0002 0.0000 0.0000
vt 0.0010 0.0001 0.0000
vt 0.8447 0.1997 0.0000
vt 0.8461 0.1999 0.0000
vt 0.8462 0.2019 0.0000
vt 0.8461 0.2049 0.0000
vt 0.8197 0.2192 0.0000
vt 0.8475 0.2006 0.0000
vt 0.8724 0.2333 0.0000
vt 0.8490 0.2674 0.0000
vt 0.8478 0.2663 0.0000
vt 0.7178 0.1355 0.0000
vt 0.7805 0.1883 0.0000
vt 0.8012 0.2136 0.0000
vt 0.8019 0.2150 0.0000
vt 0.8811 0.2953 0.0000
vt 0.7302 0.2286 0.0000
vt 0.7312 0.2277 0.0000
vt 0.8196 0.2881 0.0000
vt 0.7187 0.1744 0.0000
vt 0.7029 0.1902 0.0000
vt 0.7410 0.1908 0.0000
vt 0.7202 0.1745 0.0000
vt 0.9576 0.7587 0.0000
vt 0.9737 0.7342 0.0000
vt 0.7328 0.2038 0.0000
vt 0.7413 0.1922 0.0000
vt 0.7260 0.2166 0.0000
vt 0.8469 0.2574 0.0000
vt 0.8244 0.2663 0.0000
vt 0.8817 0.2730 0.0000
vt 0.8115 0.2200 0.0000
vt 0.8446 0.2571 0.0000
vt 0.8119 0.2177 0.0000
vt 0.9852 0.7096 0.0000
vt 0.9985 0.7448 0.0000
vt 0.9581 0.7608 0.0000
vt 0.9328 0.7578 0.0000
vt 0.8138 0.2189 0.0000
vt 0.7027 0.1910 0.0000
vt 0.7030 0.1919 0.0000
vt 0.7194 0.1742 0.0000
vt 0.7414 0.1915 0.0000
vt 0.8832 0.2734 0.0000
vt 0.0276 0.0018 0.0000
vt 0.0269 0.0007 0.0000
vt 0.0279 0.0000 0.0000
vt 0.0286 0.0007 0.0000
vt 0.8458 0.2575 0.0000
vt 0.8114 0.2187 0.0000
vt 0.7245 0.2165 0.0000
vt 0.7254 0.2169 0.0000
vt 0.0749 0.6051 0.0000
vt 0.0983 0.6303 0.0000
vt 0.0744 0.6766 0.0000
vt 0.0365 0.6529 0.0000
vt 0.1733 0.6059 0.0000
vt 0.1509 0.5784 0.0000
vt 0.1495 0.5633 0.0000
vt 0.1563 0.5659 0.0000
vt 0.1336 0.5525 0.0000
vt 0.1383 0.5477 0.0000
vt 0.1451 0.5515 0.0000
vt 0.1317 0.6379 0.0000
vt 0.1230 0.6871 0.0000
vt 0.0469 0.5340 0.0000
vt 0.0852 0.5256 0.0000
vt 0.0681 0.5679 0.0000
vt 0.0097 0.5970 0.0000
vt 0.0000 0.6110 0.0000
vt 0.0286 0.4295 0.0000
vt 0.0712 0.4137 0.0000
vt 0.0724 0.4302 0.0000
vt 0.0320 0.4307 0.0000
vt 0.1812 0.5633 0.0000
vt 0.1909 0.5829 0.0000
vt 0.1745 0.6326 0.0000
vt 0.1560 0.5112 0.0000
vt 0.1836 0.5329 0.0000
vt 0.2147 0.5560 0.0000
vt 0.1996 0.6087 0.0000
vt 0.1830 0.6392 0.0000
vt 0.1241 0.5853 0.0000
vt 0.1139 0.5825 0.0000
vt 0.1190 0.5611 0.0000
vt 0.1277 0.5694 0.0000
vt 0.1057 0.5794 0.0000
vt 0.1090 0.5620 0.0000
vt 0.1204 0.5406 0.0000
vt 0.1274 0.5454 0.0000
vt 0.1577 0.6343 0.0000
vt 0.1462 0.5976 0.0000
vt 0.1299 0.6068 0.0000
vt 0.1094 0.6034 0.0000
vt 0.0957 0.5885 0.0000
vt 0.0951 0.5626 0.0000
vt 0.1080 0.5341 0.0000
vt 0.1413 0.5337 0.0000
vt 0.1475 0.5251 0.0000
vt 0.1616 0.5492 0.0000
vt 0.1432 0.5419 0.0000
vt 0.1353 0.5416 0.0000
vt 0.1338 0.5338 0.0000
vt 0.1285 0.5234 0.0000
vt 0.1232 0.5138 0.0000
vt 0.1305 0.4446 0.0000
vt 0.1163 0.4375 0.0000
vt 0.1249 0.4286 0.0000
vt 0.1406 0.4350 0.0000
vt 0.1064 0.4434 0.0000
vt 0.1099 0.4333 0.0000
vt 0.6061 0.0260 0.0000
vt 0.6005 0.0379 0.0000
vt 0.5941 0.0294 0.0000
vt 0.6020 0.0141 0.0000
vt 0.9926 0.0511 0.0000
vt 0.9926 0.0400 0.0000
vt 0.9955 0.0433 0.0000
vt 0.9957 0.0615 0.0000
vt 0.0223 0.3717 0.0000
vt 0.0281 0.4295 0.0000
vt 0.0060 0.4291 0.0000
vt 0.0047 0.4293 0.0000
vt 0.0011 0.3730 0.0000
vt 0.2458 0.5439 0.0000
vt 0.2806 0.5848 0.0000
vt 0.2719 0.6184 0.0000
vt 0.2271 0.6485 0.0000
vt 0.2269 0.6499 0.0000
vt 0.1825 0.6766 0.0000
vt 0.0853 0.5102 0.0000
vt 0.0996 0.5075 0.0000
vt 0.1138 0.5091 0.0000
vt 0.0964 0.4988 0.0000
vt 0.1110 0.4958 0.0000
vt 0.1320 0.4937 0.0000
vt 0.0753 0.0176 0.0000
vt 0.0969 0.0210 0.0000
vt 0.0931 0.0477 0.0000
vt 0.0709 0.0451 0.0000
vt 0.2011 0.5247 0.0000
vt 0.2228 0.5155 0.0000
vt 0.6445 0.0354 0.0000
vt 0.6567 0.0162 0.0000
vt 0.6727 0.0240 0.0000
vt 0.6597 0.0430 0.0000
vt 0.6726 0.0000 0.0000
vt 0.6867 0.0076 0.0000
vt 0.1802 0.5119 0.0000
vt 0.1592 0.4965 0.0000
vt 0.7095 0.0227 0.0000
vt 0.7178 0.0244 0.0000
vt 0.7132 0.0388 0.0000
vt 0.7033 0.0400 0.0000
vt 0.6374 0.0495 0.0000
vt 0.6521 0.0525 0.0000
vt 0.1410 0.5054 0.0000
vt 0.1518 0.4840 0.0000
vt 0.1576 0.4676 0.0000
vt 0.0998 0.4670 0.0000
vt 0.1128 0.4676 0.0000
vt 0.1334 0.4646 0.0000
vt 0.6210 0.0281 0.0000
vt 0.6277 0.0119 0.0000
vt 0.6109 0.0107 0.0000
vt 0.6331 0.0041 0.0000
vt 0.6375 0.0578 0.0000
vt 0.6172 0.0556 0.0000
vt 0.6175 0.0452 0.0000
vt 0.6047 0.0480 0.0000
vt 0.1487 0.4569 0.0000
vt 0.1440 0.4375 0.0000
vt 0.1529 0.4484 0.0000
vt 0.0714 0.5108 0.0000
vt 0.0400 0.3625 0.0000
vt 0.0146 0.3444 0.0000
vt 0.0241 0.3408 0.0000
vt 0.0012 0.3344 0.0000
vt 0.0222 0.3320 0.0000
vt 0.0280 0.4307 0.0000
vt 0.0048 0.4306 0.0000
vt 0.2809 0.5847 0.0000
vt 0.2729 0.6199 0.0000
vt 0.9738 0.1386 0.0000
vt 0.9600 0.1351 0.0000
vt 0.9654 0.1079 0.0000
vt 0.9793 0.1114 0.0000
vt 0.9680 0.0916 0.0000
vt 0.9818 0.0952 0.0000
vt 0.9816 0.0113 0.0000
vt 0.9952 0.0108 0.0000
vt 0.9805 0.0044 0.0000
vt 0.9939 0.0000 0.0000
vt 0.5232 0.0141 0.0000
vt 0.5244 0.0000 0.0000
vt 0.5483 0.0033 0.0000
vt 0.5472 0.0170 0.0000
vt 0.5698 0.0048 0.0000
vt 0.5985 0.0013 0.0000
vt 0.5975 0.0160 0.0000
vt 0.5690 0.0184 0.0000
vt 0.1551 0.9619 0.0000
vt 0.0780 0.9619 0.0000
vt 0.0780 0.9317 0.0000
vt 0.1551 0.9317 0.0000
vt 0.2345 0.9085 0.0000
vt 0.2345 0.9387 0.0000
vt 0.1574 0.9387 0.0000
vt 0.1574 0.9085 0.0000
vt 0.8585 0.4210 0.0000
vt 0.8585 0.4513 0.0000
vt 0.8253 0.4513 0.0000
vt 0.8253 0.4210 0.0000
vt 0.4708 0.7845 0.0000
vt 0.5479 0.7845 0.0000
vt 0.5479 0.8178 0.0000
vt 0.4708 0.8178 0.0000
vt 0.0538 0.1384 0.0000
vt 0.0458 0.1495 0.0000
vt 0.0352 0.1434 0.0000
vt 0.0421 0.1300 0.0000
vt 0.0407 0.1582 0.0000
vt 0.0293 0.1534 0.0000
vt 0.0181 0.1417 0.0000
vt 0.0270 0.1299 0.0000
vt 0.0383 0.1152 0.0000
vt 0.1830 0.0585 0.0000
vt 0.1582 0.0584 0.0000
vt 0.1526 0.0442 0.0000
vt 0.1790 0.0451 0.0000
vt 0.1353 0.0601 0.0000
vt 0.1281 0.0447 0.0000
vt 0.1269 0.0337 0.0000
vt 0.1516 0.0350 0.0000
vt 0.1772 0.0358 0.0000
vt 0.0846 0.1780 0.0000
vt 0.0784 0.1817 0.0000
vt 0.0591 0.1730 0.0000
vt 0.0771 0.1714 0.0000
vt 0.0754 0.1949 0.0000
vt 0.0543 0.1895 0.0000
vt 0.0382 0.1690 0.0000
vt 0.0349 0.1842 0.0000
vt 0.0564 0.1620 0.0000
vt 0.0716 0.1644 0.0000
vt 0.1236 0.1919 0.0000
vt 0.1002 0.1825 0.0000
vt 0.0961 0.1759 0.0000
vt 0.1221 0.1873 0.0000
vt 0.0814 0.1664 0.0000
vt 0.0871 0.1678 0.0000
vt 0.0991 0.1741 0.0000
vt 0.1217 0.1838 0.0000
vt 0.0694 0.1466 0.0000
vt 0.0593 0.1543 0.0000
vt 0.0768 0.1546 0.0000
vt 0.0715 0.1586 0.0000
vt 0.2227 0.1561 0.0000
vt 0.2109 0.1550 0.0000
vt 0.2130 0.1500 0.0000
vt 0.2244 0.1512 0.0000
vt 0.1972 0.1528 0.0000
vt 0.1994 0.1478 0.0000
vt 0.2019 0.1430 0.0000
vt 0.2152 0.1453 0.0000
vt 0.2267 0.1468 0.0000
vt 0.1217 0.1748 0.0000
vt 0.1215 0.1793 0.0000
vt 0.1006 0.1708 0.0000
vt 0.1003 0.1665 0.0000
vt 0.0843 0.1643 0.0000
vt 0.0880 0.1629 0.0000
vt 0.2458 0.1973 0.0000
vt 0.2489 0.1997 0.0000
vt 0.2359 0.2028 0.0000
vt 0.2353 0.1981 0.0000
vt 0.2462 0.2040 0.0000
vt 0.2369 0.2077 0.0000
vt 0.2171 0.2101 0.0000
vt 0.2153 0.2045 0.0000
vt 0.2139 0.1993 0.0000
vt 0.2634 0.2052 0.0000
vt 0.2759 0.2128 0.0000
vt 0.2484 0.2214 0.0000
vt 0.2414 0.2147 0.0000
vt 0.2837 0.2219 0.0000
vt 0.2564 0.2312 0.0000
vt 0.2233 0.2251 0.0000
vt 0.2315 0.2376 0.0000
vt 0.2192 0.2180 0.0000
vt 0.2431 0.0528 0.0000
vt 0.2743 0.0446 0.0000
vt 0.2762 0.0654 0.0000
vt 0.2452 0.0696 0.0000
vt 0.3007 0.0389 0.0000
vt 0.3017 0.0607 0.0000
vt 0.3080 0.0857 0.0000
vt 0.2756 0.0857 0.0000
vt 0.2463 0.0863 0.0000
vt 0.3141 0.0556 0.0000
vt 0.3222 0.0630 0.0000
vt 0.3151 0.0374 0.0000
vt 0.3276 0.0405 0.0000
vt 0.2713 0.1042 0.0000
vt 0.2457 0.1026 0.0000
vt 0.2920 0.1065 0.0000
vt 0.2846 0.1252 0.0000
vt 0.2631 0.1203 0.0000
vt 0.2426 0.1177 0.0000
vt 0.2950 0.1374 0.0000
vt 0.2718 0.1536 0.0000
vt 0.2647 0.1405 0.0000
vt 0.3144 0.1412 0.0000
vt 0.2862 0.1665 0.0000
vt 0.2569 0.1878 0.0000
vt 0.2522 0.1703 0.0000
vt 0.2455 0.1603 0.0000
vt 0.2524 0.1534 0.0000
vt 0.2498 0.1473 0.0000
vt 0.1665 0.1446 0.0000
vt 0.1503 0.1368 0.0000
vt 0.1547 0.1314 0.0000
vt 0.1710 0.1392 0.0000
vt 0.1360 0.1289 0.0000
vt 0.1401 0.1243 0.0000
vt 0.1445 0.1204 0.0000
vt 0.1598 0.1272 0.0000
vt 0.1760 0.1347 0.0000
vt 0.7714 0.6360 0.0000
vt 0.7615 0.6447 0.0000
vt 0.7242 0.6125 0.0000
vt 0.7351 0.6043 0.0000
vt 0.7509 0.6557 0.0000
vt 0.7135 0.6227 0.0000
vt 0.7141 0.6219 0.0000
vt 0.6820 0.5938 0.0000
vt 0.6923 0.5849 0.0000
vt 0.6816 0.5944 0.0000
vt 0.7042 0.5773 0.0000
vt 0.7956 0.5570 0.0000
vt 0.8152 0.5643 0.0000
vt 0.8173 0.5704 0.0000
vt 0.8072 0.5696 0.0000
vt 0.8364 0.5776 0.0000
vt 0.8332 0.5822 0.0000
vt 0.8259 0.5875 0.0000
vt 0.8563 0.5936 0.0000
vt 0.8521 0.5983 0.0000
vt 0.8745 0.6107 0.0000
vt 0.8710 0.6139 0.0000
vt 0.8672 0.6208 0.0000
vt 0.8464 0.6050 0.0000
vt 0.8192 0.6788 0.0000
vt 0.8105 0.6880 0.0000
vt 0.7892 0.6689 0.0000
vt 0.7983 0.6598 0.0000
vt 0.8002 0.6994 0.0000
vt 0.7787 0.6803 0.0000
vt 0.1303 0.1690 0.0000
vt 0.1100 0.1608 0.0000
vt 0.1280 0.1534 0.0000
vt 0.1458 0.1615 0.0000
vt 0.1009 0.1529 0.0000
vt 0.1095 0.1438 0.0000
vt 0.1288 0.1367 0.0000
vt 0.1440 0.1455 0.0000
vt 0.1607 0.1536 0.0000
vt 0.1663 0.0968 0.0000
vt 0.1785 0.1083 0.0000
vt 0.1710 0.1160 0.0000
vt 0.1545 0.1058 0.0000
vt 0.1864 0.1154 0.0000
vt 0.1841 0.1229 0.0000
vt 0.1817 0.1301 0.0000
vt 0.1664 0.1230 0.0000
vt 0.1495 0.1149 0.0000
vt 0.2526 0.1342 0.0000
vt 0.2422 0.1438 0.0000
vt 0.2314 0.1416 0.0000
vt 0.2371 0.1314 0.0000
vt 0.2147 0.1906 0.0000
vt 0.2180 0.1772 0.0000
vt 0.2349 0.1769 0.0000
vt 0.2353 0.1904 0.0000
vt 0.2220 0.1646 0.0000
vt 0.2348 0.1638 0.0000
vt 0.1490 0.1409 0.0000
vt 0.1652 0.1488 0.0000
vt 0.1348 0.1326 0.0000
vt 0.1632 0.1254 0.0000
vt 0.1470 0.1185 0.0000
vt 0.1795 0.1326 0.0000
vt 0.2366 0.1467 0.0000
vt 0.2284 0.1448 0.0000
vt 0.2415 0.1491 0.0000
vt 0.2377 0.1496 0.0000
vt 0.2338 0.1483 0.0000
vt 0.2351 0.1954 0.0000
vt 0.2499 0.1951 0.0000
vt 0.2135 0.1960 0.0000
vt 0.2652 0.1942 0.0000
vt 0.2541 0.1988 0.0000
vt 0.2503 0.2050 0.0000
vt 0.2384 0.2110 0.0000
vt 0.2180 0.2140 0.0000
vt 0.8905 0.6636 0.0000
vt 0.8969 0.6524 0.0000
vt 0.9049 0.6619 0.0000
vt 0.9058 0.6744 0.0000
vt 0.9011 0.6441 0.0000
vt 0.9094 0.6621 0.0000
vt 0.9139 0.6775 0.0000
vt 0.1296 0.1165 0.0000
vt 0.1346 0.1170 0.0000
vt 0.1311 0.1204 0.0000
vt 0.1262 0.1186 0.0000
vt 0.1274 0.1243 0.0000
vt 0.1246 0.1218 0.0000
vt 0.1282 0.1150 0.0000
vt 0.1356 0.1151 0.0000
vt 0.1236 0.1103 0.0000
vt 0.1348 0.1094 0.0000
vt 0.1258 0.1269 0.0000
vt 0.1172 0.1292 0.0000
vt 0.1154 0.1207 0.0000
vt 0.1219 0.1227 0.0000
vt 0.9146 0.7643 0.0000
vt 0.9091 0.7750 0.0000
vt 0.8822 0.7511 0.0000
vt 0.8891 0.7408 0.0000
vt 0.8996 0.7873 0.0000
vt 0.8723 0.7631 0.0000
vt 0.8507 0.7236 0.0000
vt 0.8407 0.7352 0.0000
vt 0.8587 0.7140 0.0000
vt 0.3118 0.1011 0.0000
vt 0.3232 0.1002 0.0000
vt 0.3134 0.1131 0.0000
vt 0.3025 0.1101 0.0000
vt 0.3304 0.1053 0.0000
vt 0.3252 0.1166 0.0000
vt 0.3149 0.1260 0.0000
vt 0.3043 0.1259 0.0000
vt 0.2990 0.1202 0.0000
vt 0.1905 0.2126 0.0000
vt 0.1907 0.2092 0.0000
vt 0.1632 0.2058 0.0000
vt 0.1634 0.2024 0.0000
vt 0.1633 0.1988 0.0000
vt 0.1906 0.2057 0.0000
vt 0.1412 0.1868 0.0000
vt 0.1416 0.1916 0.0000
vt 0.1413 0.1821 0.0000
vt 0.1624 0.1889 0.0000
vt 0.1627 0.1938 0.0000
vt 0.1881 0.1953 0.0000
vt 0.1884 0.1920 0.0000
vt 0.1634 0.1858 0.0000
vt 0.1682 0.1819 0.0000
vt 0.1915 0.1874 0.0000
vt 0.2000 0.1757 0.0000
vt 0.1811 0.1719 0.0000
vt 0.1938 0.1614 0.0000
vt 0.2086 0.1636 0.0000
vt 0.1815 0.1534 0.0000
vt 0.1776 0.1585 0.0000
vt 0.1821 0.1497 0.0000
vt 0.1971 0.1560 0.0000
vt 0.2164 0.1429 0.0000
vt 0.2032 0.1403 0.0000
vt 0.2046 0.1369 0.0000
vt 0.2182 0.1394 0.0000
vt 0.2072 0.1275 0.0000
vt 0.2216 0.1293 0.0000
vt 0.2083 0.1151 0.0000
vt 0.2243 0.1159 0.0000
vt 0.1893 0.1038 0.0000
vt 0.1954 0.1150 0.0000
vt 0.1798 0.0910 0.0000
vt 0.1966 0.0875 0.0000
vt 0.2038 0.1017 0.0000
vt 0.2156 0.0710 0.0000
vt 0.2121 0.0566 0.0000
vt 0.2195 0.0859 0.0000
vt 0.1894 0.0730 0.0000
vt 0.3164 0.0163 0.0000
vt 0.3319 0.0190 0.0000
vt 0.2994 0.0163 0.0000
vt 0.2934 0.0000 0.0000
vt 0.3113 0.0000 0.0000
vt 0.3285 0.0032 0.0000
vt 0.2717 0.0241 0.0000
vt 0.2408 0.0363 0.0000
vt 0.2390 0.0233 0.0000
vt 0.2684 0.0093 0.0000
vt 0.2096 0.0425 0.0000
vt 0.2081 0.0315 0.0000
vt 0.1139 0.0702 0.0000
vt 0.1057 0.0539 0.0000
vt 0.0962 0.0803 0.0000
vt 0.0884 0.0663 0.0000
vt 0.0872 0.0558 0.0000
vt 0.1035 0.0440 0.0000
vt 0.0795 0.0981 0.0000
vt 0.0674 0.1188 0.0000
vt 0.0545 0.1073 0.0000
vt 0.0687 0.0853 0.0000
vt 0.0536 0.0925 0.0000
vt 0.0644 0.0803 0.0000
vt 0.0247 0.1650 0.0000
vt 0.0212 0.1804 0.0000
vt 0.0103 0.1560 0.0000
vt 0.0029 0.1754 0.0000
vt 0.3979 0.0562 0.0000
vt 0.4125 0.0604 0.0000
vt 0.4042 0.0893 0.0000
vt 0.3898 0.0831 0.0000
vt 0.4276 0.0645 0.0000
vt 0.4191 0.0954 0.0000
vt 0.3902 0.1201 0.0000
vt 0.4041 0.1282 0.0000
vt 0.3766 0.1120 0.0000
vt 0.3024 0.1860 0.0000
vt 0.3115 0.1956 0.0000
vt 0.3353 0.1616 0.0000
vt 0.3458 0.1717 0.0000
vt 0.3576 0.1828 0.0000
vt 0.3208 0.2061 0.0000
vt 0.0988 0.1624 0.0000
vt 0.0873 0.1519 0.0000
vt 0.1230 0.1718 0.0000
vt 0.0830 0.1595 0.0000
vt 0.0770 0.1614 0.0000
vt 0.1856 0.1445 0.0000
vt 0.1894 0.1398 0.0000
vt 0.8854 0.6332 0.0000
vt 0.8844 0.6253 0.0000
vt 0.8895 0.6264 0.0000
vt 0.8289 0.7044 0.0000
vt 0.8372 0.6951 0.0000
vt 0.8188 0.7158 0.0000
vt 0.1423 0.1955 0.0000
vt 0.1428 0.1993 0.0000
vt 0.1892 0.2004 0.0000
vt 0.1430 0.1792 0.0000
vt 0.1487 0.1758 0.0000
vt 0.1631 0.1673 0.0000
vt 0.2229 0.1591 0.0000
vt 0.2108 0.1581 0.0000
vt 0.1917 0.1372 0.0000
vt 0.1932 0.1342 0.0000
vt 0.1954 0.1262 0.0000
vt 0.2230 0.1012 0.0000
vt 0.1503 0.0798 0.0000
vt 0.1688 0.0748 0.0000
vt 0.1916 0.2178 0.0000
vt 0.1925 0.2259 0.0000
vt 0.1635 0.2105 0.0000
vt 0.1631 0.2179 0.0000
vt 0.1231 0.1180 0.0000
vt 0.1174 0.1144 0.0000
vt 0.1119 0.0968 0.0000
vt 0.1321 0.0927 0.0000
vt 0.0900 0.1332 0.0000
vt 0.0974 0.1128 0.0000
vt 0.3487 0.0975 0.0000
vt 0.3366 0.1219 0.0000
vt 0.3317 0.1189 0.0000
vt 0.3385 0.1022 0.0000
vt 0.3156 0.1320 0.0000
vt 0.3016 0.1317 0.0000
vt 0.2940 0.1225 0.0000
vt 0.2984 0.1081 0.0000
vt 0.3112 0.0961 0.0000
vt 0.3324 0.0871 0.0000
vt 0.3283 0.0943 0.0000
vt 0.2429 0.1526 0.0000
vt 0.2376 0.1521 0.0000
vt 0.2405 0.1561 0.0000
vt 0.2368 0.1548 0.0000
vt 0.2333 0.1584 0.0000
vt 0.2317 0.1559 0.0000
vt 0.2321 0.1518 0.0000
vt 0.2950 0.1770 0.0000
vt 0.3252 0.1520 0.0000
vt 0.3465 0.1286 0.0000
vt 0.3590 0.1379 0.0000
vt 0.3632 0.1041 0.0000
vt 0.3761 0.0771 0.0000
vt 0.3606 0.0719 0.0000
vt 0.3687 0.0481 0.0000
vt 0.3841 0.0521 0.0000
vt 0.3874 0.0339 0.0000
vt 0.4013 0.0369 0.0000
vt 0.3723 0.0302 0.0000
vt 0.3681 0.0139 0.0000
vt 0.3842 0.0167 0.0000
vt 0.3990 0.0187 0.0000
vt 0.7160 0.5697 0.0000
vt 0.7454 0.5968 0.0000
vt 0.7298 0.5637 0.0000
vt 0.7565 0.5904 0.0000
vt 0.7882 0.6215 0.0000
vt 0.7799 0.6285 0.0000
vt 0.8059 0.6521 0.0000
vt 0.8130 0.6445 0.0000
vt 0.8337 0.6626 0.0000
vt 0.8266 0.6708 0.0000
vt 0.8446 0.6868 0.0000
vt 0.8523 0.6776 0.0000
vt 0.8735 0.6943 0.0000
vt 0.8659 0.7051 0.0000
vt 0.8948 0.7310 0.0000
vt 0.9002 0.7176 0.0000
vt 0.9205 0.7399 0.0000
vt 0.9186 0.7540 0.0000
vt 0.8803 0.6423 0.0000
vt 0.8716 0.6532 0.0000
vt 0.8507 0.6411 0.0000
vt 0.8597 0.6302 0.0000
vt 0.8378 0.6147 0.0000
vt 0.8287 0.6253 0.0000
vt 0.8070 0.6060 0.0000
vt 0.8168 0.5964 0.0000
vt 0.7964 0.5739 0.0000
vt 0.7840 0.5802 0.0000
vt 0.7660 0.5580 0.0000
vt 0.7809 0.5555 0.0000
vt 0.1032 0.1026 0.0000
vt 0.0873 0.0878 0.0000
vt 0.0785 0.0746 0.0000
vt 0.0746 0.0667 0.0000
vt 0.9164 0.6908 0.0000
vt 0.9067 0.6957 0.0000
vt 0.9206 0.7039 0.0000
vt 0.9205 0.7171 0.0000
vt 0.8830 0.6789 0.0000
vt 0.8617 0.6657 0.0000
vt 0.8418 0.6523 0.0000
vt 0.8206 0.6353 0.0000
vt 0.7975 0.6140 0.0000
vt 0.7701 0.5853 0.0000
vt 0.7476 0.5603 0.0000
vt 0.3488 0.0085 0.0000
vt 0.3526 0.0242 0.0000
vt 0.3479 0.0439 0.0000
vt 0.3402 0.0676 0.0000
vt 0.4155 0.0402 0.0000
vt 0.4300 0.0427 0.0000
vt 0.4134 0.0215 0.0000
vt 0.4274 0.0233 0.0000
vt 0.4280 0.0232 0.0000
vt 0.3716 0.1472 0.0000
vt 0.3843 0.1568 0.0000
vt 0.1011 0.1902 0.0000
vt 0.0993 0.2011 0.0000
vt 0.1237 0.1979 0.0000
vt 0.1224 0.2071 0.0000
vt 0.1427 0.2043 0.0000
vt 0.1418 0.2122 0.0000
vt 0.9811 0.7614 0.0000
vt 0.9912 0.7503 0.0000
vt 0.9999 0.7804 0.0000
vt 0.9889 0.7879 0.0000
vt 0.9984 0.8032 0.0000
vt 0.9865 0.8097 0.0000
vt 0.9926 0.8282 0.0000
vt 0.9792 0.8302 0.0000
vt 0.9901 0.8494 0.0000
vt 0.9760 0.8535 0.0000
vt 0.9756 0.8742 0.0000
vt 0.9894 0.8689 0.0000
vt 1.0000 0.8830 0.0000
vt 0.9867 0.8892 0.0000
vt 0.7650 0.0140 0.0000
vt 0.7345 0.0092 0.0000
vt 0.7459 0.0000 0.0000
vt 0.7739 0.0024 0.0000
vt 0.2560 0.2533 0.0000
vt 0.2552 0.2334 0.0000
vt 0.2757 0.2322 0.0000
vt 0.2765 0.2521 0.0000
vt 0.8819 0.2107 0.0000
vt 0.8621 0.2053 0.0000
vt 0.8670 0.1859 0.0000
vt 0.8868 0.1913 0.0000
vt 0.9260 0.0001 0.0000
vt 0.9465 0.0000 0.0000
vt 0.9464 0.0040 0.0000
vt 0.9259 0.0041 0.0000
vt 0.4025 0.0136 0.0000
vt 0.4224 0.0137 0.0000
vt 0.4212 0.0175 0.0000
vt 0.4013 0.0174 0.0000
vt 0.3411 0.0000 0.0000
vt 0.3611 0.0043 0.0000
vt 0.3604 0.0082 0.0000
vt 0.3403 0.0040 0.0000
vt 0.6225 0.0038 0.0000
vt 0.6026 0.0046 0.0000
vt 0.6012 0.0008 0.0000
vt 0.6212 0.0000 0.0000
vt 0.3960 0.1744 0.0000
vt 0.3954 0.1599 0.0000
vt 0.4063 0.1617 0.0000
vt 0.4033 0.1806 0.0000
vt 0.3955 0.1595 0.0000
vt 0.4063 0.1615 0.0000
vt 0.4171 0.1635 0.0000
vt 0.4121 0.1771 0.0000
vt 0.9794 0.1428 0.0000
vt 0.9884 0.1394 0.0000
vt 0.9847 0.1582 0.0000
vt 0.9739 0.1562 0.0000
vt 0.9955 0.1458 0.0000
vt 0.9955 0.1602 0.0000
vt 0.4022 0.1871 0.0000
vt 0.3922 0.1789 0.0000
vt 0.4142 0.1826 0.0000
vt 0.9898 0.1329 0.0000
vt 0.9995 0.1413 0.0000
vt 0.9775 0.1372 0.0000
vt 0.4210 0.1642 0.0000
vt 0.4171 0.1634 0.0000
vt 0.4210 0.1641 0.0000
vt 0.9995 0.1610 0.0000
vt 0.3914 0.1592 0.0000
vt 0.9700 0.1555 0.0000
vt 0.9739 0.1566 0.0000
vt 0.9700 0.1559 0.0000
vt 0.0060 0.0000 0.0000
vt 0.0162 0.0008 0.0000
vt 0.0129 0.0133 0.0000
vt 0.0017 0.0110 0.0000
vt 0.0527 0.8446 0.0000
vt 0.0560 0.8370 0.0000
vt 0.0676 0.8433 0.0000
vt 0.0542 0.8500 0.0000
vt 0.0599 0.8273 0.0000
vt 0.0690 0.8226 0.0000
vt 0.0092 0.8235 0.0000
vt 0.0000 0.8142 0.0000
vt 0.0244 0.8018 0.0000
vt 0.0268 0.8179 0.0000
vt 0.0394 0.8472 0.0000
vt 0.0423 0.8558 0.0000
vt 0.0310 0.8614 0.0000
vt 0.0274 0.8494 0.0000
vt 0.0410 0.8319 0.0000
vt 0.0455 0.8317 0.0000
vt 0.0427 0.8464 0.0000
vt 0.0441 0.8163 0.0000
vt 0.0492 0.8172 0.0000
vt 0.0514 0.8190 0.0000
vt 0.0474 0.8323 0.0000
vt 0.0443 0.8462 0.0000
vt 0.0499 0.8016 0.0000
vt 0.0565 0.8050 0.0000
vt 0.0466 0.8537 0.0000
vt 0.0452 0.8544 0.0000
vt 0.0101 0.8544 0.0000
vt 0.0031 0.8385 0.0000
vt 0.0257 0.8343 0.0000
vt 0.0513 0.8343 0.0000
vt 0.0483 0.8441 0.0000
vt 0.0558 0.8224 0.0000
vt 0.0590 0.8083 0.0000
vt 0.0642 0.8131 0.0000
vt 0.0505 0.8518 0.0000
vt 0.5917 0.0288 0.0000
vt 0.5916 0.0349 0.0000
vt 0.5830 0.0355 0.0000
vt 0.5830 0.0309 0.0000
vt 0.8927 0.8071 0.0000
vt 0.8822 0.8152 0.0000
vt 0.8776 0.8086 0.0000
vt 0.8671 0.8435 0.0000
vt 0.8568 0.8328 0.0000
vt 0.8674 0.8321 0.0000
vt 0.8687 0.8132 0.0000
vt 0.8772 0.8170 0.0000
vt 0.8722 0.8210 0.0000
vt 0.9403 0.8356 0.0000
vt 0.9344 0.8287 0.0000
vt 0.9413 0.8214 0.0000
vt 0.9461 0.8276 0.0000
vt 0.9272 0.8321 0.0000
vt 0.9247 0.8261 0.0000
vt 0.9396 0.8445 0.0000
vt 0.9263 0.8418 0.0000
vt 0.9368 0.8588 0.0000
vt 0.9235 0.8522 0.0000
vt 0.9235 0.8663 0.0000
vt 0.9110 0.8594 0.0000
vt 0.9396 0.8722 0.0000
vt 0.9235 0.8750 0.0000
vt 0.8881 0.8234 0.0000
vt 0.8970 0.8261 0.0000
vt 0.8948 0.8322 0.0000
vt 0.8873 0.8297 0.0000
vt 0.9058 0.8322 0.0000
vt 0.9051 0.8384 0.0000
vt 0.9145 0.8190 0.0000
vt 0.9170 0.8164 0.0000
vt 0.9005 0.8108 0.0000
vt 0.8961 0.7952 0.0000
vt 0.9050 0.8048 0.0000
vt 0.8822 0.8732 0.0000
vt 0.8996 0.8705 0.0000
vt 0.8994 0.8792 0.0000
vt 0.8825 0.8822 0.0000
vt 0.8947 0.8624 0.0000
vt 0.8689 0.8749 0.0000
vt 0.8720 0.8609 0.0000
vt 0.8802 0.8621 0.0000
vt 0.9121 0.7981 0.0000
vt 0.9239 0.8091 0.0000
vt 0.9279 0.8032 0.0000
vt 0.9026 0.7889 0.0000
vt 0.9083 0.7825 0.0000
vt 0.9161 0.7917 0.0000
vt 0.8930 0.8389 0.0000
vt 0.8893 0.8468 0.0000
vt 0.8811 0.8433 0.0000
vt 0.8855 0.8361 0.0000
vt 0.9040 0.8430 0.0000
vt 0.8991 0.8494 0.0000
vt 0.8801 0.8335 0.0000
vt 0.8811 0.8283 0.0000
vt 0.9162 0.8400 0.0000
vt 0.9149 0.8309 0.0000
vt 0.9054 0.8218 0.0000
vt 0.8910 0.8151 0.0000
vt 0.8550 0.8403 0.0000
vt 0.8690 0.8476 0.0000
vt 0.8745 0.8523 0.0000
vt 0.8880 0.8560 0.0000
vt 0.9007 0.8547 0.0000
vt 0.9149 0.8482 0.0000
vt 0.8826 0.8222 0.0000
vt 0.8701 0.8844 0.0000
vt 0.8771 0.8404 0.0000
vt 0.8773 0.8223 0.0000
vt 0.8777 0.8287 0.0000
vt 0.8758 0.8329 0.0000
vt 0.8733 0.8391 0.0000
vt 0.2103 0.0112 0.0000
vt 0.2057 0.0141 0.0000
vt 0.1985 0.0029 0.0000
vt 0.2031 0.0000 0.0000
vt 0.5919 0.1657 0.0000
vt 0.5962 0.1778 0.0000
vt 0.5842 0.1798 0.0000
vt 0.9429 0.2314 0.0000
vt 0.9396 0.2124 0.0000
vt 0.9122 0.2150 0.0000
vt 0.9131 0.2334 0.0000
vt 0.9732 0.2312 0.0000
vt 0.9673 0.2122 0.0000
vt 0.9132 0.2468 0.0000
vt 0.9440 0.2468 0.0000
vt 0.9735 0.2468 0.0000
vt 0.6030 0.1854 0.0000
vt 0.5969 0.1860 0.0000
vt 0.6019 0.1755 0.0000
vt 0.5962 0.1621 0.0000
vt 0.5510 0.1640 0.0000
vt 0.5552 0.1667 0.0000
vt 0.5539 0.1821 0.0000
vt 0.5497 0.1816 0.0000
vt 0.5535 0.1928 0.0000
vt 0.5488 0.1927 0.0000
vt 0.5544 0.2011 0.0000
vt 0.5495 0.2018 0.0000
vt 0.9161 0.1865 0.0000
vt 0.8996 0.2039 0.0000
vt 0.8900 0.2214 0.0000
vt 0.8858 0.2350 0.0000
vt 0.9362 0.1787 0.0000
vt 0.9865 0.2169 0.0000
vt 0.9745 0.1983 0.0000
vt 0.9574 0.1847 0.0000
vt 0.5099 0.1652 0.0000
vt 0.4604 0.1674 0.0000
vt 0.4574 0.1403 0.0000
vt 0.5080 0.1403 0.0000
vt 0.4557 0.1141 0.0000
vt 0.5055 0.1157 0.0000
vt 0.5982 0.1216 0.0000
vt 0.6318 0.1243 0.0000
vt 0.6333 0.1420 0.0000
vt 0.5960 0.1408 0.0000
vt 0.6396 0.1595 0.0000
vt 0.6406 0.0914 0.0000
vt 0.6557 0.0897 0.0000
vt 0.6375 0.0991 0.0000
vt 0.5135 0.0695 0.0000
vt 0.4658 0.0630 0.0000
vt 0.4730 0.0357 0.0000
vt 0.5157 0.0460 0.0000
vt 0.4736 0.0193 0.0000
vt 0.5194 0.0324 0.0000
vt 0.5119 0.1843 0.0000
vt 0.4649 0.1873 0.0000
vt 0.6451 0.1700 0.0000
vt 0.6582 0.1634 0.0000
vt 0.6567 0.1761 0.0000
vt 0.6450 0.1791 0.0000
vt 0.5091 0.0929 0.0000
vt 0.4604 0.0891 0.0000
vt 0.6315 0.1102 0.0000
vt 0.5964 0.1058 0.0000
vt 0.5970 0.0902 0.0000
vt 0.6648 0.1362 0.0000
vt 0.6612 0.1260 0.0000
vt 0.6703 0.1254 0.0000
vt 0.6732 0.1319 0.0000
vt 0.6700 0.1441 0.0000
vt 0.6741 0.1370 0.0000
vt 0.6776 0.1449 0.0000
vt 0.6816 0.1371 0.0000
vt 0.6625 0.1175 0.0000
vt 0.6650 0.1117 0.0000
vt 0.6696 0.1198 0.0000
vt 0.6693 0.1150 0.0000
vt 0.6797 0.1294 0.0000
vt 0.6786 0.1230 0.0000
vt 0.6764 0.1181 0.0000
vt 0.6739 0.1156 0.0000
vt 0.6741 0.1100 0.0000
vt 0.4255 0.1908 0.0000
vt 0.4234 0.1683 0.0000
vt 0.4618 0.2018 0.0000
vt 0.4276 0.2064 0.0000
vt 0.8992 0.2036 0.0000
vt 0.8897 0.2217 0.0000
vt 0.4325 0.0559 0.0000
vt 0.4373 0.0327 0.0000
vt 0.9894 0.2174 0.0000
vt 0.9759 0.1976 0.0000
vt 0.9939 0.2317 0.0000
vt 0.9963 0.2317 0.0000
vt 0.4274 0.0826 0.0000
vt 0.4240 0.1106 0.0000
vt 0.9573 0.1828 0.0000
vt 0.9363 0.1775 0.0000
vt 0.4226 0.1398 0.0000
vt 0.9159 0.1861 0.0000
vt 0.6831 0.0257 0.0000
vt 0.6843 0.0471 0.0000
vt 0.6742 0.0503 0.0000
vt 0.6735 0.0278 0.0000
vt 0.6920 0.1293 0.0000
vt 0.6844 0.1436 0.0000
vt 0.6839 0.1078 0.0000
vt 0.6761 0.0894 0.0000
vt 0.6437 0.0848 0.0000
vt 0.5096 0.1968 0.0000
vt 0.8858 0.2351 0.0000
vt 0.4403 0.0176 0.0000
vt 0.9974 0.2468 0.0000
vt 0.5106 0.2074 0.0000
vt 0.4639 0.2142 0.0000
vt 0.8848 0.2468 0.0000
vt 0.8848 0.2470 0.0000
vt 0.4419 0.0033 0.0000
vt 0.4747 0.0000 0.0000
vt 0.5754 0.1891 0.0000
vt 0.5962 0.1950 0.0000
vt 0.5670 0.1992 0.0000
vt 0.5645 0.1809 0.0000
vt 0.5639 0.1658 0.0000
vt 0.5636 0.1907 0.0000
vt 0.5639 0.1997 0.0000
vt 0.5626 0.1622 0.0000
vt 0.5806 0.1797 0.0000
vt 0.5721 0.1893 0.0000
vt 0.7006 0.0279 0.0000
vt 0.7010 0.0507 0.0000
vt 0.6927 0.0494 0.0000
vt 0.6924 0.0271 0.0000
vt 0.6896 0.1172 0.0000
vt 0.7742 0.2068 0.0000
vt 0.7866 0.2059 0.0000
vt 0.7866 0.2143 0.0000
vt 0.7744 0.2152 0.0000
vt 0.7866 0.2217 0.0000
vt 0.7752 0.2238 0.0000
vt 0.7866 0.2336 0.0000
vt 0.7757 0.2344 0.0000
vt 0.6753 0.1644 0.0000
vt 0.6702 0.1711 0.0000
vt 0.6722 0.1822 0.0000
vt 0.6569 0.1854 0.0000
vt 0.2958 0.2615 0.0000
vt 0.2947 0.2628 0.0000
vt 0.2925 0.2560 0.0000
vt 0.2959 0.2570 0.0000
vt 0.2928 0.2609 0.0000
vt 0.2923 0.2561 0.0000
vt 0.2924 0.2559 0.0000
vt 0.2926 0.2558 0.0000
vt 0.2947 0.2562 0.0000
vt 0.4170 0.2351 0.0000
vt 0.4295 0.2403 0.0000
vt 0.4249 0.2450 0.0000
vt 0.4134 0.2412 0.0000
vt 0.4144 0.2183 0.0000
vt 0.4037 0.2150 0.0000
vt 0.4002 0.2107 0.0000
vt 0.4120 0.2090 0.0000
vt 0.3948 0.2046 0.0000
vt 0.4001 0.1973 0.0000
vt 0.4189 0.2582 0.0000
vt 0.4109 0.2513 0.0000
vt 0.2974 0.2596 0.0000
vt 0.2969 0.2639 0.0000
vt 0.2958 0.2567 0.0000
vt 0.2975 0.2589 0.0000
vt 0.2975 0.2636 0.0000
vt 0.2925 0.2681 0.0000
vt 0.2936 0.2555 0.0000
vt 0.2924 0.2554 0.0000
vt 0.2931 0.2549 0.0000
vt 0.2951 0.2559 0.0000
vt 0.2894 0.2571 0.0000
vt 0.2919 0.2649 0.0000
vt 0.2897 0.2614 0.0000
vt 0.2881 0.2669 0.0000
vt 0.2864 0.2648 0.0000
vt 0.2900 0.2551 0.0000
vt 0.2941 0.2663 0.0000
vt 0.2899 0.2680 0.0000
vt 0.3028 0.2504 0.0000
vt 0.3047 0.2486 0.0000
vt 0.3077 0.2579 0.0000
vt 0.3049 0.2598 0.0000
vt 0.3136 0.2438 0.0000
vt 0.3176 0.2538 0.0000
vt 0.3176 0.2644 0.0000
vt 0.3045 0.2667 0.0000
vt 0.2996 0.2676 0.0000
vt 0.2884 0.2457 0.0000
vt 0.2898 0.2422 0.0000
vt 0.2983 0.2436 0.0000
vt 0.2968 0.2457 0.0000
vt 0.3000 0.2318 0.0000
vt 0.3073 0.2370 0.0000
vt 0.2859 0.2678 0.0000
vt 0.2910 0.2722 0.0000
vt 0.2813 0.2696 0.0000
vt 0.2779 0.2563 0.0000
vt 0.3080 0.2797 0.0000
vt 0.3007 0.2881 0.0000
vt 0.2794 0.2440 0.0000
vt 0.2914 0.2251 0.0000
vt 0.2988 0.2714 0.0000
vt 0.2935 0.2703 0.0000
vt 0.3138 0.2727 0.0000
vt 0.3794 0.2247 0.0000
vt 0.3989 0.2179 0.0000
vt 0.4066 0.2266 0.0000
vt 0.3846 0.2345 0.0000
vt 0.4088 0.2376 0.0000
vt 0.3867 0.2451 0.0000
vt 0.3653 0.2077 0.0000
vt 0.3850 0.2053 0.0000
vt 0.3911 0.2115 0.0000
vt 0.3720 0.2156 0.0000
vt 0.3840 0.2672 0.0000
vt 0.4024 0.2564 0.0000
vt 0.4083 0.2692 0.0000
vt 0.3864 0.2809 0.0000
vt 0.3847 0.1922 0.0000
vt 0.3611 0.1949 0.0000
vt 0.4049 0.2471 0.0000
vt 0.3858 0.2565 0.0000
vt 0.3444 0.2346 0.0000
vt 0.3490 0.2453 0.0000
vt 0.3509 0.2567 0.0000
vt 0.3308 0.2180 0.0000
vt 0.3376 0.2256 0.0000
vt 0.3466 0.2782 0.0000
vt 0.3448 0.2911 0.0000
vt 0.3240 0.2073 0.0000
vt 0.3495 0.2678 0.0000
vt 0.3016 0.2522 0.0000
vt 0.3027 0.2613 0.0000
vt 0.2946 0.2683 0.0000
vt 0.2891 0.2477 0.0000
vt 0.2964 0.2477 0.0000
vt 0.2835 0.2643 0.0000
vt 0.2877 0.2667 0.0000
vt 0.2812 0.2552 0.0000
vt 0.2894 0.2682 0.0000
vt 0.2450 0.0085 0.0000
vt 0.2452 0.0058 0.0000
vt 0.2493 0.0061 0.0000
vt 0.2492 0.0087 0.0000
vt 0.2452 0.0032 0.0000
vt 0.2494 0.0034 0.0000
vt 0.2536 0.0036 0.0000
vt 0.2534 0.0063 0.0000
vt 0.2534 0.0089 0.0000
vt 0.2544 0.5143 0.0000
vt 0.2706 0.5142 0.0000
vt 0.2707 0.5253 0.0000
vt 0.2543 0.5254 0.0000
vt 0.2869 0.5143 0.0000
vt 0.2870 0.5253 0.0000
vt 0.2870 0.5363 0.0000
vt 0.2707 0.5365 0.0000
vt 0.2544 0.5365 0.0000
vt 0.8155 0.1694 0.0000
vt 0.8106 0.1726 0.0000
vt 0.7746 0.1159 0.0000
vt 0.7834 0.1104 0.0000
vt 0.8057 0.1757 0.0000
vt 0.7659 0.1215 0.0000
vt 0.7263 0.0665 0.0000
vt 0.7386 0.0586 0.0000
vt 0.7511 0.0510 0.0000
vt 0.8000 0.1799 0.0000
vt 0.7972 0.1825 0.0000
vt 0.7525 0.1317 0.0000
vt 0.7578 0.1272 0.0000
vt 0.7943 0.1852 0.0000
vt 0.7472 0.1363 0.0000
vt 0.7013 0.0858 0.0000
vt 0.7090 0.0794 0.0000
vt 0.7167 0.0732 0.0000
vt 0.8474 0.1584 0.0000
vt 0.8415 0.1597 0.0000
vt 0.8240 0.0938 0.0000
vt 0.8341 0.0910 0.0000
vt 0.8356 0.1610 0.0000
vt 0.8140 0.0967 0.0000
vt 0.7902 0.0330 0.0000
vt 0.8041 0.0284 0.0000
vt 0.8183 0.0240 0.0000
vt 0.8288 0.1630 0.0000
vt 0.8252 0.1644 0.0000
vt 0.7983 0.1027 0.0000
vt 0.8046 0.0999 0.0000
vt 0.8217 0.1659 0.0000
vt 0.7919 0.1056 0.0000
vt 0.7613 0.0454 0.0000
vt 0.7702 0.0412 0.0000
vt 0.7793 0.0372 0.0000
vt 0.2444 0.0115 0.0000
vt 0.2414 0.0109 0.0000
vt 0.2411 0.0085 0.0000
vt 0.8278 0.1908 0.0000
vt 0.8188 0.1672 0.0000
vt 0.8298 0.1887 0.0000
vt 0.8319 0.1885 0.0000
vt 0.2471 0.5143 0.0000
vt 0.2478 0.5097 0.0000
vt 0.2545 0.5090 0.0000
vt 0.7499 0.0238 0.0000
vt 0.7569 0.0477 0.0000
vt 0.7460 0.0265 0.0000
vt 0.7398 0.0292 0.0000
vt 0.7207 0.0703 0.0000
vt 0.7065 0.0511 0.0000
vt 0.7116 0.0467 0.0000
vt 0.7024 0.0534 0.0000
vt 0.2868 0.5090 0.0000
vt 0.2935 0.5095 0.0000
vt 0.2943 0.5142 0.0000
vt 0.8024 0.1778 0.0000
vt 0.8176 0.1965 0.0000
vt 0.8166 0.1985 0.0000
vt 0.8204 0.1956 0.0000
vt 0.2572 0.0094 0.0000
vt 0.2567 0.0116 0.0000
vt 0.2536 0.0120 0.0000
vt 0.6976 0.0893 0.0000
vt 0.6817 0.0710 0.0000
vt 0.6849 0.0674 0.0000
vt 0.6927 0.0939 0.0000
vt 0.6764 0.0751 0.0000
vt 0.2943 0.5363 0.0000
vt 0.2936 0.5410 0.0000
vt 0.2869 0.5416 0.0000
vt 0.7897 0.1907 0.0000
vt 0.7920 0.1874 0.0000
vt 0.8107 0.2033 0.0000
vt 0.8097 0.2060 0.0000
vt 0.8126 0.2023 0.0000
vt 0.2542 0.0006 0.0000
vt 0.2572 0.0012 0.0000
vt 0.2576 0.0036 0.0000
vt 0.7839 0.0354 0.0000
vt 0.7748 0.0133 0.0000
vt 0.7809 0.0103 0.0000
vt 0.7703 0.0145 0.0000
vt 0.2544 0.5418 0.0000
vt 0.2477 0.5411 0.0000
vt 0.2470 0.5364 0.0000
vt 0.8317 0.1618 0.0000
vt 0.8387 0.1851 0.0000
vt 0.8370 0.1865 0.0000
vt 0.8416 0.1853 0.0000
vt 0.2414 0.0027 0.0000
vt 0.2419 0.0005 0.0000
vt 0.2450 0.0001 0.0000
vt 0.2411 0.0056 0.0000
vt 0.8346 0.1877 0.0000
vt 0.2496 0.0000 0.0000
vt 0.8460 0.1847 0.0000
vt 0.8503 0.1837 0.0000
vt 0.2576 0.0065 0.0000
vt 0.8148 0.2005 0.0000
vt 0.2490 0.0121 0.0000
vt 0.8242 0.1934 0.0000
vt 0.2706 0.5087 0.0000
vt 0.7254 0.0375 0.0000
vt 0.2946 0.5253 0.0000
vt 0.6935 0.0602 0.0000
vt 0.2706 0.5434 0.0000
vt 0.7971 0.0072 0.0000
vt 0.8119 -0.0000 0.0000
vt 0.2467 0.5254 0.0000
vt 0.7600 0.0189 0.0000
vt 0.7612 0.1246 0.0000
vt 0.7881 0.1076 0.0000
vt 0.7440 0.1392 0.0000
vt 0.7402 0.1434 0.0000
vt 0.8087 0.0984 0.0000
vt 0.5731 0.8701 0.0000
vt 0.5604 0.8585 0.0000
vt 0.6081 0.8503 0.0000
vt 0.6057 0.8671 0.0000
vt 0.6383 0.9948 0.0000
vt 0.6376 0.9752 0.0000
vt 0.6585 0.9475 0.0000
vt 0.6742 0.9578 0.0000
vt 0.6699 0.9173 0.0000
vt 0.6698 0.8848 0.0000
vt 0.6371 0.8714 0.0000
vt 0.5714 0.9022 0.0000
vt 0.6042 0.9051 0.0000
vt 0.6066 0.9225 0.0000
vt 0.5765 0.9430 0.0000
vt 0.6368 0.8998 0.0000
vt 0.6476 0.8989 0.0000
vt 0.6426 0.9044 0.0000
vt 0.6230 0.9293 0.0000
vt 0.6107 0.9609 0.0000
vt 0.6041 0.8858 0.0000
vt 0.5592 0.8859 0.0000
vt 0.6453 0.8854 0.0000
vt 0.6689 0.8830 0.0000
vt 0.6606 0.9030 0.0000
vt 0.6411 0.9380 0.0000
vt 0.6235 0.9751 0.0000
vt 0.6272 0.9622 0.0000
vt 0.6181 0.9724 0.0000
vt 0.6080 0.9971 0.0000
vt 0.6182 0.9766 0.0000
vt 0.5388 0.8759 0.0000
vt 0.9446 0.1729 0.0000
vt 0.9444 0.1562 0.0000
vt 0.9682 0.1536 0.0000
vt 0.9635 0.1735 0.0000
vt 0.3539 0.8454 0.0000
vt 0.3219 0.8560 0.0000
vt 0.3682 0.7834 0.0000
vt 0.3751 0.8132 0.0000
vt 0.4216 0.9148 0.0000
vt 0.4237 0.8824 0.0000
vt 0.4446 0.8565 0.0000
vt 0.4719 0.8656 0.0000
vt 0.4374 0.8290 0.0000
vt 0.4394 0.7962 0.0000
vt 0.4064 0.8124 0.0000
vt 0.3846 0.8614 0.0000
vt 0.3959 0.8429 0.0000
vt 0.4052 0.8479 0.0000
vt 0.3920 0.8702 0.0000
vt 0.4092 0.8325 0.0000
vt 0.4161 0.8334 0.0000
vt 0.4189 0.8368 0.0000
vt 0.4147 0.8507 0.0000
vt 0.4037 0.8672 0.0000
vt 0.3851 0.8317 0.0000
vt 0.3671 0.8650 0.0000
vt 0.4118 0.8250 0.0000
vt 0.4223 0.8286 0.0000
vt 0.4244 0.8313 0.0000
vt 0.4262 0.8531 0.0000
vt 0.4068 0.8792 0.0000
vt 0.3678 0.9085 0.0000
vt 0.8503 0.5159 0.0000
vt 0.8847 0.5532 0.0000
vt 0.8859 0.5746 0.0000
vt 0.8338 0.5211 0.0000
vt 0.8939 0.4766 0.0000
vt 0.8872 0.4622 0.0000
vt 0.9401 0.5002 0.0000
vt 0.9225 0.5036 0.0000
vt 0.9145 0.4123 0.0000
vt 0.9594 0.4286 0.0000
vt 0.8897 0.5208 0.0000
vt 0.7186 0.4922 0.0000
vt 0.7683 0.4942 0.0000
vt 0.7770 0.5124 0.0000
vt 0.7282 0.5126 0.0000
vt 0.6719 0.5238 0.0000
vt 0.6797 0.5406 0.0000
vt 0.6241 0.5495 0.0000
vt 0.6360 0.5290 0.0000
vt 0.6936 0.5722 0.0000
vt 0.6691 0.5884 0.0000
vt 0.6606 0.5833 0.0000
vt 0.2035 0.8608 0.0000
vt 0.2036 0.8793 0.0000
vt 0.2038 0.9070 0.0000
vt 0.6298 0.3779 0.0000
vt 0.8713 0.0925 0.0000
vt 0.8936 0.0926 0.0000
vt 0.8465 0.0924 0.0000
vt 0.9444 0.0927 0.0000
vt 0.9606 0.0928 0.0000
vt 0.9282 0.0927 0.0000
vt 0.9120 0.0926 0.0000
vt 0.3332 0.3918 0.0000
vt 0.9989 0.4393 0.0000
vt 0.9989 0.4696 0.0000
vt 0.9656 0.4696 0.0000
vt 0.9656 0.4393 0.0000
vt 0.9846 0.1585 0.0000
vt 0.9954 0.1603 0.0000
vt 0.3915 0.1588 0.0000
vt 0.0093 0.0267 0.0000
vt 0.0000 0.0234 0.0000
vt 0.0118 0.8709 0.0000
vt 0.5830 0.0192 0.0000
vt 0.5916 0.0196 0.0000
vt 0.6032 0.1941 0.0000
vt 0.5210 0.0155 0.0000
vt 0.6584 0.0762 0.0000
vt 0.6492 0.0725 0.0000
vt 0.6440 0.1876 0.0000
vt 0.4298 0.2193 0.0000
vt 0.9997 0.2468 0.0000
vt 0.6756 0.0787 0.0000
vt 0.6337 0.5284 0.0000
vt 0.5912 0.5124 0.0000
vt 0.7396 0.4302 0.0000
vt 0.7690 0.4427 0.0000
vt 0.7694 0.4480 0.0000
vt 0.1467 0.7390 0.0000
vt 0.1389 0.7317 0.0000
vt 0.1509 0.7257 0.0000
vt 0.1560 0.7382 0.0000
vt 0.1670 0.7220 0.0000
vt 0.1702 0.7364 0.0000
vt 0.1616 0.7048 0.0000
vt 0.1429 0.7106 0.0000
vt 0.1279 0.7192 0.0000
vt 0.1845 0.7204 0.0000
vt 0.1861 0.7357 0.0000
vt 0.1818 0.7018 0.0000
vt 0.1167 0.7056 0.0000
vt 0.1339 0.6948 0.0000
vt 0.1552 0.6867 0.0000
vt 0.1782 0.6820 0.0000
vt 0.1336 0.8335 0.0000
vt 0.1468 0.8379 0.0000
vt 0.1410 0.8490 0.0000
vt 0.1253 0.8389 0.0000
vt 0.1305 0.8616 0.0000
vt 0.1130 0.8482 0.0000
vt 0.1528 0.8721 0.0000
vt 0.1613 0.8564 0.0000
vt 0.1664 0.8430 0.0000
vt 0.1136 0.8798 0.0000
vt 0.0929 0.8607 0.0000
vt 0.1404 0.8950 0.0000
vt 0.1853 0.8456 0.0000
vt 0.1824 0.8600 0.0000
vt 0.1776 0.8779 0.0000
vt 0.1711 0.9040 0.0000
vt 0.1451 0.7458 0.0000
vt 0.1323 0.7400 0.0000
vt 0.1175 0.7304 0.0000
vt 0.1090 0.7446 0.0000
vt 0.1269 0.7513 0.0000
vt 0.1421 0.7550 0.0000
vt 0.1033 0.7190 0.0000
vt 0.0920 0.7358 0.0000
vt 0.1364 0.7690 0.0000
vt 0.1202 0.7664 0.0000
vt 0.1014 0.7615 0.0000
vt 0.0955 0.7799 0.0000
vt 0.1144 0.7831 0.0000
vt 0.1308 0.7849 0.0000
vt 0.0826 0.7550 0.0000
vt 0.0755 0.7759 0.0000
vt 0.1000 0.8336 0.0000
vt 0.1158 0.8272 0.0000
vt 0.1297 0.8242 0.0000
vt 0.1276 0.8124 0.0000
vt 0.1111 0.8137 0.0000
vt 0.0922 0.8166 0.0000
vt 0.0916 0.7984 0.0000
vt 0.1111 0.7989 0.0000
vt 0.1279 0.7994 0.0000
vt 0.0787 0.8407 0.0000
vt 0.0710 0.8193 0.0000
vt 0.0709 0.7975 0.0000
vt 0.1707 0.7462 0.0000
vt 0.1569 0.7469 0.0000
vt 0.1552 0.7559 0.0000
vt 0.1699 0.7560 0.0000
vt 0.1685 0.7702 0.0000
vt 0.1516 0.7698 0.0000
vt 0.1480 0.7857 0.0000
vt 0.1672 0.7863 0.0000
vt 0.1864 0.7460 0.0000
vt 0.1861 0.7561 0.0000
vt 0.1857 0.7705 0.0000
vt 0.1854 0.7867 0.0000
vt 0.1474 0.8262 0.0000
vt 0.1677 0.8297 0.0000
vt 0.1673 0.8158 0.0000
vt 0.1464 0.8137 0.0000
vt 0.1861 0.8317 0.0000
vt 0.1859 0.8172 0.0000
vt 0.1464 0.8003 0.0000
vt 0.1669 0.8014 0.0000
vt 0.1856 0.8022 0.0000
vt 0.6367 0.4969 0.0000
vt 0.6277 0.4841 0.0000
vt 0.6414 0.4746 0.0000
vt 0.6513 0.4870 0.0000
vt 0.6563 0.4639 0.0000
vt 0.6672 0.4762 0.0000
vt 0.6462 0.4520 0.0000
vt 0.6325 0.4630 0.0000
vt 0.6198 0.4723 0.0000
vt 0.6712 0.4522 0.0000
vt 0.6827 0.4649 0.0000
vt 0.6603 0.4400 0.0000
vt 0.6063 0.4062 0.0000
vt 0.6175 0.4170 0.0000
vt 0.6083 0.4297 0.0000
vt 0.5989 0.4204 0.0000
vt 0.5995 0.4392 0.0000
vt 0.5946 0.4302 0.0000
vt 0.6055 0.4498 0.0000
vt 0.6162 0.4403 0.0000
vt 0.6274 0.4284 0.0000
vt 0.6368 0.4401 0.0000
vt 0.6242 0.4515 0.0000
vt 0.6123 0.4609 0.0000
vt 0.6167 0.3915 0.0000
vt 0.6286 0.4036 0.0000
vt 0.6395 0.4156 0.0000
vt 0.6499 0.4278 0.0000
vt 0.8545 0.1835 0.0000
vt 0.8510 0.1626 0.0000
vt 0.8747 0.1637 0.0000
vt 0.8772 0.1850 0.0000
vt 0.8958 0.1636 0.0000
vt 0.8980 0.1850 0.0000
vt 0.8945 0.1405 0.0000
vt 0.8730 0.1405 0.0000
vt 0.8489 0.1397 0.0000
vt 0.8472 0.1163 0.0000
vt 0.8718 0.1168 0.0000
vt 0.8938 0.1168 0.0000
vt 0.9294 0.1778 0.0000
vt 0.9273 0.1587 0.0000
vt 0.9412 0.1549 0.0000
vt 0.9424 0.1717 0.0000
vt 0.7064 0.0151 0.0000
vt 0.6933 0.0254 0.0000
vt 0.6849 0.0149 0.0000
vt 0.6966 0.0100 0.0000
vt 0.9570 0.1350 0.0000
vt 0.9546 0.1527 0.0000
vt 0.9419 0.1358 0.0000
vt 0.9269 0.1375 0.0000
vt 0.9276 0.1154 0.0000
vt 0.9435 0.1149 0.0000
vt 0.9595 0.1146 0.0000
vt 0.9128 0.1617 0.0000
vt 0.9150 0.1824 0.0000
vt 0.9118 0.1392 0.0000
vt 0.9117 0.1162 0.0000
vt 0.6238 0.5067 0.0000
vt 0.6149 0.4935 0.0000
vt 0.6070 0.4809 0.0000
vt 0.5925 0.4898 0.0000
vt 0.6008 0.5036 0.0000
vt 0.6107 0.5174 0.0000
vt 0.9661 0.7895 0.0000
vt 0.9663 0.8067 0.0000
vt 0.9497 0.8063 0.0000
vt 0.9501 0.7885 0.0000
vt 0.5846 0.5132 0.0000
vt 0.5766 0.4984 0.0000
vt 0.5599 0.5066 0.0000
vt 0.5676 0.5220 0.0000
vt 0.9493 0.8245 0.0000
vt 0.9662 0.8242 0.0000
vt 0.5933 0.4565 0.0000
vt 0.5882 0.4442 0.0000
vt 0.5849 0.4306 0.0000
vt 0.5704 0.4319 0.0000
vt 0.5741 0.4479 0.0000
vt 0.5789 0.4625 0.0000
vt 0.5633 0.4687 0.0000
vt 0.5584 0.4525 0.0000
vt 0.5545 0.4347 0.0000
vt 0.5380 0.4392 0.0000
vt 0.5418 0.4583 0.0000
vt 0.5472 0.4755 0.0000
vt 0.5997 0.4688 0.0000
vt 0.5852 0.4763 0.0000
vt 0.5694 0.4838 0.0000
vt 0.5531 0.4913 0.0000
vt 0.6982 0.0000 0.0000
vt 0.7137 0.0025 0.0000
vt 0.7279 0.0082 0.0000
vt 0.7189 0.0220 0.0000
vt 0.5171 0.4905 0.0000
vt 0.5018 0.4959 0.0000
vt 0.4973 0.4801 0.0000
vt 0.5115 0.4742 0.0000
vt 0.3641 0.4886 0.0000
vt 0.3497 0.4850 0.0000
vt 0.3530 0.4690 0.0000
vt 0.3668 0.4708 0.0000
vt 0.7414 0.0154 0.0000
vt 0.7314 0.0299 0.0000
vt 0.4892 0.5180 0.0000
vt 0.5065 0.5116 0.0000
vt 0.5123 0.5274 0.0000
vt 0.4952 0.5346 0.0000
vt 0.5276 0.5207 0.0000
vt 0.5222 0.5058 0.0000
vt 0.3820 0.4699 0.0000
vt 0.3802 0.4886 0.0000
vt 0.5260 0.4663 0.0000
vt 0.5317 0.4833 0.0000
vt 0.3975 0.4868 0.0000
vt 0.3984 0.4679 0.0000
vt 0.5373 0.4989 0.0000
vt 0.5433 0.5140 0.0000
vt 0.5183 0.5450 0.0000
vt 0.5017 0.5545 0.0000
vt 0.9588 0.8933 0.0000
vt 0.9533 0.8759 0.0000
vt 0.9727 0.8744 0.0000
vt 0.9807 0.8914 0.0000
vt 0.9665 0.8578 0.0000
vt 0.9494 0.8592 0.0000
vt 0.5340 0.5364 0.0000
vt 0.5503 0.5293 0.0000
vt 0.9486 0.8423 0.0000
vt 0.9653 0.8413 0.0000
vt 0.4542 0.4555 0.0000
vt 0.4448 0.4590 0.0000
vt 0.4405 0.4440 0.0000
vt 0.4545 0.4442 0.0000
vt 0.4377 0.4275 0.0000
vt 0.4536 0.4280 0.0000
vt 0.4228 0.4282 0.0000
vt 0.4262 0.4456 0.0000
vt 0.4305 0.4625 0.0000
vt 0.4358 0.4099 0.0000
vt 0.4528 0.4103 0.0000
vt 0.4204 0.4101 0.0000
vt 0.4148 0.4654 0.0000
vt 0.4122 0.4473 0.0000
vt 0.4100 0.4291 0.0000
vt 0.3973 0.4299 0.0000
vt 0.3979 0.4488 0.0000
vt 0.4085 0.4105 0.0000
vt 0.3968 0.4109 0.0000
vt 0.3356 0.4354 0.0000
vt 0.3508 0.4322 0.0000
vt 0.3527 0.4513 0.0000
vt 0.3393 0.4535 0.0000
vt 0.3429 0.4662 0.0000
vt 0.3671 0.4511 0.0000
vt 0.3663 0.4306 0.0000
vt 0.3823 0.4302 0.0000
vt 0.3825 0.4502 0.0000
vt 0.3337 0.4144 0.0000
vt 0.3497 0.4122 0.0000
vt 0.3655 0.4110 0.0000
vt 0.3819 0.4108 0.0000
vt 0.4185 0.5353 0.0000
vt 0.4159 0.5540 0.0000
vt 0.3775 0.5259 0.0000
vt 0.3885 0.5045 0.0000
vt 0.4687 0.5091 0.0000
vt 0.4635 0.4583 0.0000
vt 0.4868 0.4622 0.0000
vt 0.4862 0.5197 0.0000
vt 0.4205 0.5356 0.0000
vt 0.4679 0.5110 0.0000
vt 0.4838 0.5245 0.0000
vt 0.4206 0.5547 0.0000
vt 0.3422 0.5499 0.0000
vt 0.3166 0.5331 0.0000
vt 0.3274 0.5094 0.0000
vt 0.3564 0.5311 0.0000
vt 0.5464 0.5363 0.0000
vt 0.6041 0.5349 0.0000
vt 0.6051 0.5546 0.0000
vt 0.5462 0.5562 0.0000
vt 0.3908 0.5014 0.0000
vt 0.4003 0.4955 0.0000
vt 0.4208 0.5223 0.0000
vt 0.4195 0.5331 0.0000
vt 0.4564 0.5080 0.0000
vt 0.4663 0.5092 0.0000
vt 0.7868 0.4221 0.0000
vt 0.7838 0.4327 0.0000
vt 0.7658 0.4206 0.0000
vt 0.7775 0.4165 0.0000
vt 0.8181 0.4414 0.0000
vt 0.8101 0.4376 0.0000
vt 0.8166 0.4158 0.0000
vt 0.8250 0.4151 0.0000
vt 0.8243 0.4122 0.0000
vt 0.8159 0.4135 0.0000
vt 0.8006 0.3978 0.0000
vt 0.8028 0.3891 0.0000
vt 0.4443 0.4701 0.0000
vt 0.4416 0.4775 0.0000
vt 0.4221 0.4867 0.0000
vt 0.4189 0.4848 0.0000
vt 0.4108 0.4920 0.0000
vt 0.4064 0.4939 0.0000
vt 0.4514 0.4873 0.0000
vt 0.4491 0.4651 0.0000
vt 0.4597 0.4585 0.0000
vt 0.7978 0.4176 0.0000
vt 0.7878 0.4208 0.0000
vt 0.7789 0.4151 0.0000
vt 0.7798 0.4042 0.0000
vt 0.3494 0.5651 0.0000
vt 0.3476 0.5612 0.0000
vt 0.3707 0.5292 0.0000
vt 0.3751 0.5296 0.0000
vt 0.3249 0.4943 0.0000
vt 0.3230 0.4899 0.0000
vt 0.3063 0.5339 0.0000
vt 0.3023 0.5339 0.0000
vt 0.7997 0.3881 0.0000
vt 0.7982 0.3969 0.0000
vt 0.7762 0.3989 0.0000
vt 0.7765 0.3908 0.0000
vt 0.7611 0.4107 0.0000
vt 0.7558 0.3941 0.0000
vt 0.8034 0.4184 0.0000
vt 0.7818 0.4021 0.0000
vt 0.7992 0.3994 0.0000
vt 0.8144 0.4148 0.0000
vt 0.8075 0.4368 0.0000
vt 0.7967 0.4351 0.0000
vt 0.4182 0.4844 0.0000
vt 0.7763 0.4145 0.0000
vt 0.7640 0.4183 0.0000
vt 0.4401 0.4818 0.0000
vt 0.4279 0.4851 0.0000
vt 0.7937 0.4346 0.0000
vt 0.7863 0.4330 0.0000
vt 0.7888 0.4227 0.0000
vt 0.7989 0.4204 0.0000
vt 0.3468 0.5558 0.0000
vt 0.3446 0.5521 0.0000
vt 0.3596 0.5322 0.0000
vt 0.3641 0.5319 0.0000
vt 0.8369 0.0450 0.0000
vt 0.8412 0.0467 0.0000
vt 0.8430 0.0859 0.0000
vt 0.8388 0.0874 0.0000
vt 0.3249 0.5022 0.0000
vt 0.3256 0.5065 0.0000
vt 0.3141 0.5321 0.0000
vt 0.3111 0.5319 0.0000
vt 0.3126 0.5352 0.0000
vt 0.3151 0.5344 0.0000
vt 0.3419 0.5522 0.0000
vt 0.3430 0.5552 0.0000
vt 0.4189 0.5342 0.0000
vt 0.4195 0.5347 0.0000
vt 0.4194 0.5357 0.0000
vt 0.3873 0.5037 0.0000
vt 0.3888 0.5024 0.0000
vt 0.3896 0.5031 0.0000
vt 0.3767 0.5272 0.0000
vt 0.3758 0.5266 0.0000
vt 0.3760 0.5255 0.0000
vt 0.4181 0.5544 0.0000
vt 0.4179 0.5557 0.0000
vt 0.4152 0.5554 0.0000
vt 0.4686 0.5101 0.0000
vt 0.4677 0.5097 0.0000
vt 0.4675 0.5090 0.0000
vt 0.4877 0.5200 0.0000
vt 0.4863 0.5226 0.0000
vt 0.4851 0.5220 0.0000
vt 0.4871 0.4608 0.0000
vt 0.4882 0.4611 0.0000
vt 0.4884 0.4621 0.0000
vt 0.4617 0.4582 0.0000
vt 0.4617 0.4571 0.0000
vt 0.4637 0.4569 0.0000
vt 0.4201 0.5343 0.0000
vt 0.4212 0.5561 0.0000
vt 0.4846 0.5258 0.0000
vt 0.4670 0.5102 0.0000
vt 0.3434 0.5509 0.0000
vt 0.3428 0.5514 0.0000
vt 0.3418 0.5508 0.0000
vt 0.3575 0.5300 0.0000
vt 0.3582 0.5312 0.0000
vt 0.3577 0.5321 0.0000
vt 0.3264 0.5082 0.0000
vt 0.3272 0.5073 0.0000
vt 0.3280 0.5082 0.0000
vt 0.3161 0.5338 0.0000
vt 0.3153 0.5332 0.0000
vt 0.3154 0.5325 0.0000
vt 0.5448 0.5362 0.0000
vt 0.5451 0.5351 0.0000
vt 0.5463 0.5350 0.0000
vt 0.3889 0.4994 0.0000
vt 0.3899 0.5004 0.0000
vt 0.0356 0.0000 0.0000
vt 0.0370 0.0002 0.0000
vt 0.0367 0.0013 0.0000
vt 0.0354 0.0013 0.0000
vt 0.6040 0.5336 0.0000
vt 0.6053 0.5338 0.0000
vt 0.6056 0.5348 0.0000
vt 0.7872 0.4215 0.0000
vt 0.7879 0.4219 0.0000
vt 0.7878 0.4225 0.0000
vt 0.7767 0.4156 0.0000
vt 0.7775 0.4154 0.0000
vt 0.7782 0.4160 0.0000
vt 0.4407 0.4832 0.0000
vt 0.4402 0.4827 0.0000
vt 0.4410 0.4825 0.0000
vt 0.4414 0.4833 0.0000
vt 0.4296 0.4853 0.0000
vt 0.4288 0.4857 0.0000
vt 0.4283 0.4855 0.0000
vt 0.4291 0.4849 0.0000
vt 0.4068 0.4980 0.0000
vt 0.4040 0.4972 0.0000
vt 0.4039 0.4957 0.0000
vt 0.4061 0.4961 0.0000
vt 0.4211 0.5183 0.0000
vt 0.4221 0.5190 0.0000
vt 0.4217 0.5201 0.0000
vt 0.4204 0.5195 0.0000
vt 0.8155 0.4154 0.0000
vt 0.8156 0.4147 0.0000
vt 0.8164 0.4147 0.0000
vt 0.4106 0.4936 0.0000
vt 0.4102 0.4931 0.0000
vt 0.4111 0.4927 0.0000
vt 0.4112 0.4932 0.0000
vt 0.4234 0.5188 0.0000
vt 0.4231 0.5202 0.0000
vt 0.4518 0.5072 0.0000
vt 0.4530 0.5067 0.0000
vt 0.4540 0.5072 0.0000
vt 0.4531 0.5081 0.0000
vt 0.7999 0.3987 0.0000
vt 0.7993 0.3980 0.0000
vt 0.7993 0.3972 0.0000
vt 0.8150 0.4141 0.0000
vt 0.4454 0.4685 0.0000
vt 0.4469 0.4686 0.0000
vt 0.4460 0.4705 0.0000
vt 0.4045 0.4942 0.0000
vt 0.4119 0.4922 0.0000
vt 0.7999 0.4175 0.0000
vt 0.8006 0.4187 0.0000
vt 0.7987 0.4191 0.0000
vt 0.7780 0.4024 0.0000
vt 0.7786 0.4013 0.0000
vt 0.7806 0.4029 0.0000
vt 0.7775 0.4147 0.0000
vt 0.7885 0.4218 0.0000
vt 0.4531 0.5057 0.0000
vt 0.4544 0.5060 0.0000
vt 0.7985 0.3982 0.0000
vt 0.4472 0.4713 0.0000
vt 0.4480 0.4692 0.0000
vt 0.8007 0.4198 0.0000
vt 0.4199 0.4907 0.0000
vt 0.4203 0.4890 0.0000
vt 0.4215 0.4888 0.0000
vt 0.4213 0.4905 0.0000
vt 0.4123 0.4927 0.0000
vt 0.7795 0.4006 0.0000
vt 0.4416 0.4824 0.0000
vt 0.4411 0.4818 0.0000
vt 0.4276 0.4861 0.0000
vt 0.4225 0.4897 0.0000
vt 0.4224 0.4883 0.0000
vt 0.4284 0.4865 0.0000
vt 0.3476 0.5578 0.0000
vt 0.3462 0.5581 0.0000
vt 0.3451 0.5560 0.0000
vt 0.8386 0.0423 0.0000
vt 0.8372 0.0433 0.0000
vt 0.8356 0.0426 0.0000
vt 0.8362 0.0417 0.0000
vt 0.8423 0.0438 0.0000
vt 0.8437 0.0450 0.0000
vt 0.8427 0.0456 0.0000
vt 0.8415 0.0450 0.0000
vt 0.3433 0.5524 0.0000
vt 0.8352 0.0436 0.0000
vt 0.8393 0.0888 0.0000
vt 0.8378 0.0898 0.0000
vt 0.8372 0.0889 0.0000
vt 0.8446 0.0854 0.0000
vt 0.8445 0.0867 0.0000
vt 0.8433 0.0874 0.0000
vt 0.8428 0.0469 0.0000
vt 0.0213 0.0000 0.0000
vt 0.0241 0.0000 0.0000
vt 0.0245 0.0007 0.0000
vt 0.0227 0.0010 0.0000
vt 0.3114 0.5335 0.0000
vt 0.3094 0.5336 0.0000
vt 0.3091 0.5322 0.0000
vt 0.3144 0.5333 0.0000
vt 0.3268 0.5057 0.0000
vt 0.3101 0.5349 0.0000
vt 0.3449 0.5579 0.0000
vt 0.5446 0.5562 0.0000
vt 0.4585 0.4559 0.0000
vt 0.4595 0.4571 0.0000
vt 0.6066 0.5546 0.0000
vt 0.7648 0.4195 0.0000
vt 0.7851 0.4328 0.0000
vt 0.8246 0.4138 0.0000
vt 0.8089 0.4371 0.0000
vt 0.8011 0.3886 0.0000
vt 0.4185 0.4846 0.0000
vt 0.4427 0.4783 0.0000
vt 0.4502 0.4890 0.0000
vt 0.3763 0.5308 0.0000
vt 0.3507 0.5661 0.0000
vt 0.3672 0.5307 0.0000
vt 0.6038 0.5324 0.0000
vt 0.5460 0.5339 0.0000
vt 0.3668 0.5282 0.0000
vt 0.3270 0.4979 0.0000
vt 0.3009 0.5331 0.0000
vt 0.3216 0.4889 0.0000
vt 0.3249 0.4985 0.0000
vt 0.3487 0.5662 0.0000
vt 0.3017 0.5351 0.0000
vt 0.4490 0.4905 0.0000
vt 0.4434 0.4793 0.0000
vt 0.7951 0.4349 0.0000
vt 0.3262 0.5003 0.0000
vt 0.5445 0.5342 0.0000
vt 0.0312 0.0013 0.0000
vt 0.0320 0.0000 0.0000
vt 0.0328 0.0005 0.0000
vt 0.0324 0.0016 0.0000
vt 0.3672 0.5295 0.0000
vt 0.3006 0.5342 0.0000
vt 0.3259 0.4979 0.0000
vt 0.3499 0.5668 0.0000
vt 0.4149 0.7900 0.0000
vt 0.3620 0.7721 0.0000
vt 0.3800 0.7290 0.0000
vt 0.4160 0.7353 0.0000
vt 0.3602 0.6790 0.0000
vt 0.3977 0.6535 0.0000
vt 0.4051 0.6546 0.0000
vt 0.3952 0.6670 0.0000
vt 0.4234 0.6465 0.0000
vt 0.4245 0.6529 0.0000
vt 0.4153 0.6466 0.0000
vt 0.5079 0.6721 0.0000
vt 0.5143 0.7450 0.0000
vt 0.4746 0.6997 0.0000
vt 0.4789 0.6516 0.0000
vt 0.3429 0.6988 0.0000
vt 0.3594 0.6486 0.0000
vt 0.3787 0.6385 0.0000
vt 0.3965 0.6104 0.0000
vt 0.4285 0.6064 0.0000
vt 0.3629 0.6102 0.0000
vt 0.3355 0.6594 0.0000
vt 0.3322 0.6969 0.0000
vt 0.4153 0.6859 0.0000
vt 0.4206 0.6702 0.0000
vt 0.4326 0.6676 0.0000
vt 0.4258 0.6882 0.0000
vt 0.4412 0.6732 0.0000
vt 0.4349 0.6894 0.0000
vt 0.4424 0.6496 0.0000
vt 0.4337 0.6501 0.0000
vt 0.3895 0.6859 0.0000
vt 0.3592 0.7101 0.0000
vt 0.3987 0.7024 0.0000
vt 0.4187 0.7083 0.0000
vt 0.4390 0.7020 0.0000
vt 0.4475 0.7296 0.0000
vt 0.4535 0.6809 0.0000
vt 0.4564 0.6501 0.0000
vt 0.4280 0.6331 0.0000
vt 0.4221 0.6391 0.0000
vt 0.4024 0.6366 0.0000
vt 0.4275 0.6228 0.0000
vt 0.4291 0.6430 0.0000
vt 0.4344 0.6370 0.0000
vt 0.4443 0.6307 0.0000
vt 0.4537 0.6243 0.0000
vt 0.4758 0.5578 0.0000
vt 0.4697 0.5455 0.0000
vt 0.4847 0.5438 0.0000
vt 0.4908 0.5543 0.0000
vt 0.4973 0.5513 0.0000
vt 0.4981 0.5623 0.0000
vt 0.5415 0.6600 0.0000
vt 0.5297 0.6558 0.0000
vt 0.5451 0.6481 0.0000
vt 0.5535 0.6546 0.0000
vt 0.4949 0.0042 0.0000
vt 0.4849 0.0000 0.0000
vt 0.5030 0.0021 0.0000
vt 0.5059 0.0053 0.0000
vt 0.0217 0.4899 0.0000
vt 0.0004 0.4883 0.0000
vt 0.0046 0.4320 0.0000
vt 0.0060 0.4321 0.0000
vt 0.0281 0.4319 0.0000
vt 0.2888 0.6713 0.0000
vt 0.2876 0.6721 0.0000
vt 0.2821 0.5845 0.0000
vt 0.3484 0.5796 0.0000
vt 0.3114 0.7261 0.0000
vt 0.4641 0.6239 0.0000
vt 0.4770 0.6282 0.0000
vt 0.4873 0.6367 0.0000
vt 0.4746 0.6128 0.0000
vt 0.4863 0.6216 0.0000
vt 0.4567 0.6020 0.0000
vt 0.9444 0.0273 0.0000
vt 0.9499 0.0000 0.0000
vt 0.9716 0.0053 0.0000
vt 0.9657 0.0317 0.0000
vt 0.3780 0.5694 0.0000
vt 0.3903 0.5912 0.0000
vt 0.5505 0.6985 0.0000
vt 0.5578 0.7138 0.0000
vt 0.5387 0.7266 0.0000
vt 0.5311 0.7105 0.0000
vt 0.5221 0.7404 0.0000
vt 0.5147 0.7262 0.0000
vt 0.4108 0.5937 0.0000
vt 0.4326 0.5916 0.0000
vt 0.0114 0.0782 0.0000
vt 0.0119 0.0965 0.0000
vt 0.0028 0.0923 0.0000
vt 0.0029 0.0772 0.0000
vt 0.5647 0.6916 0.0000
vt 0.5675 0.7063 0.0000
vt 0.4434 0.6084 0.0000
vt 0.4435 0.5843 0.0000
vt 0.4452 0.5672 0.0000
vt 0.4851 0.5848 0.0000
vt 0.4976 0.5877 0.0000
vt 0.4670 0.5754 0.0000
vt 0.5271 0.6815 0.0000
vt 0.5435 0.6750 0.0000
vt 0.5262 0.6647 0.0000
vt 0.5193 0.6868 0.0000
vt 0.5730 0.6918 0.0000
vt 0.5606 0.6717 0.0000
vt 0.5710 0.6715 0.0000
vt 0.5635 0.6589 0.0000
vt 0.4560 0.5626 0.0000
vt 0.4660 0.5466 0.0000
vt 0.4556 0.5533 0.0000
vt 0.4983 0.6425 0.0000
vt 0.0392 0.4992 0.0000
vt 0.0231 0.5207 0.0000
vt 0.0136 0.5170 0.0000
vt 0.0000 0.5268 0.0000
vt 0.0210 0.5296 0.0000
vt 0.0711 0.4484 0.0000
vt 0.0286 0.4319 0.0000
vt 0.1968 0.0142 0.0000
vt 0.1690 0.0155 0.0000
vt 0.1676 0.0013 0.0000
vt 0.1954 0.0000 0.0000
vt 0.1526 0.0157 0.0000
vt 0.1512 0.0014 0.0000
vt 0.0672 0.0162 0.0000
vt 0.0697 0.0028 0.0000
vt 0.0567 0.0133 0.0000
vt 0.0630 0.0007 0.0000
vt 0.4573 0.4215 0.0000
vt 0.4814 0.4218 0.0000
vt 0.4807 0.4355 0.0000
vt 0.4566 0.4356 0.0000
vt 0.5022 0.4370 0.0000
vt 0.5032 0.4234 0.0000
vt 0.5312 0.4296 0.0000
vt 0.5302 0.4444 0.0000
vt 0.1551 0.9014 0.0000
vt 0.0780 0.9014 0.0000
vt 0.2345 0.9690 0.0000
vt 0.1574 0.9690 0.0000
vt 0.8585 0.4815 0.0000
vt 0.8253 0.4815 0.0000
vt 0.8315 0.5140 0.0000
vt 0.8315 0.5472 0.0000
vt 0.7544 0.5472 0.0000
vt 0.7544 0.5140 0.0000
vt 0.0294 0.2331 0.0000
vt 0.0152 0.2342 0.0000
vt 0.0156 0.2192 0.0000
vt 0.0278 0.2194 0.0000
vt 0.0154 0.2077 0.0000
vt 0.0276 0.2092 0.0000
vt 0.0000 0.2122 0.0000
vt 0.0022 0.2268 0.0000
vt 0.0050 0.2449 0.0000
vt 0.1045 0.3638 0.0000
vt 0.0945 0.3733 0.0000
vt 0.0713 0.3618 0.0000
vt 0.0830 0.3522 0.0000
vt 0.0503 0.3500 0.0000
vt 0.0639 0.3401 0.0000
vt 0.0440 0.3589 0.0000
vt 0.0660 0.3692 0.0000
vt 0.0886 0.3805 0.0000
vt 0.0754 0.2139 0.0000
vt 0.0655 0.2161 0.0000
vt 0.0506 0.2060 0.0000
vt 0.0718 0.2078 0.0000
vt 0.0305 0.1988 0.0000
vt 0.0430 0.2139 0.0000
vt 0.0573 0.2196 0.0000
vt 0.1160 0.2205 0.0000
vt 0.1123 0.2239 0.0000
vt 0.0841 0.2213 0.0000
vt 0.0912 0.2174 0.0000
vt 0.0666 0.2226 0.0000
vt 0.0858 0.2242 0.0000
vt 0.0724 0.2241 0.0000
vt 0.1102 0.2266 0.0000
vt 0.0417 0.2223 0.0000
vt 0.0469 0.2341 0.0000
vt 0.0544 0.2246 0.0000
vt 0.0571 0.2307 0.0000
vt 0.1852 0.2980 0.0000
vt 0.1844 0.3031 0.0000
vt 0.1738 0.2987 0.0000
vt 0.1743 0.2934 0.0000
vt 0.1609 0.2942 0.0000
vt 0.1613 0.2888 0.0000
vt 0.1608 0.2995 0.0000
vt 0.1735 0.3039 0.0000
vt 0.1844 0.3080 0.0000
vt 0.1059 0.2343 0.0000
vt 0.0833 0.2313 0.0000
vt 0.0856 0.2277 0.0000
vt 0.1079 0.2303 0.0000
vt 0.0683 0.2259 0.0000
vt 0.0709 0.2287 0.0000
vt 0.2248 0.2745 0.0000
vt 0.2159 0.2687 0.0000
vt 0.2186 0.2652 0.0000
vt 0.2286 0.2739 0.0000
vt 0.2218 0.2618 0.0000
vt 0.2281 0.2692 0.0000
vt 0.2057 0.2503 0.0000
vt 0.2015 0.2538 0.0000
vt 0.1978 0.2573 0.0000
vt 0.2437 0.2772 0.0000
vt 0.2291 0.2587 0.0000
vt 0.2383 0.2575 0.0000
vt 0.2580 0.2780 0.0000
vt 0.2498 0.2544 0.0000
vt 0.2690 0.2747 0.0000
vt 0.2184 0.2420 0.0000
vt 0.2115 0.2451 0.0000
vt 0.1546 0.3976 0.0000
vt 0.1645 0.3841 0.0000
vt 0.1896 0.4023 0.0000
vt 0.1781 0.4194 0.0000
vt 0.2096 0.4182 0.0000
vt 0.1986 0.4367 0.0000
vt 0.2270 0.3997 0.0000
vt 0.1987 0.3844 0.0000
vt 0.1733 0.3701 0.0000
vt 0.2289 0.4262 0.0000
vt 0.2183 0.4288 0.0000
vt 0.2107 0.4450 0.0000
vt 0.2231 0.4483 0.0000
vt 0.1805 0.3556 0.0000
vt 0.2036 0.3662 0.0000
vt 0.2227 0.3742 0.0000
vt 0.2250 0.3543 0.0000
vt 0.2039 0.3482 0.0000
vt 0.1848 0.3409 0.0000
vt 0.2149 0.3316 0.0000
vt 0.2270 0.3236 0.0000
vt 0.2396 0.3488 0.0000
vt 0.2455 0.3199 0.0000
vt 0.2583 0.3548 0.0000
vt 0.2299 0.2878 0.0000
vt 0.2177 0.2999 0.0000
vt 0.2101 0.3144 0.0000
vt 0.2072 0.3051 0.0000
vt 0.2049 0.3186 0.0000
vt 0.1306 0.2813 0.0000
vt 0.1320 0.2882 0.0000
vt 0.1142 0.2874 0.0000
vt 0.1128 0.2807 0.0000
vt 0.0981 0.2868 0.0000
vt 0.0966 0.2807 0.0000
vt 0.1001 0.2923 0.0000
vt 0.1166 0.2935 0.0000
vt 0.1343 0.2945 0.0000
vt 0.7338 0.6785 0.0000
vt 0.6980 0.6463 0.0000
vt 0.7047 0.6345 0.0000
vt 0.7413 0.6676 0.0000
vt 0.7128 0.6233 0.0000
vt 0.6811 0.5948 0.0000
vt 0.6735 0.6062 0.0000
vt 0.6674 0.6189 0.0000
vt 0.6584 0.7121 0.0000
vt 0.6723 0.7221 0.0000
vt 0.6743 0.7320 0.0000
vt 0.6680 0.7307 0.0000
vt 0.6879 0.7463 0.0000
vt 0.6838 0.7501 0.0000
vt 0.6923 0.7384 0.0000
vt 0.7062 0.7631 0.0000
vt 0.7020 0.7679 0.0000
vt 0.7240 0.7800 0.0000
vt 0.7213 0.7839 0.0000
vt 0.7304 0.7754 0.0000
vt 0.7122 0.7566 0.0000
vt 0.7821 0.7207 0.0000
vt 0.7607 0.7022 0.0000
vt 0.7687 0.6921 0.0000
vt 0.7902 0.7110 0.0000
vt 0.1105 0.2434 0.0000
vt 0.1205 0.2572 0.0000
vt 0.1011 0.2558 0.0000
vt 0.0889 0.2408 0.0000
vt 0.0804 0.2555 0.0000
vt 0.0773 0.2435 0.0000
vt 0.0941 0.2707 0.0000
vt 0.1114 0.2701 0.0000
vt 0.1297 0.2709 0.0000
vt 0.1080 0.3231 0.0000
vt 0.1019 0.3097 0.0000
vt 0.1211 0.3085 0.0000
vt 0.1240 0.3189 0.0000
vt 0.1357 0.3087 0.0000
vt 0.1342 0.3164 0.0000
vt 0.1371 0.3012 0.0000
vt 0.1204 0.3002 0.0000
vt 0.1019 0.2993 0.0000
vt 0.2013 0.3313 0.0000
vt 0.1967 0.3180 0.0000
vt 0.1861 0.3149 0.0000
vt 0.1863 0.3263 0.0000
vt 0.1942 0.2649 0.0000
vt 0.2122 0.2751 0.0000
vt 0.2056 0.2860 0.0000
vt 0.1908 0.2776 0.0000
vt 0.1994 0.2970 0.0000
vt 0.1886 0.2904 0.0000
vt 0.1314 0.2771 0.0000
vt 0.1136 0.2765 0.0000
vt 0.0973 0.2770 0.0000
vt 0.1014 0.2950 0.0000
vt 0.1188 0.2966 0.0000
vt 0.1363 0.2980 0.0000
vt 0.1849 0.3106 0.0000
vt 0.1931 0.3129 0.0000
vt 0.1985 0.3130 0.0000
vt 0.1955 0.3108 0.0000
vt 0.1914 0.3101 0.0000
vt 0.2273 0.2783 0.0000
vt 0.2145 0.2709 0.0000
vt 0.1959 0.2600 0.0000
vt 0.2327 0.2772 0.0000
vt 0.2402 0.2865 0.0000
vt 0.2322 0.2704 0.0000
vt 0.2246 0.2600 0.0000
vt 0.2084 0.2477 0.0000
vt 0.7757 0.7933 0.0000
vt 0.7883 0.8072 0.0000
vt 0.7757 0.8078 0.0000
vt 0.7653 0.8010 0.0000
vt 0.7766 0.8123 0.0000
vt 0.7577 0.8062 0.0000
vt 0.7924 0.8148 0.0000
vt 0.0852 0.2887 0.0000
vt 0.0832 0.2852 0.0000
vt 0.0883 0.2860 0.0000
vt 0.0898 0.2906 0.0000
vt 0.0869 0.2807 0.0000
vt 0.0833 0.2816 0.0000
vt 0.0899 0.2927 0.0000
vt 0.0833 0.2893 0.0000
vt 0.0865 0.2972 0.0000
vt 0.0771 0.2912 0.0000
vt 0.0867 0.2777 0.0000
vt 0.0803 0.2718 0.0000
vt 0.0748 0.2783 0.0000
vt 0.0813 0.2796 0.0000
vt 0.8786 0.8050 0.0000
vt 0.8521 0.7825 0.0000
vt 0.8615 0.7744 0.0000
vt 0.8886 0.7982 0.0000
vt 0.8305 0.7465 0.0000
vt 0.8219 0.7556 0.0000
vt 0.2377 0.3884 0.0000
vt 0.2336 0.3763 0.0000
vt 0.2445 0.3786 0.0000
vt 0.2473 0.3944 0.0000
vt 0.2565 0.3809 0.0000
vt 0.2559 0.3931 0.0000
vt 0.2517 0.3680 0.0000
vt 0.2424 0.3633 0.0000
vt 0.2352 0.3658 0.0000
vt 0.1825 0.2384 0.0000
vt 0.1841 0.2355 0.0000
vt 0.1556 0.2309 0.0000
vt 0.1572 0.2279 0.0000
vt 0.1537 0.2339 0.0000
vt 0.1806 0.2413 0.0000
vt 0.1313 0.2294 0.0000
vt 0.1286 0.2333 0.0000
vt 0.1265 0.2373 0.0000
vt 0.1480 0.2415 0.0000
vt 0.1507 0.2377 0.0000
vt 0.1721 0.2513 0.0000
vt 0.1735 0.2484 0.0000
vt 0.1474 0.2447 0.0000
vt 0.1496 0.2503 0.0000
vt 0.1725 0.2566 0.0000
vt 0.1744 0.2706 0.0000
vt 0.1561 0.2649 0.0000
vt 0.1624 0.2800 0.0000
vt 0.1764 0.2851 0.0000
vt 0.1468 0.2748 0.0000
vt 0.1478 0.2808 0.0000
vt 0.1466 0.2843 0.0000
vt 0.1627 0.2860 0.0000
vt 0.1734 0.3066 0.0000
vt 0.1607 0.3025 0.0000
vt 0.1603 0.3062 0.0000
vt 0.1734 0.3105 0.0000
vt 0.1717 0.3208 0.0000
vt 0.1581 0.3155 0.0000
vt 0.1678 0.3338 0.0000
vt 0.1533 0.3269 0.0000
vt 0.1419 0.3209 0.0000
vt 0.1314 0.3278 0.0000
vt 0.1171 0.3345 0.0000
vt 0.1302 0.3455 0.0000
vt 0.1432 0.3365 0.0000
vt 0.1291 0.3794 0.0000
vt 0.1391 0.3688 0.0000
vt 0.1495 0.3578 0.0000
vt 0.1171 0.3546 0.0000
vt 0.2167 0.4692 0.0000
vt 0.2019 0.4642 0.0000
vt 0.1869 0.4560 0.0000
vt 0.1738 0.4676 0.0000
vt 0.1896 0.4761 0.0000
vt 0.2062 0.4815 0.0000
vt 0.1660 0.4361 0.0000
vt 0.1446 0.4108 0.0000
vt 0.1366 0.4209 0.0000
vt 0.1560 0.4475 0.0000
vt 0.1201 0.3903 0.0000
vt 0.1134 0.3989 0.0000
vt 0.0350 0.3313 0.0000
vt 0.0499 0.3211 0.0000
vt 0.0256 0.3122 0.0000
vt 0.0391 0.3037 0.0000
vt 0.0196 0.3207 0.0000
vt 0.0284 0.3389 0.0000
vt 0.0328 0.2804 0.0000
vt 0.0174 0.2862 0.0000
vt 0.0153 0.2602 0.0000
vt 0.0319 0.2566 0.0000
vt 0.0075 0.2724 0.0000
vt 0.0112 0.2883 0.0000
vt 0.0169 0.1954 0.0000
vt 0.0001 0.1959 0.0000
vt 0.2921 0.4683 0.0000
vt 0.2974 0.4412 0.0000
vt 0.3128 0.4428 0.0000
vt 0.3069 0.4715 0.0000
vt 0.3287 0.4445 0.0000
vt 0.3222 0.4751 0.0000
vt 0.3306 0.4094 0.0000
vt 0.3147 0.4097 0.0000
vt 0.2992 0.4101 0.0000
vt 0.2807 0.3087 0.0000
vt 0.2684 0.3118 0.0000
vt 0.2996 0.3447 0.0000
vt 0.2858 0.3478 0.0000
vt 0.2937 0.3050 0.0000
vt 0.3149 0.3415 0.0000
vt 0.0650 0.2378 0.0000
vt 0.0800 0.2342 0.0000
vt 0.1055 0.2375 0.0000
vt 0.0649 0.2294 0.0000
vt 0.0605 0.2249 0.0000
vt 0.1472 0.2905 0.0000
vt 0.1484 0.2964 0.0000
vt 0.7387 0.7969 0.0000
vt 0.7370 0.7920 0.0000
vt 0.7449 0.7919 0.0000
vt 0.8005 0.7366 0.0000
vt 0.8088 0.7272 0.0000
vt 0.1362 0.2235 0.0000
vt 0.1339 0.2265 0.0000
vt 0.1769 0.2448 0.0000
vt 0.1265 0.2406 0.0000
vt 0.1297 0.2462 0.0000
vt 0.1383 0.2604 0.0000
vt 0.1757 0.2907 0.0000
vt 0.1868 0.2955 0.0000
vt 0.1492 0.2998 0.0000
vt 0.1491 0.3031 0.0000
vt 0.1471 0.3111 0.0000
vt 0.1599 0.3461 0.0000
vt 0.0999 0.3433 0.0000
vt 0.0861 0.3302 0.0000
vt 0.1876 0.2319 0.0000
vt 0.1597 0.2242 0.0000
vt 0.0802 0.2843 0.0000
vt 0.0736 0.2847 0.0000
vt 0.0764 0.3104 0.0000
vt 0.0606 0.2970 0.0000
vt 0.0554 0.2764 0.0000
vt 0.0585 0.2554 0.0000
vt 0.2683 0.4088 0.0000
vt 0.2616 0.3997 0.0000
vt 0.2632 0.3820 0.0000
vt 0.2689 0.3820 0.0000
vt 0.2551 0.3631 0.0000
vt 0.2426 0.3569 0.0000
vt 0.2318 0.3614 0.0000
vt 0.2291 0.3760 0.0000
vt 0.2348 0.3924 0.0000
vt 0.2490 0.4019 0.0000
vt 0.2492 0.4101 0.0000
vt 0.1965 0.3086 0.0000
vt 0.2014 0.3106 0.0000
vt 0.2008 0.3064 0.0000
vt 0.1970 0.3058 0.0000
vt 0.1956 0.3010 0.0000
vt 0.1930 0.3025 0.0000
vt 0.1915 0.3062 0.0000
vt 0.2580 0.3155 0.0000
vt 0.2727 0.3510 0.0000
vt 0.2957 0.3795 0.0000
vt 0.2806 0.3812 0.0000
vt 0.2839 0.4103 0.0000
vt 0.2826 0.4398 0.0000
vt 0.2667 0.4368 0.0000
vt 0.2627 0.4613 0.0000
vt 0.2781 0.4653 0.0000
vt 0.2862 0.4867 0.0000
vt 0.2726 0.4826 0.0000
vt 0.2575 0.4786 0.0000
vt 0.2461 0.4909 0.0000
vt 0.2617 0.4961 0.0000
vt 0.2758 0.5014 0.0000
vt 0.6918 0.6574 0.0000
vt 0.6613 0.6315 0.0000
vt 0.6867 0.6692 0.0000
vt 0.6570 0.6459 0.0000
vt 0.7215 0.6969 0.0000
vt 0.7274 0.6878 0.0000
vt 0.7540 0.7108 0.0000
vt 0.7473 0.7188 0.0000
vt 0.7678 0.7370 0.0000
vt 0.7751 0.7290 0.0000
vt 0.7931 0.7450 0.0000
vt 0.7850 0.7536 0.0000
vt 0.8041 0.7727 0.0000
vt 0.8139 0.7639 0.0000
vt 0.8432 0.7894 0.0000
vt 0.8305 0.7964 0.0000
vt 0.8551 0.8138 0.0000
vt 0.8688 0.8102 0.0000
vt 0.7533 0.7858 0.0000
vt 0.7630 0.7758 0.0000
vt 0.7485 0.7565 0.0000
vt 0.7388 0.7669 0.0000
vt 0.7208 0.7470 0.0000
vt 0.7302 0.7366 0.0000
vt 0.7084 0.7175 0.0000
vt 0.7001 0.7283 0.0000
vt 0.6752 0.7108 0.0000
vt 0.6800 0.6977 0.0000
vt 0.6558 0.6825 0.0000
vt 0.6551 0.6976 0.0000
vt 0.0556 0.2879 0.0000
vt 0.0348 0.2931 0.0000
vt 0.0209 0.3003 0.0000
vt 0.0137 0.3053 0.0000
vt 0.8096 0.8055 0.0000
vt 0.8059 0.8157 0.0000
vt 0.8325 0.8166 0.0000
vt 0.8194 0.8183 0.0000
vt 0.7900 0.7840 0.0000
vt 0.7743 0.7645 0.0000
vt 0.7586 0.7463 0.0000
vt 0.7391 0.7274 0.0000
vt 0.7152 0.7070 0.0000
vt 0.6833 0.6833 0.0000
vt 0.6558 0.6641 0.0000
vt 0.2373 0.4745 0.0000
vt 0.2265 0.4865 0.0000
vt 0.2425 0.4551 0.0000
vt 0.2468 0.4308 0.0000
vt 0.3144 0.4951 0.0000
vt 0.3003 0.4904 0.0000
vt 0.2900 0.5058 0.0000
vt 0.3039 0.5111 0.0000
vt 0.3033 0.5107 0.0000
vt 0.3263 0.3759 0.0000
vt 0.3109 0.3778 0.0000
vt 0.0956 0.2113 0.0000
vt 0.1190 0.2155 0.0000
vt 0.1386 0.2193 0.0000
vt 0.0000 0.1199 0.0000
vt 0.0156 0.0971 0.0000
vt 0.0238 0.1076 0.0000
vt 0.0062 0.1336 0.0000
vt 0.0199 0.0756 0.0000
vt 0.0293 0.0854 0.0000
vt 0.0192 0.0538 0.0000
vt 0.0314 0.0599 0.0000
vt 0.0233 0.0307 0.0000
vt 0.0355 0.0389 0.0000
vt 0.0292 0.0109 0.0000
vt 0.0444 0.0000 0.0000
vt 0.0551 0.0099 0.0000
vt 0.0408 0.0202 0.0000
vt 0.9869 0.0744 0.0000
vt 0.9994 0.0668 0.0000
vt 0.9988 0.0949 0.0000
vt 0.9885 0.1052 0.0000
vt 0.6537 0.0682 0.0000
vt 0.6591 0.0484 0.0000
vt 0.6784 0.0533 0.0000
vt 0.6730 0.0731 0.0000
vt 0.7126 0.2529 0.0000
vt 0.7118 0.2330 0.0000
vt 0.7323 0.2318 0.0000
vt 0.7331 0.2517 0.0000
vt 0.9738 0.0288 0.0000
vt 0.9699 0.0281 0.0000
vt 0.9742 0.0080 0.0000
vt 0.9781 0.0088 0.0000
vt 0.9999 0.0389 0.0000
vt 0.9961 0.0402 0.0000
vt 0.9954 0.0202 0.0000
vt 0.9992 0.0189 0.0000
vt 0.7961 0.0000 0.0000
vt 0.7962 0.0040 0.0000
vt 0.7757 0.0048 0.0000
vt 0.7756 0.0007 0.0000
vt 0.0421 0.0565 0.0000
vt 0.0383 0.0553 0.0000
vt 0.0383 0.0354 0.0000
vt 0.0421 0.0365 0.0000
vt 0.4012 0.1458 0.0000
vt 0.4102 0.1426 0.0000
vt 0.4064 0.1613 0.0000
vt 0.3955 0.1592 0.0000
vt 0.4172 0.1489 0.0000
vt 0.9744 0.1715 0.0000
vt 0.9738 0.1570 0.0000
vt 0.9846 0.1587 0.0000
vt 0.9817 0.1776 0.0000
vt 0.9954 0.1605 0.0000
vt 0.9906 0.1741 0.0000
vt 0.3992 0.1402 0.0000
vt 0.4114 0.1360 0.0000
vt 0.4211 0.1445 0.0000
vt 0.9928 0.1796 0.0000
vt 0.9809 0.1843 0.0000
vt 0.9707 0.1761 0.0000
vt 0.9995 0.1611 0.0000
vt 0.3915 0.1584 0.0000
vt 0.9699 0.1563 0.0000
vt 0.0255 0.0052 0.0000
vt 0.0237 0.0168 0.0000
vt 0.0576 0.8544 0.0000
vt 0.0656 0.8564 0.0000
vt 0.0849 0.8548 0.0000
vt 0.0757 0.8592 0.0000
vt 0.0478 0.9018 0.0000
vt 0.0629 0.8912 0.0000
vt 0.0743 0.9028 0.0000
vt 0.0496 0.9147 0.0000
vt 0.0474 0.8633 0.0000
vt 0.0383 0.8716 0.0000
vt 0.0500 0.8612 0.0000
vt 0.0634 0.8680 0.0000
vt 0.0605 0.8714 0.0000
vt 0.0772 0.8738 0.0000
vt 0.0748 0.8784 0.0000
vt 0.0771 0.8709 0.0000
vt 0.0641 0.8661 0.0000
vt 0.0512 0.8600 0.0000
vt 0.0913 0.8754 0.0000
vt 0.0900 0.8828 0.0000
vt 0.0238 0.8822 0.0000
vt 0.0493 0.8821 0.0000
vt 0.0322 0.8975 0.0000
vt 0.0553 0.8581 0.0000
vt 0.0648 0.8617 0.0000
vt 0.0771 0.8654 0.0000
vt 0.0895 0.8644 0.0000
vt 0.0902 0.8714 0.0000
vt 0.5743 0.0288 0.0000
vt 0.5744 0.0349 0.0000
vt 0.9167 0.9490 0.0000
vt 0.9016 0.9522 0.0000
vt 0.9040 0.9447 0.0000
vt 0.8811 0.9238 0.0000
vt 0.8851 0.9341 0.0000
vt 0.8753 0.9376 0.0000
vt 0.8913 0.9504 0.0000
vt 0.8929 0.9425 0.0000
vt 0.8987 0.9446 0.0000
vt 0.9525 0.9066 0.0000
vt 0.9605 0.9122 0.0000
vt 0.9581 0.9197 0.0000
vt 0.9491 0.9151 0.0000
vt 0.9413 0.9143 0.0000
vt 0.9409 0.9207 0.0000
vt 0.9372 0.9054 0.0000
vt 0.9488 0.8984 0.0000
vt 0.9414 0.8858 0.0000
vt 0.9311 0.8966 0.0000
vt 0.9265 0.8832 0.0000
vt 0.9170 0.8939 0.0000
vt 0.9071 0.9353 0.0000
vt 0.9044 0.9297 0.0000
vt 0.9106 0.9248 0.0000
vt 0.9147 0.9298 0.0000
vt 0.9210 0.9212 0.0000
vt 0.9184 0.9156 0.0000
vt 0.9335 0.9307 0.0000
vt 0.9368 0.9324 0.0000
vt 0.9229 0.9431 0.0000
vt 0.9291 0.9472 0.0000
vt 0.9239 0.9593 0.0000
vt 0.8853 0.8907 0.0000
vt 0.9025 0.8874 0.0000
vt 0.9006 0.8967 0.0000
vt 0.8723 0.8937 0.0000
vt 0.8871 0.9019 0.0000
vt 0.8799 0.9059 0.0000
vt 0.9380 0.9513 0.0000
vt 0.9457 0.9370 0.0000
vt 0.9513 0.9413 0.0000
vt 0.9440 0.9559 0.0000
vt 0.9396 0.9672 0.0000
vt 0.9321 0.9631 0.0000
vt 0.9068 0.9192 0.0000
vt 0.9007 0.9242 0.0000
vt 0.8942 0.9190 0.0000
vt 0.9008 0.9130 0.0000
vt 0.9158 0.9116 0.0000
vt 0.9091 0.9073 0.0000
vt 0.8964 0.9285 0.0000
vt 0.8990 0.9329 0.0000
vt 0.9300 0.9194 0.0000
vt 0.9283 0.9105 0.0000
vt 0.9240 0.9312 0.0000
vt 0.9125 0.9421 0.0000
vt 0.8718 0.9320 0.0000
vt 0.8816 0.9193 0.0000
vt 0.8851 0.9130 0.0000
vt 0.9088 0.9018 0.0000
vt 0.8964 0.9049 0.0000
vt 0.9244 0.9031 0.0000
vt 0.9024 0.9381 0.0000
vt 0.8915 0.9231 0.0000
vt 0.8957 0.9337 0.0000
vt 0.8972 0.9397 0.0000
vt 0.8926 0.9305 0.0000
vt 0.8883 0.9255 0.0000
vt 0.1305 0.0255 0.0000
vt 0.1392 0.0172 0.0000
vt 0.1433 0.0216 0.0000
vt 0.1345 0.0299 0.0000
vt 0.6003 0.2245 0.0000
vt 0.5891 0.2129 0.0000
vt 0.6010 0.2115 0.0000
vt 0.9429 0.2622 0.0000
vt 0.9131 0.2603 0.0000
vt 0.9134 0.2735 0.0000
vt 0.9396 0.2812 0.0000
vt 0.9732 0.2624 0.0000
vt 0.9673 0.2814 0.0000
vt 0.6055 0.2024 0.0000
vt 0.6072 0.2122 0.0000
vt 0.5993 0.2035 0.0000
vt 0.6056 0.2268 0.0000
vt 0.5630 0.2374 0.0000
vt 0.5562 0.2210 0.0000
vt 0.5600 0.2193 0.0000
vt 0.5661 0.2334 0.0000
vt 0.5517 0.2106 0.0000
vt 0.5562 0.2093 0.0000
vt 0.8892 0.2720 0.0000
vt 0.8995 0.2901 0.0000
vt 0.9159 0.3076 0.0000
vt 0.8869 0.2598 0.0000
vt 0.9364 0.3162 0.0000
vt 0.9579 0.3107 0.0000
vt 0.9757 0.2958 0.0000
vt 0.9892 0.2762 0.0000
vt 0.5259 0.2723 0.0000
vt 0.4792 0.2866 0.0000
vt 0.4742 0.2600 0.0000
vt 0.5216 0.2478 0.0000
vt 0.5282 0.2971 0.0000
vt 0.4851 0.3116 0.0000
vt 0.6093 0.2476 0.0000
vt 0.6506 0.2343 0.0000
vt 0.6530 0.2510 0.0000
vt 0.6137 0.2670 0.0000
vt 0.6499 0.2157 0.0000
vt 0.6654 0.2736 0.0000
vt 0.6845 0.2797 0.0000
vt 0.6698 0.2815 0.0000
vt 0.5619 0.3588 0.0000
vt 0.5241 0.3813 0.0000
vt 0.5091 0.3575 0.0000
vt 0.5515 0.3381 0.0000
vt 0.5684 0.3711 0.0000
vt 0.5285 0.3970 0.0000
vt 0.4727 0.2395 0.0000
vt 0.5185 0.2290 0.0000
vt 0.6509 0.2038 0.0000
vt 0.6479 0.1953 0.0000
vt 0.6600 0.1941 0.0000
vt 0.6659 0.2055 0.0000
vt 0.4965 0.3339 0.0000
vt 0.5413 0.3165 0.0000
vt 0.6568 0.2646 0.0000
vt 0.6241 0.2970 0.0000
vt 0.6158 0.2837 0.0000
vt 0.6854 0.2299 0.0000
vt 0.6981 0.2301 0.0000
vt 0.6987 0.2380 0.0000
vt 0.6864 0.2409 0.0000
vt 0.6855 0.2200 0.0000
vt 0.6946 0.2248 0.0000
vt 0.6902 0.2147 0.0000
vt 0.6991 0.2194 0.0000
vt 0.6898 0.2487 0.0000
vt 0.6929 0.2542 0.0000
vt 0.6996 0.2441 0.0000
vt 0.6986 0.2494 0.0000
vt 0.7074 0.2278 0.0000
vt 0.7089 0.2365 0.0000
vt 0.7104 0.2436 0.0000
vt 0.7051 0.2480 0.0000
vt 0.7017 0.2552 0.0000
vt 0.4339 0.2475 0.0000
vt 0.4386 0.2696 0.0000
vt 0.4656 0.2266 0.0000
vt 0.4314 0.2339 0.0000
vt 0.8992 0.2900 0.0000
vt 0.8897 0.2719 0.0000
vt 0.4793 0.3741 0.0000
vt 0.4908 0.3951 0.0000
vt 0.9894 0.2762 0.0000
vt 0.9759 0.2960 0.0000
vt 0.9959 0.2617 0.0000
vt 0.9963 0.2619 0.0000
vt 0.4667 0.3500 0.0000
vt 0.4556 0.3243 0.0000
vt 0.9573 0.3108 0.0000
vt 0.9363 0.3161 0.0000
vt 0.4459 0.2971 0.0000
vt 0.9159 0.3075 0.0000
vt 0.8306 0.0249 0.0000
vt 0.8210 0.0229 0.0000
vt 0.8217 0.0003 0.0000
vt 0.8319 0.0035 0.0000
vt 0.6953 0.2109 0.0000
vt 0.7072 0.2110 0.0000
vt 0.7099 0.2604 0.0000
vt 0.7037 0.2793 0.0000
vt 0.6741 0.2870 0.0000
vt 0.5127 0.2177 0.0000
vt 0.8867 0.2599 0.0000
vt 0.4985 0.4089 0.0000
vt 0.5370 0.4146 0.0000
vt 0.5041 0.4219 0.0000
vt 0.5782 0.2066 0.0000
vt 0.5738 0.2318 0.0000
vt 0.5694 0.2176 0.0000
vt 0.5659 0.2085 0.0000
vt 0.5743 0.2354 0.0000
vt 0.5862 0.2141 0.0000
vt 0.5750 0.2073 0.0000
vt 0.8481 0.0228 0.0000
vt 0.8399 0.0236 0.0000
vt 0.8402 0.0013 0.0000
vt 0.8485 0.0000 0.0000
vt 0.8396 0.0403 0.0000
vt 0.8472 0.0402 0.0000
vt 0.8303 0.0403 0.0000
vt 0.7989 0.2068 0.0000
vt 0.7987 0.2152 0.0000
vt 0.7980 0.2238 0.0000
vt 0.7974 0.2344 0.0000
vt 0.6789 0.1968 0.0000
vt 0.6745 0.1933 0.0000
vt 0.9718 0.6765 0.0000
vt 0.9756 0.6841 0.0000
vt 0.9771 0.7003 0.0000
vt 0.9709 0.6868 0.0000
vt 0.9664 0.6906 0.0000
vt 0.9663 0.6793 0.0000
vt 0.9837 0.6776 0.0000
vt 0.9836 0.6885 0.0000
vt 0.9795 0.6849 0.0000
vt 0.9784 0.6768 0.0000
vt 0.9594 0.5012 0.0000
vt 0.9567 0.5025 0.0000
vt 0.9583 0.4931 0.0000
vt 0.9649 0.4949 0.0000
vt 0.9707 0.4935 0.0000
vt 0.9729 0.5018 0.0000
vt 0.9699 0.5009 0.0000
vt 0.9770 0.5028 0.0000
vt 0.9804 0.4967 0.0000
vt 0.9472 0.4969 0.0000
vt 0.9522 0.5035 0.0000
vt 0.9674 0.6529 0.0000
vt 0.9737 0.6525 0.0000
vt 0.9800 0.6530 0.0000
vt 0.9790 0.6070 0.0000
vt 0.9713 0.6067 0.0000
vt 0.9637 0.6073 0.0000
vt 0.9850 0.6544 0.0000
vt 0.9896 0.6558 0.0000
vt 0.9907 0.6093 0.0000
vt 0.9848 0.6081 0.0000
vt 0.9956 0.6570 0.0000
vt 0.9532 0.6584 0.0000
vt 0.9589 0.6563 0.0000
vt 0.9525 0.6110 0.0000
vt 0.9450 0.6130 0.0000
vt 0.9986 0.6097 0.0000
vt 0.9630 0.6544 0.0000
vt 0.9580 0.6089 0.0000
vt 0.9781 0.5859 0.0000
vt 0.9698 0.5858 0.0000
vt 0.9696 0.5813 0.0000
vt 0.9778 0.5814 0.0000
vt 0.9688 0.5686 0.0000
vt 0.9770 0.5687 0.0000
vt 0.9607 0.5696 0.0000
vt 0.9614 0.5822 0.0000
vt 0.9617 0.5866 0.0000
vt 0.9909 0.5877 0.0000
vt 0.9845 0.5868 0.0000
vt 0.9843 0.5824 0.0000
vt 0.9909 0.5834 0.0000
vt 0.9838 0.5700 0.0000
vt 0.9905 0.5714 0.0000
vt 0.9496 0.5900 0.0000
vt 0.9413 0.5918 0.0000
vt 0.9406 0.5876 0.0000
vt 0.9491 0.5857 0.0000
vt 0.9387 0.5758 0.0000
vt 0.9476 0.5741 0.0000
vt 0.9996 0.5718 0.0000
vt 0.9997 0.5837 0.0000
vt 0.9996 0.5880 0.0000
vt 0.9557 0.5881 0.0000
vt 0.9552 0.5838 0.0000
vt 0.9541 0.5718 0.0000
vt 0.9710 0.5150 0.0000
vt 0.9650 0.5148 0.0000
vt 0.9645 0.5029 0.0000
vt 0.9697 0.5042 0.0000
vt 0.9593 0.5046 0.0000
vt 0.9591 0.5157 0.0000
vt 0.9845 0.5188 0.0000
vt 0.9776 0.5168 0.0000
vt 0.9742 0.5059 0.0000
vt 0.9793 0.5075 0.0000
vt 0.9463 0.5211 0.0000
vt 0.9359 0.5210 0.0000
vt 0.9403 0.5050 0.0000
vt 0.9501 0.5088 0.0000
vt 0.9878 0.5030 0.0000
vt 0.9945 0.5171 0.0000
vt 0.9528 0.5182 0.0000
vt 0.9552 0.5067 0.0000
vt 0.9668 0.5404 0.0000
vt 0.9743 0.5407 0.0000
vt 0.9594 0.5416 0.0000
vt 0.9818 0.5427 0.0000
vt 0.9889 0.5448 0.0000
vt 0.9359 0.5491 0.0000
vt 0.9456 0.5475 0.0000
vt 0.9986 0.5449 0.0000
vt 0.9523 0.5445 0.0000
vt 0.9702 0.5901 0.0000
vt 0.9783 0.5902 0.0000
vt 0.9621 0.5908 0.0000
vt 0.9846 0.5911 0.0000
vt 0.9910 0.5921 0.0000
vt 0.9420 0.5961 0.0000
vt 0.9502 0.5942 0.0000
vt 0.9995 0.5923 0.0000
vt 0.9561 0.5923 0.0000
vt 0.1104 0.0286 0.0000
vt 0.1128 0.0251 0.0000
vt 0.1150 0.0266 0.0000
vt 0.1127 0.0300 0.0000
vt 0.1172 0.0281 0.0000
vt 0.1148 0.0316 0.0000
vt 0.1196 0.0247 0.0000
vt 0.1173 0.0233 0.0000
vt 0.1152 0.0216 0.0000
vt 0.9932 0.9342 0.0000
vt 0.9822 0.9342 0.0000
vt 0.9824 0.9178 0.0000
vt 0.9935 0.9179 0.0000
vt 0.9825 0.9015 0.0000
vt 0.9936 0.9017 0.0000
vt 0.9714 0.9014 0.0000
vt 0.9712 0.9177 0.0000
vt 0.9712 0.9340 0.0000
vt 0.7156 0.8336 0.0000
vt 0.6558 0.8032 0.0000
vt 0.6610 0.7942 0.0000
vt 0.7187 0.8286 0.0000
vt 0.6663 0.7853 0.0000
vt 0.7217 0.8235 0.0000
vt 0.6102 0.7474 0.0000
vt 0.6026 0.7600 0.0000
vt 0.5954 0.7726 0.0000
vt 0.7257 0.8178 0.0000
vt 0.6718 0.7771 0.0000
vt 0.6761 0.7717 0.0000
vt 0.7283 0.8148 0.0000
vt 0.6806 0.7663 0.0000
vt 0.7309 0.8119 0.0000
vt 0.6286 0.7219 0.0000
vt 0.6225 0.7297 0.0000
vt 0.6166 0.7377 0.0000
vt 0.7056 0.8658 0.0000
vt 0.6379 0.8545 0.0000
vt 0.6404 0.8443 0.0000
vt 0.7068 0.8598 0.0000
vt 0.6430 0.8342 0.0000
vt 0.7079 0.8539 0.0000
vt 0.5786 0.8122 0.0000
vt 0.5744 0.8263 0.0000
vt 0.5704 0.8405 0.0000
vt 0.7097 0.8470 0.0000
vt 0.6459 0.8248 0.0000
vt 0.6485 0.8183 0.0000
vt 0.7110 0.8434 0.0000
vt 0.6513 0.8119 0.0000
vt 0.7124 0.8398 0.0000
vt 0.5901 0.7830 0.0000
vt 0.5861 0.7920 0.0000
vt 0.5824 0.8011 0.0000
vt 0.1080 0.0317 0.0000
vt 0.1063 0.0300 0.0000
vt 0.1077 0.0272 0.0000
vt 0.7375 0.8452 0.0000
vt 0.7354 0.8472 0.0000
vt 0.7136 0.8369 0.0000
vt 0.7353 0.8494 0.0000
vt 0.9986 0.9341 0.0000
vt 0.9979 0.9408 0.0000
vt 0.9931 0.9414 0.0000
vt 0.5677 0.7721 0.0000
vt 0.5704 0.7681 0.0000
vt 0.5923 0.7786 0.0000
vt 0.5730 0.7619 0.0000
vt 0.5896 0.7332 0.0000
vt 0.5936 0.7278 0.0000
vt 0.6138 0.7418 0.0000
vt 0.5958 0.7235 0.0000
vt 0.9937 0.8944 0.0000
vt 0.9984 0.8952 0.0000
vt 0.9989 0.9018 0.0000
vt 0.7448 0.8337 0.0000
vt 0.7429 0.8348 0.0000
vt 0.7237 0.8202 0.0000
vt 0.7420 0.8376 0.0000
vt 0.1128 0.0196 0.0000
vt 0.1150 0.0174 0.0000
vt 0.1171 0.0183 0.0000
vt 0.6094 0.7057 0.0000
vt 0.6129 0.7025 0.0000
vt 0.6319 0.7181 0.0000
vt 0.6170 0.6971 0.0000
vt 0.6365 0.7131 0.0000
vt 0.9661 0.9015 0.0000
vt 0.9667 0.8948 0.0000
vt 0.9714 0.8941 0.0000
vt 0.7362 0.8071 0.0000
vt 0.7522 0.8266 0.0000
vt 0.7494 0.8277 0.0000
vt 0.7330 0.8095 0.0000
vt 0.7485 0.8297 0.0000
vt 0.1220 0.0216 0.0000
vt 0.1236 0.0232 0.0000
vt 0.1223 0.0261 0.0000
vt 0.5553 0.8035 0.0000
vt 0.5580 0.7973 0.0000
vt 0.5807 0.8058 0.0000
vt 0.5590 0.7927 0.0000
vt 0.9711 0.9413 0.0000
vt 0.9664 0.9405 0.0000
vt 0.9659 0.9338 0.0000
vt 0.7334 0.8545 0.0000
vt 0.7321 0.8563 0.0000
vt 0.7086 0.8500 0.0000
vt 0.7323 0.8592 0.0000
vt 0.1171 0.0336 0.0000
vt 0.1149 0.0359 0.0000
vt 0.1128 0.0349 0.0000
vt 0.1103 0.0334 0.0000
vt 0.7345 0.8520 0.0000
vt 0.1200 0.0300 0.0000
vt 0.7319 0.8636 0.0000
vt 0.7310 0.8679 0.0000
vt 0.1196 0.0198 0.0000
vt 0.7468 0.8319 0.0000
vt 0.1100 0.0232 0.0000
vt 0.7400 0.8415 0.0000
vt 0.9991 0.9180 0.0000
vt 0.5810 0.7473 0.0000
vt 0.9825 0.8929 0.0000
vt 0.6043 0.7159 0.0000
vt 0.9656 0.9177 0.0000
vt 0.5459 0.8348 0.0000
vt 0.5504 0.8191 0.0000
vt 0.9821 0.9417 0.0000
vt 0.5630 0.7822 0.0000
vt 0.6693 0.7806 0.0000
vt 0.6531 0.8080 0.0000
vt 0.6834 0.7630 0.0000
vt 0.6875 0.7591 0.0000
vt 0.6445 0.8288 0.0000
vt 0.8900 0.4000 0.0000
vt 0.8994 0.3562 0.0000
vt 0.9200 0.3494 0.0000
vt 0.9059 0.4220 0.0000
vt 0.7756 0.3413 0.0000
vt 0.8205 0.2943 0.0000
vt 0.8292 0.3149 0.0000
vt 0.8002 0.3398 0.0000
vt 0.8568 0.3142 0.0000
vt 0.8807 0.3067 0.0000
vt 0.8817 0.3301 0.0000
vt 0.8454 0.3912 0.0000
vt 0.8204 0.3898 0.0000
vt 0.8510 0.3501 0.0000
vt 0.8603 0.3557 0.0000
vt 0.8617 0.3321 0.0000
vt 0.8648 0.3371 0.0000
vt 0.8571 0.3314 0.0000
vt 0.8433 0.3418 0.0000
vt 0.8227 0.3650 0.0000
vt 0.8604 0.4169 0.0000
vt 0.8779 0.3589 0.0000
vt 0.8691 0.3315 0.0000
vt 0.8638 0.3257 0.0000
vt 0.8599 0.3247 0.0000
vt 0.8361 0.3307 0.0000
vt 0.8166 0.3484 0.0000
vt 0.8036 0.3559 0.0000
vt 0.8082 0.3610 0.0000
vt 0.8034 0.3624 0.0000
vt 0.7800 0.3826 0.0000
vt 0.8718 0.4530 0.0000
vt 0.2141 0.0045 0.0000
vt 0.2325 0.0000 0.0000
vt 0.2412 0.0186 0.0000
vt 0.2173 0.0208 0.0000
vt 0.8356 0.9290 0.0000
vt 0.8444 0.8907 0.0000
vt 0.8669 0.8803 0.0000
vt 0.8494 0.9548 0.0000
vt 0.7260 0.8789 0.0000
vt 0.7619 0.8308 0.0000
vt 0.7747 0.8510 0.0000
vt 0.7516 0.8760 0.0000
vt 0.7998 0.8483 0.0000
vt 0.8249 0.8371 0.0000
vt 0.8268 0.8648 0.0000
vt 0.7972 0.9204 0.0000
vt 0.7714 0.9277 0.0000
vt 0.7954 0.8850 0.0000
vt 0.8068 0.8922 0.0000
vt 0.8053 0.8675 0.0000
vt 0.8095 0.8735 0.0000
vt 0.8006 0.8665 0.0000
vt 0.7886 0.8762 0.0000
vt 0.7723 0.8985 0.0000
vt 0.8115 0.9364 0.0000
vt 0.8239 0.8945 0.0000
vt 0.8147 0.8672 0.0000
vt 0.8074 0.8601 0.0000
vt 0.8028 0.8594 0.0000
vt 0.7824 0.8662 0.0000
vt 0.7559 0.8948 0.0000
vt 0.7293 0.9169 0.0000
vt 0.7953 0.9656 0.0000
vt 0.5199 0.9859 0.0000
vt 0.5273 1.0000 0.0000
vt 0.4424 0.9869 0.0000
vt 0.4624 0.9710 0.0000
vt 0.5176 0.9156 0.0000
vt 0.4747 0.9113 0.0000
vt 0.4650 0.8943 0.0000
vt 0.5310 0.9038 0.0000
vt 0.5446 0.8366 0.0000
vt 0.4885 0.8259 0.0000
vt 0.5023 0.9405 0.0000
vt 0.4937 0.9608 0.0000
vt 0.6015 0.6684 0.0000
vt 0.6214 0.6768 0.0000
vt 0.5964 0.7195 0.0000
vt 0.5819 0.7042 0.0000
vt 0.6162 0.6169 0.0000
vt 0.6075 0.5893 0.0000
vt 0.6134 0.5665 0.0000
vt 0.6336 0.6183 0.0000
vt 0.6660 0.6163 0.0000
vt 0.5192 0.7725 0.0000
vt 0.4655 0.7839 0.0000
vt 0.5568 0.7498 0.0000
vt 0.5543 0.7521 0.0000
vt 0.9656 0.4091 0.0000
vt 0.9989 0.4091 0.0000
vt 0.0191 0.0285 0.0000
vt 0.5744 0.0196 0.0000
vt 0.5751 0.3866 0.0000
vt 0.6890 0.2933 0.0000
vt 0.6814 0.2987 0.0000
vt 0.7047 0.2895 0.0000
vt 0.6068 0.5886 0.0000
vt 0.5644 0.5789 0.0000
vt 0.7716 0.4431 0.0000
vt 0.8152 0.4425 0.0000
vt 0.8128 0.4927 0.0000
vt 0.7025 0.9364 0.0000
vt 0.6980 0.9565 0.0000
vt 0.6919 0.9556 0.0000
vt 0.6956 0.9366 0.0000
vt 0.7046 0.9126 0.0000
vt 0.7119 0.9114 0.0000
vt 0.7102 0.9370 0.0000
vt 0.7190 0.9385 0.0000
vt 0.7186 0.9109 0.0000
vt 0.6788 0.9773 0.0000
vt 0.6786 0.9551 0.0000
vt 0.6852 0.9553 0.0000
vt 0.6819 0.9776 0.0000
vt 0.6870 0.8829 0.0000
vt 0.6910 0.8863 0.0000
vt 0.6849 0.9119 0.0000
vt 0.6782 0.9094 0.0000
vt 0.6959 0.8875 0.0000
vt 0.6920 0.9132 0.0000
vt 0.6908 0.9902 0.0000
vt 0.6802 0.9977 0.0000
vt 0.6701 0.9868 0.0000
vt 0.6749 0.9805 0.0000
vt 0.6853 0.9775 0.0000
vt 0.6882 0.9806 0.0000
vt 0.7120 0.9617 0.0000
vt 0.7050 0.9585 0.0000
vt 0.6580 0.9294 0.0000
vt 0.6648 0.9029 0.0000
vt 0.6724 0.9064 0.0000
vt 0.6662 0.9317 0.0000
vt 0.6737 0.9339 0.0000
vt 0.7083 0.8839 0.0000
vt 0.7033 0.8866 0.0000
vt 0.6979 0.8664 0.0000
vt 0.6999 0.8880 0.0000
vt 0.6985 0.9132 0.0000
vt 0.6835 0.8797 0.0000
vt 0.6772 0.8738 0.0000
vt 0.7115 0.8817 0.0000
vt 0.6719 0.9546 0.0000
vt 0.6654 0.9539 0.0000
vt 0.6579 0.9532 0.0000
vt 0.6886 0.9364 0.0000
vt 0.6812 0.9355 0.0000
vt 0.6957 0.9932 0.0000
vt 0.6639 0.9869 0.0000
vt 0.5553 0.6047 0.0000
vt 0.5689 0.6201 0.0000
vt 0.5651 0.6248 0.0000
vt 0.5514 0.6100 0.0000
vt 0.5389 0.5882 0.0000
vt 0.5429 0.5824 0.0000
vt 0.5603 0.5993 0.0000
vt 0.5665 0.5942 0.0000
vt 0.5470 0.5776 0.0000
vt 0.5770 0.6484 0.0000
vt 0.5582 0.6363 0.0000
vt 0.5616 0.6305 0.0000
vt 0.5790 0.6448 0.0000
vt 0.5057 0.5797 0.0000
vt 0.5112 0.5795 0.0000
vt 0.5259 0.6023 0.0000
vt 0.5194 0.6057 0.0000
vt 0.5155 0.5770 0.0000
vt 0.5314 0.5978 0.0000
vt 0.5880 0.6377 0.0000
vt 0.5993 0.6440 0.0000
vt 0.5947 0.6577 0.0000
vt 0.5825 0.6589 0.0000
vt 0.5801 0.6414 0.0000
vt 0.5830 0.6397 0.0000
vt 0.5808 0.6123 0.0000
vt 0.5743 0.6160 0.0000
vt 0.5525 0.5719 0.0000
vt 0.5736 0.5897 0.0000
vt 0.5361 0.6266 0.0000
vt 0.5290 0.6312 0.0000
vt 0.5130 0.6079 0.0000
vt 0.5219 0.5669 0.0000
vt 0.5201 0.5716 0.0000
vt 0.5049 0.5593 0.0000
vt 0.5186 0.5747 0.0000
vt 0.5355 0.5930 0.0000
vt 0.5255 0.5566 0.0000
vt 0.5229 0.5637 0.0000
vt 0.5005 0.5794 0.0000
vt 0.5536 0.6423 0.0000
vt 0.5879 0.6094 0.0000
vt 0.5795 0.6630 0.0000
vt 0.5487 0.6473 0.0000
vt 0.5473 0.6154 0.0000
vt 0.5422 0.6212 0.0000
vt 0.6054 0.6420 0.0000
vt 0.3277 0.9103 0.0000
vt 0.3488 0.9174 0.0000
vt 0.3478 0.9234 0.0000
vt 0.3276 0.9170 0.0000
vt 0.3031 0.9053 0.0000
vt 0.3029 0.8981 0.0000
vt 0.3290 0.9027 0.0000
vt 0.3318 0.8946 0.0000
vt 0.3036 0.8917 0.0000
vt 0.3707 0.9392 0.0000
vt 0.3468 0.9365 0.0000
vt 0.3474 0.9299 0.0000
vt 0.3710 0.9360 0.0000
vt 0.2714 0.9182 0.0000
vt 0.2751 0.9146 0.0000
vt 0.3015 0.9241 0.0000
vt 0.2982 0.9303 0.0000
vt 0.2766 0.9099 0.0000
vt 0.3032 0.9173 0.0000
vt 0.3851 0.9280 0.0000
vt 0.3925 0.9402 0.0000
vt 0.3793 0.9499 0.0000
vt 0.3737 0.9438 0.0000
vt 0.3710 0.9325 0.0000
vt 0.3744 0.9297 0.0000
vt 0.3554 0.9040 0.0000
vt 0.3514 0.9105 0.0000
vt 0.3160 0.9518 0.0000
vt 0.2898 0.9414 0.0000
vt 0.2944 0.9353 0.0000
vt 0.3199 0.9449 0.0000
vt 0.3235 0.9383 0.0000
vt 0.2739 0.8975 0.0000
vt 0.2760 0.9027 0.0000
vt 0.2552 0.9049 0.0000
vt 0.2772 0.9061 0.0000
vt 0.3034 0.9112 0.0000
vt 0.2678 0.9211 0.0000
vt 0.2613 0.9258 0.0000
vt 0.2726 0.8940 0.0000
vt 0.3452 0.9432 0.0000
vt 0.3431 0.9493 0.0000
vt 0.3406 0.9560 0.0000
vt 0.3274 0.9238 0.0000
vt 0.3260 0.9311 0.0000
vt 0.3886 0.9236 0.0000
vt 0.3779 0.9557 0.0000
vt 0.9279 0.6058 0.0000
vt 0.9281 0.6257 0.0000
vt 0.9244 0.6254 0.0000
vt 0.9237 0.6061 0.0000
vt 0.9261 0.5870 0.0000
vt 0.9316 0.5860 0.0000
vt 0.9338 0.6057 0.0000
vt 0.9403 0.6057 0.0000
vt 0.9364 0.5852 0.0000
vt 0.9200 0.6421 0.0000
vt 0.9161 0.6270 0.0000
vt 0.9205 0.6259 0.0000
vt 0.9223 0.6411 0.0000
vt 0.9073 0.5650 0.0000
vt 0.9116 0.5653 0.0000
vt 0.9125 0.5882 0.0000
vt 0.9069 0.5882 0.0000
vt 0.9161 0.5647 0.0000
vt 0.9180 0.5880 0.0000
vt 0.9282 0.6476 0.0000
vt 0.9236 0.6530 0.0000
vt 0.9162 0.6494 0.0000
vt 0.9182 0.6454 0.0000
vt 0.9245 0.6403 0.0000
vt 0.9265 0.6417 0.0000
vt 0.9380 0.6278 0.0000
vt 0.9329 0.6266 0.0000
vt 0.8980 0.6088 0.0000
vt 0.8976 0.5877 0.0000
vt 0.9027 0.5880 0.0000
vt 0.9031 0.6085 0.0000
vt 0.9079 0.6080 0.0000
vt 0.1067 0.0358 0.0000
vt 0.1032 0.0385 0.0000
vt 0.0993 0.0236 0.0000
vt 0.9196 0.5640 0.0000
vt 0.9222 0.5876 0.0000
vt 0.9074 0.5503 0.0000
vt 0.9041 0.5646 0.0000
vt 0.8988 0.5634 0.0000
vt 0.1007 0.0399 0.0000
vt 0.9303 0.5618 0.0000
vt 0.9274 0.5624 0.0000
vt 0.9298 0.5470 0.0000
vt 0.9112 0.6283 0.0000
vt 0.9074 0.6294 0.0000
vt 0.9032 0.6305 0.0000
vt 0.9194 0.6066 0.0000
vt 0.9226 0.5634 0.0000
vt 0.9138 0.6073 0.0000
vt 0.9319 0.6490 0.0000
vt 0.9125 0.6507 0.0000
vt 0.9642 0.3528 0.0000
vt 0.9690 0.3358 0.0000
vt 0.9738 0.3391 0.0000
vt 0.9697 0.3565 0.0000
vt 0.9598 0.3713 0.0000
vt 0.9531 0.3695 0.0000
vt 0.9577 0.3499 0.0000
vt 0.9499 0.3482 0.0000
vt 0.9469 0.3698 0.0000
vt 0.9846 0.3227 0.0000
vt 0.9860 0.3428 0.0000
vt 0.9797 0.3419 0.0000
vt 0.9806 0.3236 0.0000
vt 0.9695 0.4020 0.0000
vt 0.9660 0.3981 0.0000
vt 0.9762 0.3812 0.0000
vt 0.9832 0.3839 0.0000
vt 0.9629 0.3945 0.0000
vt 0.9702 0.3776 0.0000
vt 0.9713 0.3207 0.0000
vt 0.9715 0.3100 0.0000
vt 0.9821 0.3078 0.0000
vt 0.9879 0.3149 0.0000
vt 0.9768 0.3242 0.0000
vt 0.9746 0.3226 0.0000
vt 0.9580 0.3293 0.0000
vt 0.9642 0.3322 0.0000
vt 0.9387 0.3722 0.0000
vt 0.9410 0.3483 0.0000
vt 0.9906 0.3635 0.0000
vt 0.9996 0.3626 0.0000
vt 0.9903 0.3857 0.0000
vt 0.9521 0.3904 0.0000
vt 0.9570 0.3909 0.0000
vt 0.9557 0.4091 0.0000
vt 0.9603 0.3919 0.0000
vt 0.9649 0.3741 0.0000
vt 0.9431 0.3974 0.0000
vt 0.9492 0.3922 0.0000
vt 0.9736 0.4060 0.0000
vt 0.9931 0.3415 0.0000
vt 0.9506 0.3273 0.0000
vt 0.9929 0.3118 0.0000
vt 0.9999 0.3384 0.0000
vt 0.9754 0.3603 0.0000
vt 0.9825 0.3626 0.0000
vt 0.9659 0.3075 0.0000
vt 0.1577 0.6841 0.0000
vt 0.3301 0.7488 0.0000
vt 0.9669 0.0387 0.0000
vt 0.9668 0.0436 0.0000
vt 0.9644 0.0436 0.0000
vt 0.9645 0.0387 0.0000
vt 0.0682 0.0525 0.0000
vt 0.0706 0.0525 0.0000
vt 0.0707 0.0574 0.0000
vt 0.0683 0.0574 0.0000
vt 0.2083 0.0215 0.0000
vt 0.2083 0.0240 0.0000
vt 0.1520 0.0240 0.0000
vt 0.1520 0.0216 0.0000
vt 0.0548 0.0220 0.0000
vt 0.0599 0.0229 0.0000
vt 0.0516 0.0788 0.0000
vt 0.0465 0.0779 0.0000
vt 0.4266 0.0053 0.0000
vt 0.4266 0.0078 0.0000
vt 0.3703 0.0069 0.0000
vt 0.3704 0.0045 0.0000
vt 0.2187 0.6706 0.0000
vt 0.2185 0.6654 0.0000
vt 0.2750 0.6646 0.0000
vt 0.2752 0.6697 0.0000
vt 0.9670 0.0332 0.0000
vt 0.9708 0.0340 0.0000
vt 0.9713 0.0386 0.0000
vt 0.9712 0.0440 0.0000
vt 0.9705 0.0486 0.0000
vt 0.9668 0.0492 0.0000
vt 0.9643 0.0492 0.0000
vt 0.9605 0.0485 0.0000
vt 0.9600 0.0438 0.0000
vt 0.9601 0.0384 0.0000
vt 0.9608 0.0338 0.0000
vt 0.9645 0.0332 0.0000
vt 0.0638 0.0523 0.0000
vt 0.0644 0.0476 0.0000
vt 0.0681 0.0469 0.0000
vt 0.0706 0.0469 0.0000
vt 0.0744 0.0475 0.0000
vt 0.0751 0.0522 0.0000
vt 0.0751 0.0575 0.0000
vt 0.0745 0.0621 0.0000
vt 0.0708 0.0629 0.0000
vt 0.0683 0.0629 0.0000
vt 0.0645 0.0622 0.0000
vt 0.0638 0.0576 0.0000
vt 0.2085 0.0171 0.0000
vt 0.2134 0.0178 0.0000
vt 0.2142 0.0215 0.0000
vt 0.2142 0.0240 0.0000
vt 0.2134 0.0277 0.0000
vt 0.2085 0.0284 0.0000
vt 0.1517 0.0285 0.0000
vt 0.1468 0.0278 0.0000
vt 0.1461 0.0241 0.0000
vt 0.1461 0.0215 0.0000
vt 0.1468 0.0178 0.0000
vt 0.1517 0.0171 0.0000
vt 0.0495 0.0209 0.0000
vt 0.0511 0.0163 0.0000
vt 0.0556 0.0162 0.0000
vt 0.0608 0.0172 0.0000
vt 0.0651 0.0188 0.0000
vt 0.0653 0.0237 0.0000
vt 0.0569 0.0798 0.0000
vt 0.0553 0.0845 0.0000
vt 0.0507 0.0845 0.0000
vt 0.0456 0.0836 0.0000
vt 0.0412 0.0820 0.0000
vt 0.0411 0.0771 0.0000
vt 0.4270 0.0009 0.0000
vt 0.4319 0.0017 0.0000
vt 0.4326 0.0054 0.0000
vt 0.4325 0.0079 0.0000
vt 0.4318 0.0116 0.0000
vt 0.4268 0.0123 0.0000
vt 0.3700 0.0113 0.0000
vt 0.3651 0.0106 0.0000
vt 0.3644 0.0069 0.0000
vt 0.3645 0.0043 0.0000
vt 0.3653 0.0006 0.0000
vt 0.3702 0.0000 0.0000
vt 0.2188 0.6760 0.0000
vt 0.2139 0.6752 0.0000
vt 0.2129 0.6707 0.0000
vt 0.2127 0.6655 0.0000
vt 0.2134 0.6609 0.0000
vt 0.2182 0.6600 0.0000
vt 0.2749 0.6591 0.0000
vt 0.2798 0.6599 0.0000
vt 0.2808 0.6644 0.0000
vt 0.2810 0.6697 0.0000
vt 0.2803 0.6742 0.0000
vt 0.2756 0.6751 0.0000
vt 0.5485 0.1406 0.0000
vt 0.5627 0.1408 0.0000
vt 0.5466 0.1176 0.0000
vt 0.5612 0.1189 0.0000
vt 0.5483 0.0975 0.0000
vt 0.5597 0.0995 0.0000
vt 0.5534 0.0783 0.0000
vt 0.5646 0.0813 0.0000
vt 0.5557 0.0600 0.0000
vt 0.5661 0.0634 0.0000
vt 0.5601 0.0490 0.0000
vt 0.5701 0.0532 0.0000
vt 0.5627 0.0343 0.0000
vt 0.5725 0.0387 0.0000
vt 0.6176 0.3510 0.0000
vt 0.6094 0.3575 0.0000
vt 0.6033 0.3440 0.0000
vt 0.6120 0.3372 0.0000
vt 0.5970 0.3344 0.0000
vt 0.6070 0.3279 0.0000
vt 0.5879 0.3188 0.0000
vt 0.5966 0.3135 0.0000
vt 0.5794 0.3009 0.0000
vt 0.5889 0.2961 0.0000
vt 0.5726 0.2819 0.0000
vt 0.5853 0.2773 0.0000
vt 0.5662 0.2599 0.0000
vt 0.5774 0.2570 0.0000
vt 0.6324 0.3074 0.0000
vt 0.6373 0.3163 0.0000
vt 0.6445 0.3287 0.0000
vt 0.6046 0.0531 0.0000
vt 0.6000 0.0669 0.0000
vt 0.5975 0.0761 0.0000
# 3961 texture coords

o Box728
g Box728
usemtl 03___Default
s 2
f 1/1/1 2/2/2 3/3/3 4/4/4 
f 2/2/2 5/5/5 6/6/6 3/3/3 
f 7/7/7 8/8/8 3/3/3 6/6/6 
f 8/8/8 9/9/9 4/4/4 3/3/3 
f 5/5/5 10/10/10 11/11/11 6/6/6 
f 10/10/10 12/12/12 13/13/13 11/11/11 
f 14/14/14 7/7/7 6/6/6 11/11/11 
f 9/9/9 8/8/8 15/15/15 16/16/16 
f 8/8/8 7/7/7 17/17/17 15/15/15 
f 7/7/7 14/14/14 18/18/18 17/17/17 
f 14/14/14 19/19/19 20/20/20 18/18/18 
f 21/21/21 22/22/22 23/23/23 24/24/24 
f 22/22/22 25/25/25 26/26/26 23/23/23 
f 27/27/27 28/28/28 23/23/23 26/26/26 
f 28/28/28 29/29/29 24/24/24 23/23/23 
f 25/25/25 30/30/30 31/31/31 26/26/26 
f 32/32/32 27/27/27 26/26/26 31/31/31 
f 29/29/29 28/28/28 33/33/33 34/34/34 
f 28/28/28 27/27/27 35/35/35 33/33/33 
f 27/27/27 32/32/32 36/36/36 35/35/35 
f 1/1/1 4/4/4 37/37/37 38/38/38 
f 4/4/4 9/9/9 39/39/39 37/37/37 
f 40/40/40 41/41/41 37/37/37 39/39/39 
f 41/41/41 42/42/42 38/38/38 37/37/37 
f 9/9/9 16/16/16 43/43/43 39/39/39 
f 44/44/44 40/40/40 39/39/39 43/43/43 
f 42/42/42 41/41/41 45/45/45 46/46/46 
f 41/41/41 40/40/40 47/47/47 45/45/45 
f 48/48/48 49/49/49 45/45/45 47/47/47 
f 49/49/49 50/50/50 46/46/46 45/45/45 
f 40/40/40 44/44/44 51/51/51 47/47/47 
f 52/52/52 48/48/48 47/47/47 51/51/51 
f 25/25/25 22/22/22 53/53/53 54/54/54 
f 22/22/22 21/21/21 55/55/55 53/53/53 
f 56/56/56 57/57/57 53/53/53 55/55/55 
f 57/57/57 58/58/58 54/54/54 53/53/53 
f 58/58/58 57/57/57 59/59/59 60/60/60 
f 57/57/57 56/56/56 61/61/61 59/59/59 
f 50/50/50 49/49/49 59/59/59 61/61/61 
f 49/49/49 48/48/48 60/60/60 59/59/59 
f 30/30/30 25/25/25 54/54/54 62/62/62 
f 58/58/58 63/63/63 62/62/62 54/54/54 
f 63/63/63 58/58/58 60/60/60 64/64/64 
f 48/48/48 52/52/52 64/64/64 60/60/60 
f 5/5/5 2/2/2 65/65/65 66/66/66 
f 2/2/2 1/1/1 38/38/38 65/65/65 
f 42/42/42 67/67/67 65/65/65 38/38/38 
f 67/67/67 68/68/68 66/66/66 65/65/65 
f 68/68/68 67/67/67 69/69/69 70/70/70 
f 67/67/67 42/42/42 46/46/46 69/69/69 
f 50/50/50 71/71/71 69/69/69 46/46/46 
f 71/71/71 72/72/72 70/70/70 69/69/69 
f 10/10/10 5/5/5 66/66/66 73/73/73 
f 68/68/68 74/74/74 73/73/73 66/66/66 
f 74/74/74 75/75/75 76/76/76 73/73/73 
f 74/74/74 68/68/68 70/70/70 77/77/77 
f 72/72/72 78/78/78 77/77/77 70/70/70 
f 78/78/78 79/79/79 80/80/80 77/77/77 
f 21/21/21 24/24/24 81/81/81 55/55/55 
f 24/24/24 29/29/29 82/82/82 81/81/81 
f 83/83/83 84/84/84 81/81/81 82/82/82 
f 84/84/84 56/56/56 55/55/55 81/81/81 
f 29/29/29 34/34/34 85/85/85 82/82/82 
f 34/34/34 86/86/86 87/87/87 85/85/85 
f 88/88/88 83/83/83 82/82/82 85/85/85 
f 56/56/56 84/84/84 89/89/89 61/61/61 
f 84/84/84 83/83/83 90/90/90 89/89/89 
f 72/72/72 71/71/71 89/89/89 90/90/90 
f 71/71/71 50/50/50 61/61/61 89/89/89 
f 83/83/83 88/88/88 91/91/91 90/90/90 
f 88/88/88 92/92/92 93/93/93 91/91/91 
f 78/78/78 72/72/72 90/90/90 91/91/91 
f 94/94/94 95/95/95 96/96/96 97/97/97 
f 95/95/95 98/98/98 99/99/99 96/96/96 
f 100/100/100 101/101/101 96/96/96 99/99/99 
f 101/101/101 102/102/102 97/97/97 96/96/96 
f 98/98/98 103/103/103 104/104/104 99/99/99 
f 103/103/103 105/105/105 106/106/106 104/104/104 
f 107/107/107 100/100/100 99/99/99 104/104/104 
f 108/108/108 109/109/109 110/110/110 111/111/111 
f 109/109/109 112/112/112 113/113/113 110/110/110 
f 114/114/114 115/115/115 110/110/110 113/113/113 
f 115/115/115 116/116/116 111/111/111 110/110/110 
f 116/116/116 115/115/115 117/117/117 118/118/118 
f 115/115/115 114/114/114 119/119/119 117/117/117 
f 102/102/102 101/101/101 117/117/117 119/119/119 
f 101/101/101 100/100/100 118/118/118 117/117/117 
f 120/120/120 108/108/108 111/111/111 121/121/121 
f 116/116/116 122/122/122 121/121/121 111/111/111 
f 122/122/122 123/123/123 124/124/124 121/121/121 
f 122/122/122 116/116/116 118/118/118 125/125/125 
f 100/100/100 107/107/107 125/125/125 118/118/118 
f 107/107/107 126/126/126 127/127/127 125/125/125 
f 128/128/128 129/129/129 130/130/130 131/131/131 
f 129/129/129 132/132/132 133/133/133 130/130/130 
f 134/134/134 135/135/135 130/130/130 133/133/133 
f 135/135/135 136/136/136 131/131/131 130/130/130 
f 136/136/136 135/135/135 137/137/137 138/138/138 
f 135/135/135 134/134/134 139/139/139 137/137/137 
f 140/140/140 141/141/141 142/142/142 143/143/143 
f 141/144/141 144/145/144 145/146/145 142/147/142 
f 146/148/146 147/149/147 142/142/142 145/150/145 
f 147/149/147 148/151/148 143/143/143 142/142/142 
f 148/151/148 147/149/147 149/152/149 150/153/150 
f 147/149/147 146/148/146 151/154/151 149/152/149 
f 132/132/132 152/155/152 153/156/153 133/133/133 
f 152/155/152 140/140/140 143/143/143 153/156/153 
f 148/151/148 154/157/154 153/156/153 143/143/143 
f 154/157/154 134/134/134 133/133/133 153/156/153 
f 134/134/134 154/157/154 155/158/155 139/139/139 
f 154/157/154 148/151/148 150/153/150 155/158/155 
f 94/94/94 97/97/97 156/159/156 157/160/157 
f 97/97/97 102/102/102 158/161/158 156/159/156 
f 159/162/159 160/163/160 156/159/156 158/161/158 
f 160/163/160 161/164/161 157/160/157 156/159/156 
f 161/165/161 160/166/160 162/167/162 163/168/163 
f 160/163/160 159/162/159 164/169/164 162/170/162 
f 165/171/165 166/172/166 162/170/162 164/169/164 
f 166/173/166 167/174/167 163/168/163 162/167/162 
f 114/114/114 113/113/113 168/175/168 169/176/169 
f 113/113/113 112/112/112 170/177/170 168/175/168 
f 171/178/171 172/179/172 168/175/168 170/177/170 
f 172/179/172 173/180/173 169/176/169 168/175/168 
f 173/180/173 172/179/172 174/181/174 175/182/175 
f 172/179/172 171/178/171 176/183/176 174/181/174 
f 177/184/177 178/185/178 174/181/174 176/183/176 
f 178/185/178 179/186/179 175/182/175 174/181/174 
f 102/102/102 119/119/119 180/187/180 158/161/158 
f 119/119/119 114/114/114 169/176/169 180/187/180 
f 173/180/173 181/188/181 180/187/180 169/176/169 
f 181/188/181 159/162/159 158/161/158 180/187/180 
f 159/162/159 181/188/181 182/189/182 164/169/164 
f 181/188/181 173/180/173 175/182/175 182/189/182 
f 179/186/179 183/190/183 182/189/182 175/182/175 
f 183/190/183 165/171/165 164/169/164 182/189/182 
f 144/145/144 141/144/141 184/191/184 185/192/185 
f 141/144/141 140/193/140 186/194/186 184/191/184 
f 187/195/187 188/196/188 184/197/184 186/198/186 
f 188/199/188 189/200/189 185/201/185 184/202/184 
f 140/193/140 152/203/152 190/204/190 186/194/186 
f 152/205/152 132/206/132 191/207/191 190/208/190 
f 192/209/192 193/210/193 190/208/190 191/207/191 
f 193/210/193 187/195/187 186/198/186 190/208/190 
f 189/200/189 188/199/188 194/211/194 195/212/195 
f 188/196/188 187/195/187 196/213/196 194/214/194 
f 179/186/179 178/185/178 194/214/194 196/213/196 
f 178/215/178 177/216/177 195/212/195 194/211/194 
f 187/195/187 193/210/193 197/217/197 196/213/196 
f 193/210/193 192/209/192 198/218/198 197/217/197 
f 165/171/165 183/190/183 197/217/197 198/218/198 
f 183/190/183 179/186/179 196/213/196 197/217/197 
f 132/206/132 129/219/129 199/220/199 191/207/191 
f 129/221/129 128/222/128 200/223/200 199/224/199 
f 201/225/201 202/226/202 199/224/199 200/223/200 
f 202/227/202 192/209/192 191/207/191 199/220/199 
f 192/209/192 202/227/202 203/228/203 198/218/198 
f 202/226/202 201/225/201 204/229/204 203/230/203 
f 167/174/167 166/173/166 203/230/203 204/229/204 
f 166/172/166 165/171/165 198/218/198 203/228/203 
f 112/231/112 109/232/109 205/233/205 170/234/170 
f 109/232/109 108/235/108 206/236/206 205/233/205 
f 207/237/207 208/238/208 205/233/205 206/236/206 
f 208/238/208 171/239/171 170/234/170 205/233/205 
f 108/235/108 120/240/120 209/241/209 206/236/206 
f 120/240/120 210/242/210 211/243/211 209/241/209 
f 212/244/212 207/237/207 206/236/206 209/241/209 
f 171/239/171 208/238/208 213/245/213 176/246/176 
f 208/238/208 207/237/207 214/247/214 213/245/213 
f 215/248/215 216/249/216 213/245/213 214/247/214 
f 216/249/216 177/216/177 176/246/176 213/245/213 
f 207/237/207 212/244/212 217/250/217 214/247/214 
f 212/244/212 218/251/218 219/252/219 217/250/217 
f 220/253/220 215/248/215 214/247/214 217/250/217 
f 146/254/146 145/255/145 221/256/221 222/257/222 
f 145/255/145 144/258/144 185/201/185 221/256/221 
f 189/200/189 223/259/223 221/256/221 185/201/185 
f 223/259/223 224/260/224 222/257/222 221/256/221 
f 224/260/224 223/259/223 225/261/225 226/262/226 
f 223/259/223 189/200/189 195/212/195 225/261/225 
f 177/216/177 216/249/216 225/261/225 195/212/195 
f 216/249/216 215/248/215 226/262/226 225/261/225 
f 151/263/151 146/254/146 222/257/222 227/264/227 
f 224/260/224 228/265/228 227/264/227 222/257/222 
f 228/265/228 229/266/229 230/267/230 227/264/227 
f 228/265/228 224/260/224 226/262/226 231/268/231 
f 215/248/215 220/253/220 231/268/231 226/262/226 
f 220/253/220 232/269/232 233/270/233 231/268/231 
s 1
f 234/271/234 235/272/235 236/273/236 237/274/237 
f 238/275/238 239/276/239 240/277/240 241/278/241 
s 2
f 242/279/242 243/280/243 244/281/244 245/282/245 
s 4
f 246/283/246 247/284/247 248/285/248 249/286/249 
s 2
f 250/287/250 251/288/251 252/289/252 253/290/253 
s 4
f 254/291/254 255/292/255 256/293/256 257/294/257 
f 255/292/255 258/295/258 259/296/259 256/293/256 
s 1
f 260/297/260 261/298/261 262/299/262 263/300/263 
f 264/301/264 265/302/265 266/303/266 267/304/267 
s 2
f 268/305/268 269/306/269 270/307/270 271/308/271 
f 272/309/272 273/310/273 274/311/274 275/312/275 
f 273/310/273 276/313/276 277/314/277 274/311/274 
s 4
f 278/315/278 259/296/259 258/295/258 279/316/279 280/317/280 
s 2
f 281/318/281 282/319/282 283/320/283 284/321/284 
s 4
f 285/322/285 286/323/286 287/324/287 288/325/288 
f 286/323/286 289/326/289 290/327/290 287/324/287 
f 289/326/289 291/328/291 292/329/292 290/327/290 
f 291/328/291 285/322/285 288/325/288 292/329/292 
s 8
f 293/330/293 294/331/294 295/332/295 296/333/296 
f 294/331/294 297/334/297 298/335/298 295/332/295 
s 4
f 299/336/299 300/337/300 301/338/301 302/339/302 303/340/303 304/341/304 
f 305/342/305 280/317/280 279/316/279 254/291/254 257/294/257 
s 8
f 295/332/295 298/335/298 306/343/306 307/344/307 
s 2
f 275/312/275 274/311/274 308/345/308 309/346/309 
s 8
f 310/347/310 311/348/311 312/349/312 313/350/313 
s 4
f 314/351/314 315/352/315 316/353/316 317/354/317 
f 318/355/318 319/356/319 320/357/320 321/358/321 
f 322/359/322 323/360/323 324/361/324 325/362/325 
s 1
f 326/363/326 327/364/327 328/365/328 329/366/329 
f 234/271/234 330/367/330 331/368/331 332/369/332 
f 235/272/235 333/370/333 334/371/334 335/372/335 
f 236/273/236 336/373/336 337/374/337 338/375/338 
f 237/376/237 339/377/339 340/378/340 341/379/341 
f 238/275/238 342/380/342 343/381/343 344/382/344 
f 239/383/239 345/384/345 346/385/346 347/386/347 
f 240/277/240 348/387/348 349/388/349 350/389/350 
f 241/278/241 351/390/351 352/391/352 353/392/353 
s 2
f 242/279/242 354/393/354 331/368/355 330/367/356 
f 243/394/243 341/379/357 340/378/358 355/395/359 
f 244/396/244 356/397/360 346/385/361 345/384/362 
f 245/282/245 344/382/363 343/381/364 357/398/365 
s 4
f 246/283/246 358/399/366 359/400/367 360/401/368 
f 247/284/247 361/402/369 362/403/370 363/404/371 
f 248/285/248 364/405/372 365/406/373 366/407/374 
f 249/286/249 367/408/375 368/409/376 369/410/377 
s 2
f 250/287/250 370/411/378 337/412/379 336/413/380 
f 251/414/251 335/372/381 334/371/382 371/415/383 
f 252/416/252 372/417/384 352/418/385 351/419/386 
f 253/290/253 350/420/387 349/421/388 373/422/389 
s 1
f 260/297/260 374/423/390 375/424/391 376/425/392 
f 261/298/261 377/426/393 378/427/394 379/428/395 
f 262/299/262 380/429/396 381/430/397 382/431/398 
f 263/300/263 383/432/399 384/433/400 385/434/401 
f 264/301/264 386/435/402 387/436/403 388/437/404 
f 265/302/265 389/438/405 390/439/406 391/440/407 
f 266/303/266 392/441/408 393/442/409 394/443/410 
f 267/304/267 395/444/411 396/445/412 397/446/413 
s 2
f 268/305/268 391/440/414 390/439/415 398/447/416 
f 269/306/269 399/448/417 400/449/418 401/450/419 
f 270/307/270 402/451/420 403/452/421 404/453/422 
f 271/308/271 405/454/423 393/442/424 392/441/425 
f 272/309/272 406/455/426 407/456/427 408/457/428 
f 276/313/276 409/458/429 387/436/430 386/435/431 
f 277/314/277 397/446/432 396/445/433 410/459/434 
f 281/318/281 411/460/435 412/461/436 413/462/437 
f 282/319/282 414/463/438 415/464/439 416/465/440 
f 283/320/283 417/466/441 378/427/442 377/426/443 
f 284/321/284 376/425/444 375/424/445 418/467/446 
s 8
f 293/330/293 401/450/447 400/449/448 419/468/449 
f 296/333/296 420/469/450 403/452/451 402/451/452 
f 297/334/297 421/470/453 407/456/454 406/455/455 
s 4
f 299/336/299 413/462/456 412/461/457 422/471/458 
f 300/337/300 423/472/459 424/473/460 425/474/461 
f 301/338/301 410/459/462 396/445/463 395/444/464 
f 302/339/302 394/443/465 393/442/466 405/454/467 
f 303/340/303 404/453/468 403/452/469 420/469/470 
f 304/341/304 426/475/471 415/464/472 414/463/473 
s 8
f 306/343/306 427/476/474 381/430/475 380/429/476 
f 307/344/307 379/428/477 378/427/478 417/466/479 
s 2
f 308/345/308 428/477/480 384/433/481 383/432/482 
f 309/346/309 382/431/483 381/430/484 427/476/485 
s 8
f 310/347/310 429/478/486 424/473/487 423/472/488 
f 311/348/311 422/471/489 412/461/490 411/460/491 
f 312/349/312 418/467/492 375/424/493 374/423/494 
f 313/350/313 385/434/495 384/433/496 428/477/497 
s 4
f 314/351/314 430/479/498 431/480/499 432/481/500 
f 315/482/315 433/483/501 434/484/502 435/485/503 
f 316/486/316 436/487/504 362/488/370 361/489/369 
f 317/354/317 360/401/368 359/400/367 437/490/505 
f 318/355/318 435/485/503 434/484/502 438/491/506 
f 319/356/319 439/492/507 440/493/508 441/494/509 
f 320/357/320 442/495/510 365/496/373 364/497/372 
f 321/358/321 363/498/371 362/488/370 436/487/504 
f 322/499/322 441/500/509 440/501/508 443/502/511 
f 323/360/323 444/503/512 445/504/513 446/505/514 
f 324/361/324 447/506/515 368/409/376 367/408/375 
f 325/362/325 366/407/374 365/406/373 442/507/510 
s 1
f 326/363/326 446/505/516 445/504/517 448/508/518 
f 327/364/327 449/509/519 431/480/520 430/479/521 
f 328/365/328 437/490/522 359/400/523 358/399/524 
f 329/366/329 369/410/525 368/409/526 447/506/527 
f 235/272/235 234/271/234 332/369/332 333/370/333 
f 236/273/236 235/272/235 335/372/335 336/373/336 
f 237/376/237 236/510/236 338/511/338 339/377/339 
f 234/271/234 237/274/237 341/512/341 330/367/330 
f 239/276/239 238/275/238 344/382/344 345/513/345 
f 240/514/240 239/383/239 347/386/347 348/515/348 
f 241/278/241 240/277/240 350/389/350 351/390/351 
f 238/275/238 241/278/241 353/392/353 342/380/342 
s 2
f 243/280/243 242/279/242 330/367/356 341/512/357 
f 244/396/244 243/394/243 355/395/359 356/397/360 
f 245/282/245 244/281/244 345/513/362 344/382/363 
f 242/279/242 245/282/245 357/398/365 354/393/354 
s 4
f 247/284/247 246/283/246 360/401/368 361/402/369 
f 248/285/248 247/284/247 363/404/371 364/405/372 
f 249/286/249 248/285/248 366/407/374 367/408/375 
f 246/283/246 249/286/249 369/410/377 358/399/366 
s 2
f 251/288/251 250/287/250 336/413/380 335/516/381 
f 252/517/252 251/414/251 371/415/383 372/518/384 
f 253/290/253 252/289/252 351/519/386 350/420/387 
f 250/287/250 253/290/253 373/422/389 370/411/378 
s 4
f 255/292/255 254/291/254 333/370/528 332/369/529 
f 257/294/257 256/293/256 389/520/530 388/521/531 
f 258/295/258 255/292/255 354/393/532 357/398/533 
f 256/293/256 259/296/259 399/522/534 398/523/535 
s 1
f 261/298/261 260/297/260 376/425/392 377/426/393 
f 262/299/262 261/298/261 379/428/395 380/429/396 
f 263/300/263 262/299/262 382/431/398 383/432/399 
f 260/297/260 263/300/263 385/434/401 374/423/390 
f 265/302/265 264/301/264 388/437/404 389/438/405 
f 266/303/266 265/302/265 391/440/407 392/441/408 
f 267/304/267 266/303/266 394/443/410 395/444/411 
f 264/301/264 267/304/267 397/446/413 386/435/402 
s 2
f 269/306/269 268/305/268 398/447/416 399/448/417 
f 270/307/270 269/306/269 401/450/419 402/451/420 
f 271/308/271 270/307/270 404/453/422 405/454/423 
f 268/305/268 271/308/271 392/441/425 391/440/414 
f 273/310/273 272/309/272 408/457/428 450/524/536 
f 272/309/272 275/312/275 451/525/537 406/455/426 
f 276/313/276 273/310/273 450/524/536 409/458/429 
f 277/314/277 276/313/276 386/435/431 397/446/432 
f 274/311/274 277/314/277 410/459/434 425/474/538 
s 4
f 259/296/259 278/315/278 452/526/539 419/527/540 
f 279/316/279 258/295/258 342/380/541 353/392/542 
f 278/315/278 280/317/280 421/528/543 452/526/539 
s 2
f 282/319/282 281/318/281 413/462/437 414/463/438 
f 283/320/283 282/319/282 416/465/440 417/466/441 
f 284/321/284 283/320/283 377/426/443 376/425/444 
f 281/318/281 284/321/284 418/467/446 411/460/435 
s 4
f 286/323/286 285/322/285 339/377/544 338/511/545 
f 288/325/288 287/324/287 433/529/501 432/481/500 
f 289/530/289 286/531/286 370/411/546 373/422/547 
f 287/324/287 290/327/290 439/532/507 438/533/506 
f 291/328/291 289/326/289 348/515/548 347/386/549 
f 290/327/290 292/329/292 444/503/512 443/534/511 
f 285/322/285 291/328/291 356/397/550 355/395/551 
f 292/329/292 288/325/288 449/509/552 448/508/553 
s 8
f 294/331/294 293/330/293 419/468/449 452/535/554 
f 296/333/296 295/332/295 426/475/555 420/469/450 
f 293/330/293 296/333/296 402/451/452 401/450/447 
f 297/334/297 294/331/294 452/535/554 421/470/453 
f 298/335/298 297/334/297 406/455/455 451/525/556 
s 4
f 300/337/300 299/336/299 422/471/458 423/472/459 
f 301/338/301 300/337/300 425/474/461 410/459/462 
f 302/339/302 301/338/301 395/444/464 394/443/465 
f 303/340/303 302/339/302 405/454/467 404/453/468 
f 304/341/304 303/340/303 420/469/470 426/475/471 
f 299/336/299 304/341/304 414/463/473 413/462/456 
f 280/536/280 305/537/305 450/524/557 408/457/558 
f 254/291/254 279/316/279 372/518/559 371/415/560 
f 305/537/305 257/538/257 409/458/561 450/524/557 
s 8
f 306/343/306 298/335/298 451/525/556 427/476/474 
f 307/344/307 306/343/306 380/429/476 379/428/477 
f 295/332/295 307/344/307 417/466/479 416/465/562 
s 2
f 308/345/308 274/311/274 429/478/563 428/477/480 
f 309/346/309 308/345/308 383/432/482 382/431/483 
f 275/312/275 309/346/309 427/476/485 451/525/537 
s 8
f 311/348/311 310/347/310 423/472/488 422/471/489 
f 312/349/312 311/348/311 411/460/491 418/467/492 
f 313/350/313 312/349/312 374/423/494 385/434/495 
f 310/347/310 313/350/313 428/477/497 429/478/486 
s 4
f 315/352/315 314/351/314 432/481/500 433/529/501 
f 316/486/316 315/482/315 435/485/503 436/487/504 
f 317/354/317 316/353/316 361/402/369 360/401/368 
f 314/351/314 317/354/317 437/490/505 430/479/498 
f 319/356/319 318/355/318 438/491/506 439/492/507 
f 320/357/320 319/356/319 441/494/509 442/495/510 
f 321/358/321 320/357/320 364/497/372 363/498/371 
f 318/355/318 321/358/321 436/487/504 435/485/503 
f 323/360/323 322/359/322 443/534/511 444/503/512 
f 324/361/324 323/360/323 446/505/514 447/506/515 
f 325/362/325 324/361/324 367/408/375 366/407/374 
f 322/359/322 325/362/325 442/507/510 441/539/509 
s 1
f 327/364/327 326/363/326 448/508/518 449/509/519 
f 328/365/328 327/364/327 430/479/521 437/490/522 
f 329/366/329 328/365/328 358/399/524 369/410/525 
f 326/363/326 329/366/329 447/506/527 446/505/516 
s 4
f 255/292/255 332/369/529 331/368/564 354/393/532 
f 257/294/257 388/521/531 387/540/565 409/541/561 
f 258/295/258 357/398/533 343/381/566 342/380/541 
f 256/293/256 398/523/535 390/542/567 389/520/530 
s 2
f 274/311/274 425/474/538 424/473/568 429/478/563 
s 4
f 259/296/259 419/527/540 400/543/569 399/522/534 
f 279/316/279 353/392/542 352/391/570 372/518/559 
f 286/531/286 338/544/545 337/412/571 370/411/546 
f 288/325/288 432/481/500 431/480/499 449/509/552 
f 289/545/289 373/546/547 349/547/572 348/548/548 
f 287/324/287 438/533/506 434/549/502 433/529/501 
f 291/328/291 347/386/549 346/385/573 356/397/550 
f 290/327/290 443/534/511 440/550/508 439/532/507 
f 285/322/285 355/395/551 340/378/574 339/377/544 
f 292/329/292 448/508/553 445/504/513 444/503/512 
f 280/317/280 408/551/558 407/552/575 421/528/543 
f 254/291/254 371/415/560 334/371/576 333/370/528 
s 8
f 295/332/295 416/465/562 415/464/577 426/475/555 
s 128
f 453/553/578 454/554/579 455/555/580 456/556/581 
f 457/557/582 458/558/583 459/559/584 460/560/585 
f 458/558/583 461/561/586 462/562/587 459/559/584 
f 463/563/588 460/560/585 459/559/584 462/562/587 
f 464/564/589 465/565/590 455/555/580 454/554/579 
f 466/566/591 467/567/592 468/568/593 469/569/594 
f 453/553/578 456/556/581 470/570/595 469/569/594 468/568/593 
f 471/571/596 469/572/594 470/573/595 472/574/597 
f 457/557/582 473/575/598 474/576/599 475/577/600 
f 473/575/598 476/578/601 477/579/602 474/576/599 
f 478/580/603 479/581/604 474/576/599 477/579/602 
f 479/581/604 480/582/605 475/577/600 474/576/599 
f 481/583/606 482/584/607 483/585/608 484/586/609 
f 482/584/607 485/587/610 486/588/611 483/585/608 
f 487/589/612 488/590/613 483/585/608 486/588/611 
f 488/590/613 461/561/586 484/586/609 483/585/608 
f 457/557/582 489/591/614 490/592/615 458/558/583 
f 489/591/614 464/564/589 491/593/616 490/592/615 
f 481/583/606 484/586/609 490/592/615 491/593/616 
f 484/586/609 461/561/586 458/558/583 490/592/615 
f 464/564/589 454/554/579 492/594/617 491/593/616 
f 454/554/579 453/553/578 493/595/618 492/594/617 
f 485/587/610 482/584/607 492/594/617 493/595/618 
f 482/584/607 481/583/606 491/593/616 492/594/617 
f 453/553/578 468/568/593 494/596/619 493/595/618 
f 468/568/593 467/567/592 495/597/620 494/596/619 
f 487/589/612 486/588/611 494/596/619 495/597/620 
f 486/588/611 485/587/610 493/595/618 494/596/619 
f 496/598/621 497/599/622 498/600/623 499/601/624 
f 497/599/622 476/578/601 473/575/598 498/600/623 
f 457/557/582 460/560/585 498/600/623 473/575/598 
f 460/560/585 463/563/588 499/601/624 498/600/623 
f 461/561/586 488/590/613 500/602/625 462/562/587 
f 488/590/613 487/589/612 501/603/626 500/602/625 
f 496/598/621 499/601/624 500/602/625 501/603/626 
f 499/601/624 463/563/588 462/562/587 500/602/625 
f 487/589/612 495/597/620 502/604/627 501/603/626 
f 495/597/620 467/567/592 503/605/628 502/604/627 
f 476/578/601 497/599/622 502/604/627 503/605/628 
f 497/599/622 496/598/621 501/603/626 502/604/627 
f 504/606/629 505/607/630 506/608/631 507/609/632 
f 505/607/630 508/610/633 509/611/634 506/608/631 
f 510/612/635 511/613/636 506/614/631 509/615/634 
f 511/616/636 512/617/637 507/618/632 506/619/631 
f 513/620/638 514/621/639 515/622/640 516/623/641 517/624/642 
f 517/625/642 516/626/641 518/627/643 478/580/603 
f 478/580/603 518/627/643 519/628/644 479/581/604 
f 479/581/604 519/628/644 520/629/645 521/630/646 480/582/605 
f 467/567/592 522/631/647 523/632/648 524/633/649 
f 522/631/647 525/634/650 526/635/651 523/632/648 
f 527/636/652 524/633/649 523/632/648 526/635/651 
f 513/637/638 517/638/642 528/639/653 529/640/654 
f 517/625/642 478/580/603 530/641/655 528/642/653 
f 531/643/656 532/644/657 528/645/653 530/646/655 
f 532/644/657 525/647/650 529/648/654 528/645/653 
f 478/580/603 477/579/602 533/649/658 530/641/655 
f 477/579/602 476/578/601 534/650/659 533/649/658 
f 535/651/660 536/652/661 533/653/658 534/654/659 
f 536/655/661 531/643/656 530/646/655 533/656/658 
f 476/578/601 503/605/628 537/657/662 534/650/659 
f 503/605/628 467/567/592 524/633/649 537/657/662 
f 527/636/652 538/658/663 537/657/662 524/633/649 
f 538/658/663 535/659/660 534/650/659 537/657/662 
f 525/634/650 539/660/664 540/661/665 526/635/651 
f 539/660/664 508/610/633 505/607/630 540/661/665 
f 504/606/629 541/662/666 540/661/665 505/607/630 
f 541/662/666 527/636/652 526/635/651 540/661/665 
f 531/643/656 542/663/667 543/664/668 532/644/657 
f 542/663/667 510/612/635 509/615/634 543/664/668 
f 508/665/633 539/666/664 543/664/668 509/615/634 
f 539/666/664 525/647/650 532/644/657 543/664/668 
f 535/667/660 544/668/669 545/669/670 536/655/661 
f 544/668/669 512/670/637 511/613/636 545/669/670 
f 510/612/635 542/663/667 545/669/670 511/613/636 
f 542/663/667 531/643/656 536/655/661 545/669/670 
f 527/636/652 541/662/666 546/671/671 538/658/663 
f 541/662/666 504/606/629 507/609/632 546/671/671 
f 512/672/637 544/673/669 546/671/671 507/609/632 
f 544/673/669 535/659/660 538/658/663 546/671/671 
f 467/567/592 466/566/591 547/674/672 522/631/647 
f 466/675/591 513/620/638 529/676/654 547/677/672 
f 525/678/650 522/679/647 547/677/672 529/676/654 
f 469/572/594 471/571/596 514/621/639 513/620/638 466/675/591 
f 514/621/639 548/680/673 549/681/674 516/623/641 515/622/640 
f 516/626/641 549/682/674 550/683/675 518/627/643 
f 518/627/643 550/683/675 520/629/645 519/628/644 
f 471/571/596 472/574/597 548/680/673 514/621/639 
s 1
f 551/684/676 552/685/676 553/686/677 554/687/678 
f 554/687/678 553/686/677 555/688/679 556/689/680 
f 556/689/680 555/688/679 557/690/681 558/691/682 
f 558/691/682 557/690/681 559/692/683 560/693/684 
f 560/694/684 559/695/683 561/696/685 562/697/686 
f 563/698/687 564/699/688 565/700/688 566/701/689 
f 561/696/685 563/698/687 566/701/689 562/697/686 
s 2
f 567/702/690 568/703/690 569/704/126 570/705/691 
s 4
f 571/706/692 572/707/692 573/708/692 574/709/692 
s 8
f 567/710/693 570/711/693 572/712/693 571/713/693 
s 64
f 568/714/694 567/715/694 571/716/694 574/717/694 
s 1024
f 575/718/695 576/719/696 577/720/697 578/721/698 
f 576/719/696 579/722/699 580/723/700 577/720/697 
f 581/724/701 582/725/702 577/720/697 580/723/700 
f 582/725/702 583/726/703 578/721/698 577/720/697 
f 584/727/704 585/728/705 586/729/706 587/730/707 
f 585/728/705 588/731/708 589/732/709 586/729/706 
f 590/733/710 591/734/711 586/729/706 589/732/709 
f 591/734/711 592/735/712 587/730/707 586/729/706 
f 593/736/713 594/737/714 595/738/715 596/739/716 
f 594/737/714 597/740/717 598/741/718 595/738/715 
f 599/742/719 595/738/715 598/741/718 600/743/720 
f 599/742/719 579/722/699 601/744/721 595/738/715 
f 602/745/722 596/739/716 595/738/715 601/744/721 
f 603/746/723 604/747/724 605/748/725 606/749/726 
f 604/747/724 593/736/713 596/739/716 605/748/725 
f 602/745/722 607/750/727 605/748/725 596/739/716 
f 607/750/727 608/751/728 609/752/729 605/748/725 
f 610/753/730 606/749/726 605/748/725 609/752/729 
f 575/718/695 611/754/731 612/755/732 576/719/696 
f 611/754/731 613/756/733 614/757/734 612/755/732 
f 602/745/722 601/744/721 612/755/732 614/757/734 
f 601/744/721 579/722/699 576/719/696 612/755/732 
f 615/758/735 616/759/736 617/760/737 618/761/738 
f 616/759/736 619/762/739 620/763/740 617/760/737 
f 621/764/741 622/765/742 617/760/737 620/763/740 
f 622/765/742 623/766/743 618/761/738 617/760/737 
f 624/767/744 625/768/745 626/769/746 627/770/747 
f 625/768/745 610/753/730 609/752/729 626/769/746 
f 608/751/728 628/771/748 626/769/746 609/752/729 
f 628/771/748 629/772/749 627/770/747 626/769/746 
f 630/773/750 631/774/751 632/775/752 633/776/753 
f 631/774/751 634/777/754 635/778/755 632/775/752 
f 636/779/756 637/780/757 632/775/752 635/778/755 
f 637/780/757 638/781/758 633/776/753 632/775/752 
f 639/782/759 640/783/760 641/784/761 642/785/762 
f 640/783/760 643/786/763 644/787/764 641/784/761 
f 645/788/765 641/784/761 644/787/764 646/789/766 
f 645/788/765 647/790/767 642/785/762 641/784/761 
f 648/791/768 649/792/769 650/793/770 651/794/771 
f 649/792/769 652/795/772 653/796/773 650/793/770 
f 654/797/774 655/798/775 650/793/770 653/796/773 
f 655/798/775 656/799/776 651/794/771 650/793/770 
f 654/797/774 653/796/773 657/800/777 658/801/778 
f 653/796/773 652/795/772 659/802/779 657/800/777 
f 660/803/780 658/801/778 657/800/777 659/802/779 
f 656/799/776 655/798/775 661/804/781 662/805/782 
f 655/798/775 654/797/774 663/806/783 661/804/781 
f 664/807/784 665/808/785 661/804/781 663/806/783 
f 665/808/785 666/809/786 662/805/782 661/804/781 
f 664/807/784 667/810/787 668/811/788 669/812/789 
f 667/810/787 670/813/790 671/814/791 668/811/788 
f 672/815/792 673/816/793 668/811/788 671/814/791 
f 673/816/793 674/817/794 675/818/795 668/811/788 
f 676/819/796 669/812/789 668/811/788 675/818/795 
f 677/820/797 678/821/798 679/822/799 680/823/800 
f 678/821/798 681/824/801 682/825/802 679/822/799 
f 683/826/803 684/827/804 679/822/799 682/825/802 
f 684/827/804 685/828/805 680/823/800 679/822/799 
f 686/829/806 687/830/807 688/831/808 689/832/809 
f 687/830/807 690/833/810 691/834/811 692/835/812 688/831/808 
f 693/836/813 694/837/814 688/831/808 692/835/812 691/834/811 695/838/815 
f 694/837/814 696/839/816 689/832/809 688/831/808 
f 697/840/817 698/841/818 699/842/819 700/843/820 
f 698/841/818 701/844/821 702/845/822 699/842/819 
f 703/846/823 700/843/820 699/842/819 702/845/822 
f 701/844/821 704/847/824 705/848/825 702/845/822 
f 704/847/824 592/849/712 706/850/826 705/848/825 
f 707/851/827 708/852/828 705/848/825 706/850/826 
f 708/852/828 703/846/823 702/845/822 705/848/825 
f 709/853/829 710/854/830 711/855/831 712/856/832 
f 710/854/830 713/857/833 714/858/834 711/855/831 
f 687/830/807 711/855/831 714/858/834 690/833/810 
f 687/830/807 686/829/806 712/856/832 711/855/831 
f 715/859/835 716/860/836 717/861/837 718/862/838 
f 716/860/836 719/863/839 720/864/840 717/861/837 
f 721/865/841 722/866/842 717/861/837 720/864/840 
f 722/866/842 723/867/843 718/862/838 717/861/837 
f 724/868/844 725/869/845 726/870/846 727/871/847 
f 725/869/845 728/872/848 729/873/849 726/870/846 
f 730/874/850 731/875/851 726/870/846 729/873/849 
f 731/875/851 732/876/852 727/871/847 726/870/846 
f 664/807/784 669/812/789 733/877/853 665/808/785 
f 669/812/789 676/819/796 734/878/854 733/877/853 
f 735/879/855 736/880/856 733/877/853 734/878/854 
f 736/880/856 666/809/786 665/808/785 733/877/853 
f 737/881/857 738/882/858 739/883/859 740/884/860 
f 738/882/858 741/885/861 742/886/862 739/883/859 
f 674/817/794 673/816/793 739/883/859 742/886/862 
f 673/816/793 672/815/792 740/884/860 739/883/859 
f 723/867/843 722/866/842 743/887/863 744/888/864 
f 722/866/842 721/865/841 745/889/865 743/887/863 
f 681/824/801 678/821/798 743/887/863 745/889/865 
f 678/821/798 677/820/797 744/888/864 743/887/863 
f 732/876/852 731/875/851 746/890/866 747/891/867 
f 731/875/851 730/874/850 748/892/868 746/890/866 
f 685/828/805 684/827/804 746/890/866 748/892/868 
f 684/827/804 683/826/803 747/891/867 746/890/866 
f 735/879/855 734/878/854 749/893/869 750/894/870 
f 734/878/854 676/819/796 751/895/871 749/893/869 
f 752/896/872 753/897/873 749/893/869 751/895/871 
f 753/897/873 623/766/743 750/894/870 749/893/869 
f 630/773/750 633/776/753 754/898/874 755/899/875 
f 633/776/753 638/781/758 756/900/876 754/898/874 
f 737/881/857 740/884/860 754/898/874 756/900/876 
f 740/884/860 672/815/792 755/899/875 754/898/874 
f 672/815/792 757/901/877 758/902/878 755/899/875 
f 757/901/877 639/782/759 759/903/879 758/902/878 
f 634/777/754 631/774/751 758/902/878 759/903/879 
f 631/774/751 630/773/750 755/899/875 758/902/878 
f 639/782/759 642/785/762 760/904/880 759/903/879 
f 642/785/762 647/790/767 761/905/881 760/904/880 
f 636/779/756 635/778/755 760/904/880 761/905/881 
f 635/778/755 634/777/754 759/903/879 760/904/880 
f 762/906/882 763/907/883 764/908/884 765/909/885 
f 763/907/883 590/910/710 766/911/886 764/908/884 
f 767/912/887 765/909/885 764/908/884 766/911/886 
f 768/913/888 769/914/889 770/915/890 771/916/891 
f 769/914/889 683/826/803 682/825/802 770/915/890 
f 681/824/801 772/917/892 770/915/890 682/825/802 
f 772/917/892 773/918/893 771/916/891 770/915/890 
f 768/913/888 774/919/894 775/920/895 769/914/889 
f 774/919/894 776/921/896 777/922/897 775/920/895 
f 732/876/852 747/891/867 775/920/895 777/922/897 
f 747/891/867 683/826/803 769/914/889 775/920/895 
f 681/824/801 745/889/865 778/923/898 772/917/892 
f 745/889/865 721/865/841 779/924/899 778/923/898 
f 780/925/900 781/926/901 778/923/898 779/924/899 
f 781/926/901 773/918/893 772/917/892 778/923/898 
f 581/927/701 782/928/902 783/929/903 784/930/904 
f 782/928/902 785/931/905 786/932/906 783/929/903 
f 787/933/907 783/929/903 786/932/906 788/934/908 
f 787/933/907 789/935/909 784/930/904 783/929/903 
f 790/936/910 791/937/911 792/938/912 793/939/913 
f 791/937/911 794/940/914 795/941/915 792/938/912 
f 796/942/916 797/943/917 792/938/912 795/941/915 
f 797/943/917 798/944/918 793/939/913 792/938/912 
f 647/790/767 799/945/919 800/946/920 761/905/881 
f 799/945/919 801/947/921 802/948/922 800/946/920 
f 803/949/923 804/950/924 800/946/920 802/948/922 
f 804/950/924 636/779/756 761/905/881 800/946/920 
f 610/753/730 625/768/745 805/951/925 806/952/926 
f 625/768/745 624/767/744 807/953/927 805/951/925 
f 808/954/928 809/955/929 805/951/925 807/953/927 
f 809/955/929 803/949/923 806/952/926 805/951/925 
f 638/781/758 810/956/930 811/957/931 756/900/876 
f 810/956/930 808/954/928 812/958/932 811/957/931 
f 813/959/933 814/960/934 811/957/931 812/958/932 
f 814/960/934 737/881/857 756/900/876 811/957/931 
f 737/881/857 814/960/934 815/961/935 738/882/858 
f 814/960/934 813/959/933 816/962/936 815/961/935 
f 817/963/937 818/964/938 815/961/935 816/962/936 
f 818/964/938 741/885/861 738/882/858 815/961/935 
f 723/867/843 744/888/864 819/965/939 820/966/940 
f 744/888/864 677/820/797 821/967/941 819/965/939 
f 619/762/739 822/968/942 819/965/939 821/967/941 
f 822/968/942 817/963/937 820/966/940 819/965/939 
f 623/766/743 622/765/742 823/969/943 750/894/870 
f 622/765/742 621/764/741 824/970/944 823/969/943 
f 825/971/945 826/972/946 823/969/943 824/970/944 
f 826/972/946 735/879/855 750/894/870 823/969/943 
f 825/971/945 827/973/947 828/974/948 826/972/946 
f 827/973/947 829/975/949 830/976/950 828/974/948 
f 666/809/786 736/880/856 828/974/948 830/976/950 
f 736/880/856 735/879/855 826/972/946 828/974/948 
f 728/872/848 725/869/845 831/977/951 832/978/952 
f 725/869/845 724/868/844 833/979/953 831/977/951 
f 834/980/954 835/981/955 831/977/951 833/979/953 
f 835/981/955 829/975/949 832/978/952 831/977/951 
f 648/791/768 651/794/771 836/982/956 837/983/957 
f 651/794/771 656/799/776 838/984/958 836/982/956 
f 834/980/954 839/985/959 836/982/956 838/984/958 
f 839/985/959 584/727/704 837/983/957 836/982/956 
f 660/803/780 659/802/779 840/986/960 841/987/961 
f 659/802/779 652/795/772 842/988/962 840/986/960 
f 697/989/817 843/990/963 840/986/960 842/988/962 
f 843/990/963 844/991/964 841/987/961 840/986/960 
f 652/795/772 649/792/769 845/992/965 842/988/962 
f 649/792/769 648/791/768 846/993/966 845/992/965 
f 701/994/821 698/995/818 845/992/965 846/993/966 
f 698/995/818 697/989/817 842/988/962 845/992/965 
f 584/727/704 587/730/707 847/996/967 837/983/957 
f 587/730/707 592/735/712 704/997/824 847/996/967 
f 701/994/821 846/993/966 847/996/967 704/997/824 
f 846/993/966 648/791/768 837/983/957 847/996/967 
f 588/731/708 848/998/968 849/999/969 589/732/709 
f 848/998/968 850/1000/970 851/1001/971 849/999/969 
f 767/1002/887 766/1003/886 849/999/969 851/1001/971 
f 766/1003/886 590/733/710 589/732/709 849/999/969 
f 852/1004/972 853/1005/973 854/1006/974 855/1007/975 
f 853/1005/973 575/718/695 578/721/698 854/1006/974 
f 583/726/703 856/1008/976 854/1006/974 578/721/698 
f 856/1008/976 857/1009/977 855/1007/975 854/1006/974 
f 579/722/699 599/742/719 858/1010/978 580/723/700 
f 599/742/719 600/743/720 859/1011/979 858/1010/978 
f 782/1012/902 858/1010/978 859/1011/979 785/1013/905 
f 782/1012/902 581/724/701 580/723/700 858/1010/978 
f 860/1014/980 861/1015/981 862/1016/982 863/1017/983 
f 861/1015/981 864/1018/984 865/1019/985 862/1016/982 
f 866/1020/986 862/1016/982 865/1019/985 867/1021/987 
f 866/1020/986 868/1022/988 863/1017/983 862/1016/982 
f 639/782/759 869/1023/989 870/1024/990 640/783/760 
f 869/1023/989 871/1025/991 872/1026/992 870/1024/990 
f 873/1027/993 874/1028/994 870/1024/990 872/1026/992 
f 874/1028/994 643/786/763 640/783/760 870/1024/990 
f 719/863/839 716/860/836 875/1029/995 876/1030/996 
f 716/860/836 715/859/835 877/1031/997 875/1029/995 
f 624/767/744 627/770/747 875/1029/995 877/1031/997 
f 627/770/747 629/772/749 878/1032/998 875/1029/995 
f 613/756/733 876/1030/996 875/1029/995 878/1032/998 
f 629/772/749 628/771/748 879/1033/999 878/1032/998 
f 628/771/748 608/751/728 607/750/727 879/1033/999 
f 602/745/722 614/757/734 879/1033/999 607/750/727 
f 614/757/734 613/756/733 878/1032/998 879/1033/999 
f 619/762/739 821/967/941 880/1034/1000 620/763/740 
f 821/967/941 677/820/797 680/823/800 880/1034/1000 
f 685/828/805 881/1035/1001 880/1034/1000 680/823/800 
f 881/1035/1001 621/764/741 620/763/740 880/1034/1000 
f 590/910/710 882/1036/1002 883/1037/1003 591/1038/711 
f 882/1036/1002 707/851/827 706/850/826 883/1037/1003 
f 592/849/712 591/1038/711 883/1037/1003 706/850/826 
f 789/935/909 787/933/907 884/1039/1004 885/1040/1005 
f 787/933/907 788/934/908 886/1041/1006 884/1039/1004 
f 710/854/830 884/1039/1004 886/1041/1006 713/857/833 
f 710/854/830 709/853/829 885/1040/1005 884/1039/1004 
f 603/746/723 606/749/726 887/1042/1007 888/1043/1008 
f 606/749/726 610/753/730 806/952/926 887/1042/1007 
f 803/949/923 802/948/922 887/1042/1007 806/952/926 
f 802/948/922 801/947/921 888/1043/1008 887/1042/1007 
f 638/781/758 637/780/757 889/1044/1009 810/956/930 
f 637/780/757 636/779/756 804/950/924 889/1044/1009 
f 803/949/923 809/955/929 889/1044/1009 804/950/924 
f 809/955/929 808/954/928 810/956/930 889/1044/1009 
f 808/954/928 807/953/927 890/1045/1010 812/958/932 
f 807/953/927 624/767/744 877/1031/997 890/1045/1010 
f 715/859/835 891/1046/1011 890/1045/1010 877/1031/997 
f 891/1046/1011 813/959/933 812/958/932 890/1045/1010 
f 813/959/933 891/1046/1011 892/1047/1012 816/962/936 
f 891/1046/1011 715/859/835 718/862/838 892/1047/1012 
f 723/867/843 820/966/940 892/1047/1012 718/862/838 
f 820/966/940 817/963/937 816/962/936 892/1047/1012 
f 615/758/735 893/1048/1013 894/1049/1014 616/759/736 
f 893/1048/1013 741/885/861 818/964/938 894/1049/1014 
f 817/963/937 822/968/942 894/1049/1014 818/964/938 
f 822/968/942 619/762/739 616/759/736 894/1049/1014 
f 621/764/741 881/1035/1001 895/1050/1015 824/970/944 
f 881/1035/1001 685/828/805 748/892/868 895/1050/1015 
f 730/874/850 896/1051/1016 895/1050/1015 748/892/868 
f 896/1051/1016 825/971/945 824/970/944 895/1050/1015 
f 825/971/945 896/1051/1016 897/1052/1017 827/973/947 
f 896/1051/1016 730/874/850 729/873/849 897/1052/1017 
f 728/872/848 832/978/952 897/1052/1017 729/873/849 
f 832/978/952 829/975/949 827/973/947 897/1052/1017 
f 656/799/776 662/805/782 898/1053/1018 838/984/958 
f 662/805/782 666/809/786 830/976/950 898/1053/1018 
f 829/975/949 835/981/955 898/1053/1018 830/976/950 
f 835/981/955 834/980/954 838/984/958 898/1053/1018 
f 724/868/844 899/1054/1019 900/1055/1020 833/979/953 
f 899/1054/1019 588/731/708 585/728/705 900/1055/1020 
f 584/727/704 839/985/959 900/1055/1020 585/728/705 
f 839/985/959 834/980/954 833/979/953 900/1055/1020 
f 647/790/767 645/788/765 901/1056/1021 799/945/919 
f 645/788/765 646/789/766 902/1057/1022 901/1056/1021 
f 903/1058/1023 901/1056/1021 902/1057/1022 904/1059/1024 
f 903/1058/1023 801/947/921 799/945/919 901/1056/1021 
f 773/918/893 781/926/901 905/1060/1025 771/916/891 
f 781/926/901 780/925/900 906/1061/1026 905/1060/1025 
f 776/921/896 774/919/894 905/1060/1025 906/1061/1026 
f 774/919/894 768/913/888 771/916/891 905/1060/1025 
f 776/921/896 907/1062/1027 908/1063/1028 777/922/897 
f 907/1062/1027 850/1000/970 848/998/968 908/1063/1028 
f 588/731/708 899/1054/1019 908/1063/1028 848/998/968 
f 899/1054/1019 724/868/844 727/871/847 908/1063/1028 
f 732/876/852 777/922/897 908/1063/1028 727/871/847 
f 780/925/900 779/924/899 909/1064/1029 910/1065/1030 
f 779/924/899 721/865/841 720/864/840 909/1064/1029 
f 719/863/839 876/1030/996 909/1064/1029 720/864/840 
f 876/1030/996 613/756/733 611/754/731 909/1064/1029 
f 575/718/695 853/1005/973 909/1064/1029 611/754/731 
f 853/1005/973 852/1004/972 910/1065/1030 909/1064/1029 
f 911/1066/1031 912/1067/1032 913/1068/1033 914/1069/1034 
f 912/1067/1032 670/813/790 915/1070/1035 913/1068/1033 
f 796/942/916 795/941/915 913/1068/1033 915/1070/1035 
f 795/941/915 794/940/914 914/1069/1034 913/1068/1033 
f 670/813/790 667/810/787 916/1071/1036 915/1070/1035 
f 667/810/787 664/807/784 917/1072/1037 916/1071/1036 
f 798/944/918 797/943/917 916/1071/1036 917/1072/1037 
f 797/943/917 796/942/916 915/1070/1035 916/1071/1036 
f 664/807/784 663/806/783 918/1073/1038 917/1072/1037 
f 663/806/783 654/797/774 919/1074/1039 918/1073/1038 
f 790/936/910 793/939/913 918/1073/1038 919/1074/1039 
f 793/939/913 798/944/918 917/1072/1037 918/1073/1038 
f 654/797/774 920/1075/1040 921/1076/1041 919/1074/1039 
f 920/1075/1040 911/1066/1031 914/1069/1034 921/1076/1041 
f 794/940/914 791/937/911 921/1076/1041 914/1069/1034 
f 791/937/911 790/936/910 919/1074/1039 921/1076/1041 
f 752/896/872 751/895/871 922/1077/1042 923/1078/1043 
f 751/895/871 676/819/796 675/818/795 922/1077/1042 
f 674/817/794 924/1079/1044 922/1077/1042 675/818/795 
f 924/1079/1044 925/1080/1045 923/1078/1043 922/1077/1042 
f 674/817/794 742/886/862 926/1081/1046 924/1079/1044 
f 742/886/862 741/885/861 893/1048/1013 926/1081/1046 
f 615/758/735 927/1082/1047 926/1081/1046 893/1048/1013 
f 927/1082/1047 925/1080/1045 924/1079/1044 926/1081/1046 
f 752/896/872 923/1078/1043 928/1083/1048 753/897/873 
f 923/1078/1043 925/1080/1045 927/1082/1047 928/1083/1048 
f 615/758/735 618/761/738 928/1083/1048 927/1082/1047 
f 618/761/738 623/766/743 753/897/873 928/1083/1048 
f 639/782/759 757/901/877 929/1084/1049 869/1023/989 
f 757/901/877 672/815/792 671/814/791 929/1084/1049 
f 670/813/790 930/1085/1050 929/1084/1049 671/814/791 
f 930/1085/1050 871/1025/991 869/1023/989 929/1084/1049 
f 871/1025/991 930/1085/1050 931/1086/1051 932/1087/1052 
f 930/1085/1050 670/813/790 912/1067/1032 931/1086/1051 
f 911/1066/1031 933/1088/1053 931/1086/1051 912/1067/1032 
f 933/1088/1053 868/1022/988 932/1087/1052 931/1086/1051 
f 868/1022/988 933/1088/1053 934/1089/1054 863/1017/983 
f 933/1088/1053 911/1066/1031 935/1090/1055 934/1089/1054 
f 936/1091/1056 937/1092/1057 934/1089/1054 935/1090/1055 
f 937/1092/1057 860/1014/980 863/1017/983 934/1089/1054 
f 860/1014/980 937/1092/1057 938/1093/1058 939/1094/1059 
f 937/1092/1057 936/1091/1056 940/1095/1060 938/1093/1058 
f 941/1096/1061 942/1097/1062 938/1093/1058 940/1095/1060 
f 942/1097/1062 696/1098/816 939/1094/1059 938/1093/1058 
f 696/839/816 942/1099/1062 943/1100/1063 689/832/809 
f 942/1099/1062 941/1101/1061 944/1102/1064 943/1100/1063 
f 945/1103/1065 946/1104/1066 943/1100/1063 944/1102/1064 
f 946/1104/1066 686/829/806 689/832/809 943/1100/1063 
f 686/829/806 946/1104/1066 947/1105/1067 712/856/832 
f 946/1104/1066 945/1103/1065 948/1106/1068 947/1105/1067 
f 949/1107/1069 950/1108/1070 947/1105/1067 948/1106/1068 
f 950/1108/1070 709/853/829 712/856/832 947/1105/1067 
f 709/853/829 950/1108/1070 951/1109/1071 885/1040/1005 
f 950/1108/1070 949/1107/1069 952/1110/1072 951/1109/1071 
f 953/1111/1073 954/1112/1074 951/1109/1071 952/1110/1072 
f 954/1112/1074 789/935/909 885/1040/1005 951/1109/1071 
f 789/935/909 954/1112/1074 955/1113/1075 784/930/904 
f 954/1112/1074 953/1111/1073 956/1114/1076 955/1113/1075 
f 583/1115/703 582/1116/702 955/1113/1075 956/1114/1076 
f 582/1116/702 581/927/701 784/930/904 955/1113/1075 
f 590/910/710 763/907/883 957/1117/1077 882/1036/1002 
f 763/907/883 762/906/882 958/1118/1078 957/1117/1077 
f 959/1119/1079 960/1120/1080 957/1117/1077 958/1118/1078 
f 960/1120/1080 707/851/827 882/1036/1002 957/1117/1077 
f 707/851/827 960/1120/1080 961/1121/1081 708/852/828 
f 960/1120/1080 959/1119/1079 962/1122/1082 961/1121/1081 
f 963/1123/1083 964/1124/1084 961/1121/1081 962/1122/1082 
f 964/1124/1084 703/846/823 708/852/828 961/1121/1081 
f 703/846/823 964/1124/1084 965/1125/1085 700/843/820 
f 964/1124/1084 963/1123/1083 966/1126/1086 965/1125/1085 
f 844/1127/964 843/1128/963 965/1125/1085 966/1126/1086 
f 843/1128/963 697/840/817 700/843/820 965/1125/1085 
f 776/921/896 906/1061/1026 967/1129/1087 907/1062/1027 
f 906/1061/1026 780/925/900 910/1065/1030 967/1129/1087 
f 852/1004/972 968/1130/1088 967/1129/1087 910/1065/1030 
f 968/1130/1088 850/1000/970 907/1062/1027 967/1129/1087 
f 850/1000/970 968/1130/1088 969/1131/1089 851/1001/971 
f 968/1130/1088 852/1004/972 855/1007/975 969/1131/1089 
f 857/1009/977 970/1132/1090 969/1131/1089 855/1007/975 
f 970/1132/1090 767/1002/887 851/1001/971 969/1131/1089 
f 767/912/887 970/1133/1090 971/1134/1091 765/909/885 
f 970/1133/1090 857/1135/977 856/1136/976 971/1134/1091 
f 583/1115/703 956/1114/1076 971/1134/1091 856/1136/976 
f 956/1114/1076 953/1111/1073 972/1137/1092 971/1134/1091 
f 762/906/882 765/909/885 971/1134/1091 972/1137/1092 
f 762/906/882 972/1137/1092 973/1138/1093 958/1118/1078 
f 972/1137/1092 953/1111/1073 952/1110/1072 973/1138/1093 
f 949/1107/1069 974/1139/1094 973/1138/1093 952/1110/1072 
f 974/1139/1094 959/1119/1079 958/1118/1078 973/1138/1093 
f 959/1119/1079 974/1139/1094 975/1140/1095 962/1122/1082 
f 974/1139/1094 949/1107/1069 948/1106/1068 975/1140/1095 
f 945/1103/1065 976/1141/1096 975/1140/1095 948/1106/1068 
f 976/1141/1096 963/1123/1083 962/1122/1082 975/1140/1095 
f 963/1123/1083 976/1141/1096 977/1142/1097 966/1126/1086 
f 976/1141/1096 945/1103/1065 944/1102/1064 977/1142/1097 
f 941/1101/1061 978/1143/1098 977/1142/1097 944/1102/1064 
f 978/1143/1098 844/1127/964 966/1126/1086 977/1142/1097 
f 844/991/964 978/1144/1098 979/1145/1099 841/987/961 
f 978/1144/1098 941/1096/1061 940/1095/1060 979/1145/1099 
f 936/1091/1056 980/1146/1100 979/1145/1099 940/1095/1060 
f 980/1146/1100 660/803/780 841/987/961 979/1145/1099 
f 660/803/780 980/1146/1100 981/1147/1101 658/801/778 
f 980/1146/1100 936/1091/1056 935/1090/1055 981/1147/1101 
f 911/1066/1031 920/1075/1040 981/1147/1101 935/1090/1055 
f 920/1075/1040 654/797/774 658/801/778 981/1147/1101 
f 861/1015/981 982/1148/1102 983/1149/1103 864/1018/984 
f 861/1015/981 860/1014/980 939/1094/1059 982/1148/1102 
f 696/1098/816 694/1150/814 982/1148/1102 939/1094/1059 
f 694/1150/814 693/1151/813 695/1152/815 983/1149/1103 982/1148/1102 
f 872/1026/992 984/1153/1104 985/1154/1105 873/1027/993 
f 872/1026/992 871/1025/991 932/1087/1052 984/1153/1104 
f 868/1022/988 866/1020/986 984/1153/1104 932/1087/1052 
f 866/1020/986 867/1021/987 985/1154/1105 984/1153/1104 
f 594/737/714 986/1155/1106 987/1156/1107 597/740/717 
f 594/737/714 593/736/713 604/747/724 986/1155/1106 
f 603/746/723 988/1157/1108 986/1155/1106 604/747/724 
f 988/1157/1108 989/1158/1109 987/1156/1107 986/1155/1106 
f 988/1157/1108 990/1159/1110 991/1160/1111 989/1158/1109 
f 988/1157/1108 603/746/723 888/1043/1008 990/1159/1110 
f 801/947/921 903/1058/1023 990/1159/1110 888/1043/1008 
f 903/1058/1023 904/1059/1024 991/1160/1111 990/1159/1110 
s 1
f 992/1161/1112 993/1162/1112 994/1163/1113 995/1164/1114 
f 995/1164/1114 994/1163/1113 996/1165/1115 997/1166/1116 
f 997/1166/1116 996/1165/1115 998/1167/1117 999/1168/1118 
f 999/1168/1118 998/1167/1117 1000/1169/1119 1001/1170/1120 
f 1002/1171/1121 1003/1172/1122 1004/1173/1123 1005/1174/1124 
f 1004/1175/1123 1006/1176/1125 1007/1177/1125 1005/1178/1124 
f 1000/1169/1119 1003/1172/1122 1002/1171/1121 1001/1170/1120 
s 2
f 1008/1179/1126 1009/1180/1126 1010/1181/1126 1011/1182/1126 
s 4
f 1012/1183/1127 1013/1184/1127 1014/1185/1127 1015/1186/1127 
s 8
f 1008/1187/1128 1011/1188/1128 1013/1189/1128 1012/1190/1128 
s 16
f 1011/1191/1129 1010/1192/1129 1014/1193/1129 1013/1194/1129 
s 32
f 1010/1195/1130 1009/1196/1130 1015/1197/1130 1014/1198/1130 
s 64
f 1009/1199/1131 1008/1200/1131 1012/1201/1131 1015/1202/1131 
s 1
f 1016/1203/1132 1017/1204/1133 1018/1205/1134 1019/1206/1135 
f 1017/1204/1133 1020/1207/1136 1021/1208/1137 1018/1205/1134 
f 1022/1209/1138 1023/1210/1139 1019/1206/1135 1018/1205/1134 
f 1024/1211/1140 1025/1212/1141 1026/1213/1142 1027/1214/1143 
f 1025/1212/1141 1028/1215/1144 1029/1216/1145 1026/1213/1142 
f 1016/1203/1132 1019/1206/1135 1030/1217/1146 1031/1218/1147 
f 1019/1206/1135 1023/1210/1139 1032/1219/1148 1030/1217/1146 
f 1028/1215/1144 1025/1212/1141 1030/1220/1146 1032/1221/1148 
f 1025/1212/1141 1024/1211/1140 1031/1222/1147 1030/1220/1146 
f 1023/1210/1139 1022/1209/1138 1033/1223/1149 1032/1219/1148 
f 1022/1209/1138 1034/1224/1150 1035/1225/1151 1033/1223/1149 
f 1029/1216/1145 1028/1215/1144 1032/1221/1148 1033/1226/1149 
f 1017/1204/1133 1016/1203/1132 1031/1218/1147 1036/1227/1152 
f 1024/1211/1140 1027/1214/1143 1036/1228/1152 1031/1222/1147 
f 1027/1214/1143 1037/1229/1153 1038/1230/1154 1036/1228/1152 
f 1039/1231/1155 1040/1232/1156 1041/1233/1157 1042/1234/1158 
f 1043/1235/1159 1044/1236/1160 1045/1237/1161 1046/1238/1162 
f 1044/1236/1160 1047/1239/1163 1048/1240/1164 1045/1237/1161 
f 1049/1241/1165 1050/1242/1166 1051/1243/1167 1052/1244/1168 
f 1053/1245/1169 1054/1246/1170 1055/1247/1171 1056/1248/1172 
f 1053/1245/1169 1057/1249/1173 1058/1250/1174 1059/1251/1175 
f 1057/1249/1173 1060/1252/1176 1061/1253/1177 1058/1250/1174 
f 1062/1254/1178 1063/1255/1179 1058/1250/1174 1061/1253/1177 
f 1063/1255/1179 1064/1256/1180 1059/1251/1175 1058/1250/1174 
f 1060/1252/1176 1065/1257/1181 1066/1258/1182 1061/1253/1177 
f 1064/1256/1180 1067/1259/1183 1068/1260/1184 1059/1251/1175 
f 1039/1261/1155 1042/1262/1158 1069/1263/1185 1056/1248/1172 
f 1042/1262/1158 1049/1241/1165 1052/1244/1168 1069/1263/1185 
f 1060/1252/1176 1057/1249/1173 1069/1263/1185 1052/1244/1168 
f 1057/1249/1173 1053/1245/1169 1056/1248/1172 1069/1263/1185 
f 1064/1256/1180 1063/1255/1179 1070/1264/1186 1071/1265/1187 
f 1063/1255/1179 1062/1254/1178 1072/1266/1188 1070/1264/1186 
f 1047/1239/1163 1044/1236/1160 1070/1264/1186 1072/1266/1188 
f 1044/1236/1160 1043/1235/1159 1071/1265/1187 1070/1264/1186 
f 1062/1254/1178 1073/1267/1189 1074/1268/1190 1072/1266/1188 
f 1043/1235/1159 1046/1238/1162 1075/1269/1191 1071/1265/1187 
f 1076/1270/1192 1077/1271/1193 1078/1272/1194 1079/1273/1195 
s off
f 1080/1274/1196 1081/1275/1196 1082/1276/1196 
f 1083/1277/1197 1084/1278/1197 1085/1279/1197 
f 1086/1280/1198 1087/1281/1198 1088/1282/1198 
s 1
f 1077/1283/1193 1089/1284/1199 1090/1285/1200 1078/1286/1194 
f 1091/1287/1201 1092/1288/1202 1089/1284/1199 1077/1283/1193 
f 1077/1283/1193 1076/1289/1192 1093/1290/1203 1091/1287/1201 
f 1094/1291/1204 1095/1292/1205 1093/1290/1203 1076/1289/1192 
f 1096/1293/1206 1097/1294/1207 1095/1292/1205 1094/1291/1204 
f 1094/1291/1204 1098/1295/1208 1099/1296/1209 1096/1293/1206 
f 1100/1297/1210 1101/1298/1211 1102/1299/1212 1103/1300/1213 
f 1104/1301/1214 1105/1302/1215 1102/1299/1212 1101/1298/1211 
f 1106/1303/1216 1107/1304/1217 1092/1288/1202 1091/1287/1201 
f 1108/1305/1218 1080/1274/1219 1109/1306/1220 1110/1307/1221 
f 1111/1308/1222 1112/1309/1223 1113/1310/1224 1114/1311/1225 
f 1096/1293/1206 1099/1296/1209 1113/1310/1224 1112/1309/1223 
f 1112/1309/1223 1115/1312/1226 1097/1294/1207 1096/1293/1206 
f 1116/1313/1227 1117/1314/1228 1118/1315/1229 1111/1308/1222 
f 1119/1316/1230 1120/1317/1231 1107/1304/1217 1110/1307/1221 
f 1089/1284/1199 1092/1288/1202 1107/1304/1217 1120/1317/1231 
f 1120/1317/1231 1121/1318/1232 1090/1285/1200 1089/1284/1199 
f 1119/1316/1230 1122/1319/1233 1123/1320/1234 1124/1321/1235 
f 1125/1322/1236 1126/1323/1237 1127/1324/1238 1128/1325/1239 
f 1129/1326/1240 1130/1327/1241 1126/1323/1237 1125/1322/1236 
f 1125/1322/1236 1102/1299/1212 1105/1302/1215 1129/1326/1240 
f 1131/1328/1242 1132/1329/1243 1103/1300/1213 1128/1325/1239 
s off
f 1093/1290/1244 1133/1330/1244 1134/1331/1244 1091/1287/1244 
f 1106/1303/1245 1091/1287/1245 1134/1331/1245 1135/1332/1245 
f 1108/1305/1246 1106/1303/1246 1135/1332/1246 1136/1333/1246 
f 1086/1280/1247 1088/1282/1247 1085/1279/1247 1084/1278/1247 1084/1278/1247 
f 1137/1334/1248 1137/1334/1248 1138/1335/1248 1117/1314/1248 
f 1117/1314/1249 1138/1335/1249 1139/1336/1249 1118/1315/1249 
f 1115/1312/1250 1140/1337/1250 1141/1338/1250 1097/1294/1250 
f 1097/1294/1251 1141/1338/1251 1142/1339/1251 1095/1292/1251 
f 1093/1290/1252 1095/1292/1252 1142/1339/1252 1133/1330/1252 
s 1
f 1143/1340/1253 1100/1297/1210 1103/1300/1213 1132/1329/1243 
f 1106/1303/1216 1108/1305/1218 1110/1307/1221 1107/1304/1217 
f 1116/1313/1227 1111/1308/1222 1114/1311/1225 1144/1341/1254 
f 1112/1309/1223 1111/1308/1222 1118/1315/1229 1115/1312/1226 
f 1122/1319/1233 1119/1316/1230 1110/1307/1221 1109/1306/1220 
f 1120/1317/1231 1119/1316/1230 1124/1321/1235 1121/1318/1232 
f 1128/1325/1239 1127/1324/1238 1145/1342/1255 1131/1328/1242 
f 1128/1325/1239 1103/1300/1213 1102/1299/1212 1125/1322/1236 
s off
f 1080/1274/1256 1108/1305/1256 1136/1333/1256 1081/1275/1256 
f 1118/1315/1257 1139/1336/1257 1140/1337/1257 1115/1312/1257 
f 1104/1301/1258 1134/1331/1258 1133/1330/1258 1105/1302/1258 
f 1135/1332/1259 1134/1331/1259 1104/1301/1259 1101/1298/1259 
f 1136/1333/1260 1135/1332/1260 1101/1298/1260 1100/1297/1260 
f 1088/1282/1261 1087/1281/1261 1146/1343/1261 1147/1344/1261 
f 1148/1345/1262 1085/1279/1262 1088/1282/1262 1147/1344/1262 
f 1149/1346/1263 1083/1277/1263 1085/1279/1263 1148/1345/1263 
f 1127/1324/1264 1139/1336/1264 1138/1335/1264 1145/1342/1264 
f 1130/1327/1265 1141/1338/1265 1140/1337/1265 1126/1323/1265 
f 1129/1326/1266 1142/1339/1266 1141/1338/1266 1130/1327/1266 
f 1133/1330/1267 1142/1339/1267 1129/1326/1267 1105/1302/1267 
f 1081/1275/1268 1136/1333/1268 1100/1297/1268 1143/1340/1268 
f 1126/1323/1269 1140/1337/1269 1139/1336/1269 1127/1324/1269 
f 1082/1347/1270 1086/1348/1270 1084/1349/1270 1137/1350/1270 
f 1137/1334/1271 1084/1278/1271 1084/1278/1271 1137/1334/1271 
f 1137/1334/1272 1084/1278/1272 1083/1277/1272 1138/1335/1272 
f 1138/1335/1273 1083/1277/1273 1149/1346/1273 1145/1342/1273 
f 1145/1342/1274 1149/1346/1274 1148/1345/1274 1131/1328/1274 
f 1131/1328/1275 1148/1345/1275 1147/1344/1275 1132/1329/1275 
f 1132/1329/1276 1147/1344/1276 1146/1343/1276 1143/1340/1276 
f 1143/1340/1277 1146/1343/1277 1087/1281/1277 1081/1275/1277 
f 1081/1275/1278 1087/1281/1278 1086/1280/1278 1082/1276/1278 
s 32
f 1150/1351/1279 1151/1352/1280 1152/1353/1281 
f 1153/1354/691 1154/1355/1282 1155/1356/1283 1156/1357/1284 
f 1157/1358/1285 1158/1359/1286 1154/1355/1282 1153/1354/691 
f 1153/1354/691 1156/1357/1284 1159/1360/1287 1160/1361/126 
f 1157/1358/1285 1153/1354/691 1160/1361/126 1161/1362/1288 
s 1
f 1162/1363/1289 1163/1364/1290 1151/1352/1291 1164/1365/1292 
f 1164/1365/1292 1151/1352/1291 1150/1351/1293 1165/1366/1293 
f 1166/1367/1294 1167/1368/1294 1168/1369/1295 1169/1370/1296 
f 1169/1370/1296 1168/1369/1295 1170/1371/1297 1171/1372/1298 
f 1171/1372/1298 1170/1371/1297 1172/1373/1299 1173/1374/1299 
s 32
f 1155/1356/1283 1174/1375/1300 1175/1376/1301 1176/1377/1302 
f 1176/1377/1302 1177/1378/1303 1156/1357/1284 1155/1356/1283 
f 1174/1375/1300 1155/1356/1283 1154/1355/1282 1178/1379/1304 
f 1158/1359/1286 1179/1380/1305 1180/1381/1306 1181/1382/1307 
f 1154/1355/1282 1158/1359/1286 1181/1382/1307 1178/1379/1304 
f 1182/1383/1308 1183/1384/1309 1184/1385/1310 1185/1386/1311 
f 1185/1386/1311 1184/1385/1310 1186/1387/1312 1187/1388/1313 
f 1188/1389/1314 1189/1390/1315 1190/1391/1316 1191/1392/1317 
f 1165/1366/1318 1191/1392/1317 1190/1391/1316 1192/1393/1319 
f 1193/1394/1320 1194/1395/1321 1195/1396/1322 
f 1196/1397/1323 1197/1398/1324 1198/1399/1325 1199/1400/1326 
f 1198/1399/1325 1200/1401/1327 1201/1402/1328 1199/1400/1326 
f 1202/1403/1329 1203/1404/1330 1183/1384/1309 1182/1383/1308 
f 1204/1405/1331 1205/1406/1332 1206/1407/1333 1207/1408/1334 
f 1208/1409/1335 1209/1410/1336 1197/1398/1324 1196/1397/1323 
f 1210/1411/1337 1211/1412/1338 1212/1413/1339 1195/1396/1322 
f 1211/1412/1338 1210/1411/1337 1189/1390/1315 1188/1389/1314 
f 1209/1410/1336 1208/1409/1335 1187/1388/1313 1186/1387/1312 
f 1213/1414/1340 1214/1415/1341 1215/1416/1342 1216/1417/1343 
f 1217/1418/1344 1213/1414/1340 1216/1417/1343 1218/1419/1345 
f 1213/1414/1340 1217/1418/1344 1192/1393/1319 1190/1391/1316 
f 1214/1415/1341 1213/1414/1340 1190/1391/1316 1189/1390/1315 
f 1219/1420/1346 1217/1418/1344 1218/1419/1345 1220/1421/1347 
f 1217/1418/1344 1219/1420/1346 1205/1406/1332 1204/1405/1331 1192/1393/1319 
f 1221/1422/1348 1210/1411/1337 1195/1396/1322 1222/1423/1349 
f 1223/1424/1350 1221/1422/1348 1222/1423/1349 1224/1425/1351 
f 1221/1422/1348 1223/1424/1350 1215/1416/1342 1214/1415/1341 
f 1210/1411/1337 1221/1422/1348 1214/1415/1341 1189/1390/1315 
f 1225/1426/1352 1220/1421/1347 1218/1419/1345 1216/1417/1343 
f 1226/1427/1353 1225/1426/1352 1216/1417/1343 1215/1416/1342 
f 1223/1424/1350 1227/1428/1354 1226/1427/1353 1215/1416/1342 
f 1223/1424/1350 1224/1425/1351 1228/1429/1355 1227/1428/1354 
f 1229/1430/1356 1228/1429/1355 1224/1425/1351 1222/1423/1349 
f 1194/1395/1321 1229/1430/1356 1222/1423/1349 1195/1396/1322 
f 1230/1431/1357 1231/1432/1358 1183/1384/1309 1203/1404/1330 
f 1232/1433/1359 1233/1434/1360 1230/1431/1357 1203/1404/1330 
f 1231/1435/1358 1230/1436/1357 1176/1377/1302 1175/1376/1301 
f 1234/1437/1361 1235/1438/1362 1198/1399/1325 1197/1398/1324 
f 1235/1439/1362 1234/1440/1361 1180/1381/1306 1179/1380/1305 
f 1236/1441/1363 1237/1442/1364 1235/1439/1362 1179/1380/1305 
f 1238/1443/1365 1234/1437/1361 1197/1398/1324 1209/1410/1336 
f 1239/1444/1366 1238/1443/1365 1209/1410/1336 1186/1387/1312 
f 1238/1445/1365 1239/1446/1366 1178/1379/1304 1181/1382/1307 
f 1234/1440/1361 1238/1445/1365 1181/1382/1307 1180/1381/1306 
f 1240/1447/1367 1239/1444/1366 1186/1387/1312 1184/1385/1310 
f 1231/1432/1358 1240/1447/1367 1184/1385/1310 1183/1384/1309 
f 1240/1448/1367 1231/1435/1358 1175/1376/1301 1174/1375/1300 
f 1239/1446/1366 1240/1448/1367 1174/1375/1300 1178/1379/1304 
f 1241/1449/1368 1242/1450/1369 1243/1451/1370 1244/1452/1371 
f 1225/1426/1352 1241/1453/1368 1244/1454/1371 1220/1421/1347 
f 1229/1430/1356 1245/1455/1372 1227/1428/1354 1228/1429/1355 
f 1246/1456/1373 1245/1455/1372 1229/1430/1356 1194/1395/1321 
f 1179/1380/1305 1158/1359/1286 1157/1358/1285 1236/1441/1363 
f 1194/1395/1321 1193/1394/1320 1247/1457/1374 
f 1203/1404/1330 1202/1403/1329 1248/1458/1375 1232/1433/1359 
f 1177/1378/1303 1176/1377/1302 1230/1436/1357 1233/1459/1360 
f 1200/1401/1327 1198/1399/1325 1235/1438/1362 1237/1460/1364 
f 1157/1358/1285 1161/1362/1288 1249/1461/1376 1236/1441/1363 
f 1250/1462/1377 1251/1463/1378 1232/1433/1359 1248/1458/1375 
f 1177/1378/1303 1233/1459/1360 1252/1464/1379 1253/1465/1380 
f 1200/1401/1327 1237/1460/1364 1254/1466/1381 1255/1467/1382 
f 1156/1357/1284 1177/1378/1303 1253/1465/1380 1159/1360/1287 
f 1152/1353/1281 1151/1352/1280 1163/1364/1383 1256/1468/1384 
f 1256/1468/1384 1163/1364/1383 1257/1469/1385 1258/1470/1385 
f 1207/1408/1334 1162/1363/1386 1164/1365/1387 1204/1405/1331 
f 1164/1365/1387 1165/1366/1318 1192/1393/1319 1204/1405/1331 
f 1259/1471/1388 1168/1369/1389 1167/1368/1390 1260/1472/1391 
f 1168/1369/1389 1259/1471/1388 1261/1473/1392 1170/1371/1393 
f 1262/1474/1394 1172/1373/1395 1170/1371/1393 1261/1473/1392 
s off
f 1260/1472/1396 1167/1368/1396 1166/1367/1396 1263/1475/1396 
s 2
f 1150/1351/1397 1152/1353/1398 1264/1476/1399 
f 1264/1476/1399 1152/1353/1398 1256/1468/1400 1265/1477/1401 
f 1265/1477/1401 1256/1468/1400 1258/1470/1402 1262/1474/1402 
s 32
f 1245/1478/1372 1246/1479/1373 1266/1480/1403 1267/1481/1404 
f 1226/1427/1353 1227/1428/1354 1245/1455/1372 1267/1482/1404 
f 1267/1481/1404 1266/1480/1403 1242/1450/1369 1241/1449/1368 
f 1226/1427/1353 1267/1482/1404 1241/1453/1368 1225/1426/1352 
s 1
f 1246/1483/1405 1268/1484/1406 1269/1485/1407 1266/1486/1408 
f 1266/1486/1408 1269/1485/1407 1270/1487/1409 1242/1488/1410 
f 1242/1488/1410 1270/1487/1409 1271/1489/1411 1243/1490/1412 
s 32
f 1220/1421/1347 1244/1454/1371 1219/1420/1346 
f 1244/1454/1371 1243/1491/1370 1205/1406/1332 1219/1420/1346 
f 1243/1492/1370 1206/1407/1333 1205/1406/1332 
s 1
f 1243/1492/1412 1271/1493/1411 1272/1494/1413 1206/1407/1414 
f 1273/1495/1415 1274/1496/1416 1275/1497/1417 1276/1498/1418 
f 1274/1496/1416 1277/1499/1419 1278/1500/1420 1275/1497/1417 
f 1279/1501/1421 1280/1502/1422 1275/1497/1417 1278/1500/1420 
f 1280/1502/1422 1281/1503/1423 1276/1498/1418 1275/1497/1417 
f 1282/1504/1424 1283/1505/1425 1284/1506/1426 1285/1507/1427 
f 1283/1508/1425 1286/1509/1428 1287/1510/1429 1284/1511/1426 
f 1288/1512/1430 1289/1513/1431 1284/1511/1426 1287/1510/1429 
f 1289/1514/1431 1290/1515/1432 1285/1507/1427 1284/1506/1426 
f 1273/1495/1415 1276/1498/1418 1291/1516/1433 1292/1517/1434 
f 1276/1498/1418 1281/1503/1423 1293/1518/1435 1291/1516/1433 
f 1294/1519/1436 1295/1520/1437 1291/1516/1433 1293/1518/1435 
f 1295/1520/1437 1296/1521/1438 1292/1517/1434 1291/1516/1433 
f 1281/1503/1423 1280/1502/1422 1297/1522/1439 1293/1518/1435 
f 1280/1502/1422 1279/1501/1421 1298/1523/1440 1297/1522/1439 
f 1299/1524/1441 1300/1525/1442 1297/1522/1439 1298/1523/1440 
f 1300/1525/1442 1294/1519/1436 1293/1518/1435 1297/1522/1439 
f 1279/1501/1421 1278/1500/1420 1301/1526/1443 1298/1523/1440 
f 1278/1500/1420 1277/1499/1419 1302/1527/1444 1301/1528/1443 
f 1303/1529/1445 1304/1530/1446 1301/1528/1443 1302/1527/1444 
f 1304/1531/1446 1299/1524/1441 1298/1523/1440 1301/1526/1443 
f 1277/1499/1419 1274/1496/1416 1305/1532/1447 1302/1527/1444 
f 1274/1496/1416 1273/1495/1415 1292/1517/1434 1305/1532/1447 
f 1296/1521/1438 1306/1533/1448 1305/1532/1447 1292/1517/1434 
f 1306/1533/1448 1303/1529/1445 1302/1527/1444 1305/1532/1447 
f 1307/1534/1449 1308/1535/1450 1309/1536/1451 1310/1537/1452 
f 1308/1535/1450 1311/1538/1453 1312/1539/1454 1309/1536/1451 
f 1313/1540/1455 1314/1541/1456 1309/1536/1451 1312/1539/1454 
f 1314/1541/1456 1315/1542/1457 1310/1537/1452 1309/1536/1451 
f 1316/1543/1458 1317/1544/1459 1318/1545/1460 1319/1546/1461 
f 1317/1544/1459 1320/1547/1462 1321/1548/1463 1318/1545/1460 
f 1311/1538/1453 1308/1535/1450 1318/1545/1460 1321/1548/1463 
f 1308/1535/1450 1307/1534/1449 1319/1546/1461 1318/1545/1460 
f 1322/1549/1464 1323/1550/1465 1324/1551/1466 1325/1552/1467 
f 1323/1550/1465 1326/1553/1468 1327/1554/1469 1324/1551/1466 
f 1320/1547/1462 1317/1544/1459 1324/1555/1466 1327/1556/1469 
f 1317/1544/1459 1316/1543/1458 1325/1552/1467 1324/1555/1466 
f 1315/1542/1457 1314/1541/1456 1328/1557/1470 1329/1558/1471 
f 1314/1541/1456 1313/1540/1455 1330/1559/1472 1328/1557/1470 
f 1326/1553/1468 1323/1550/1465 1328/1557/1470 1330/1559/1472 
f 1323/1550/1465 1322/1549/1464 1329/1558/1471 1328/1557/1470 
f 1331/1560/1473 1332/1561/1474 1333/1562/1475 1334/1563/1476 
f 1332/1561/1474 1286/1509/1428 1283/1508/1425 1333/1562/1475 
f 1282/1504/1424 1335/1564/1477 1333/1562/1475 1283/1508/1425 
f 1335/1564/1477 1336/1565/1478 1334/1563/1476 1333/1562/1475 
f 1337/1566/1479 1338/1567/1480 1339/1568/1481 1340/1569/1482 
f 1338/1567/1480 1288/1512/1430 1287/1510/1429 1339/1568/1481 
f 1286/1509/1428 1332/1561/1474 1339/1568/1481 1287/1510/1429 
f 1332/1561/1474 1331/1560/1473 1340/1569/1482 1339/1568/1481 
f 1341/1570/1483 1342/1571/1484 1343/1572/1485 1344/1573/1486 
f 1342/1571/1484 1290/1515/1432 1289/1514/1431 1343/1572/1485 
f 1288/1512/1430 1338/1567/1480 1343/1574/1485 1289/1513/1431 
f 1338/1567/1480 1337/1566/1479 1344/1575/1486 1343/1574/1485 
f 1336/1565/1478 1335/1564/1477 1345/1576/1487 1346/1577/1488 
f 1335/1564/1477 1282/1504/1424 1285/1507/1427 1345/1576/1487 
f 1290/1515/1432 1342/1571/1484 1345/1576/1487 1285/1507/1427 
f 1342/1571/1484 1341/1570/1483 1346/1577/1488 1345/1576/1487 
f 1311/1538/1453 1347/1578/1489 1348/1579/1490 1312/1539/1454 
f 1347/1578/1489 1331/1560/1473 1334/1563/1476 1348/1579/1490 
f 1336/1565/1478 1349/1580/1491 1348/1579/1490 1334/1563/1476 
f 1349/1580/1491 1313/1540/1455 1312/1539/1454 1348/1579/1490 
f 1320/1547/1462 1350/1581/1492 1351/1582/1493 1321/1548/1463 
f 1350/1581/1492 1337/1566/1479 1340/1569/1482 1351/1582/1493 
f 1331/1560/1473 1347/1578/1489 1351/1582/1493 1340/1569/1482 
f 1347/1578/1489 1311/1538/1453 1321/1548/1463 1351/1582/1493 
f 1326/1553/1468 1352/1583/1494 1353/1584/1495 1327/1554/1469 
f 1352/1583/1494 1341/1570/1483 1344/1573/1486 1353/1584/1495 
f 1337/1566/1479 1350/1581/1492 1353/1585/1495 1344/1575/1486 
f 1350/1581/1492 1320/1547/1462 1327/1556/1469 1353/1585/1495 
f 1313/1540/1455 1349/1580/1491 1354/1586/1496 1330/1559/1472 
f 1349/1580/1491 1336/1565/1478 1346/1577/1488 1354/1586/1496 
f 1341/1570/1483 1352/1583/1494 1354/1586/1496 1346/1577/1488 
f 1352/1583/1494 1326/1553/1468 1330/1559/1472 1354/1586/1496 
f 1294/1519/1436 1355/1587/1497 1356/1588/1498 1295/1520/1437 
f 1355/1587/1497 1307/1534/1449 1310/1537/1452 1356/1588/1498 
f 1315/1542/1457 1357/1589/1499 1356/1588/1498 1310/1537/1452 
f 1357/1589/1499 1296/1521/1438 1295/1520/1437 1356/1588/1498 
f 1299/1524/1441 1358/1590/1500 1359/1591/1501 1300/1525/1442 
f 1358/1590/1500 1316/1543/1458 1319/1546/1461 1359/1591/1501 
f 1307/1534/1449 1355/1587/1497 1359/1591/1501 1319/1546/1461 
f 1355/1587/1497 1294/1519/1436 1300/1525/1442 1359/1591/1501 
f 1303/1529/1445 1360/1592/1502 1361/1593/1503 1304/1530/1446 
f 1360/1592/1502 1322/1549/1464 1325/1552/1467 1361/1594/1503 
f 1316/1543/1458 1358/1590/1500 1361/1594/1503 1325/1552/1467 
f 1358/1590/1500 1299/1524/1441 1304/1531/1446 1361/1594/1503 
f 1296/1521/1438 1357/1589/1499 1362/1595/1504 1306/1533/1448 
f 1357/1589/1499 1315/1542/1457 1329/1558/1471 1362/1595/1504 
f 1322/1549/1464 1360/1592/1502 1362/1595/1504 1329/1558/1471 
f 1360/1592/1502 1303/1529/1445 1306/1533/1448 1362/1595/1504 
s 32
f 1363/1596/1505 1364/1597/1506 1365/1598/1507 1366/1599/1508 
f 1364/1597/1506 1367/1600/1509 1368/1601/1510 1365/1598/1507 
f 1369/1602/1511 1370/1603/1512 1365/1598/1507 1368/1601/1510 
f 1370/1603/1512 1371/1604/1513 1366/1599/1508 1365/1598/1507 
f 1372/1605/1514 1373/1606/1515 1374/1607/1516 1375/1608/1517 
f 1373/1606/1515 1376/1609/1518 1377/1610/1519 1374/1607/1516 
f 1378/1611/1520 1379/1612/1521 1374/1607/1516 1377/1610/1519 
f 1379/1612/1521 1380/1613/1522 1375/1608/1517 1374/1607/1516 
f 1381/1614/1523 1382/1615/1524 1383/1616/1525 1384/1617/1526 
f 1382/1615/1524 1385/1618/1527 1386/1619/1528 1383/1616/1525 
f 1387/1620/1529 1388/1621/1530 1383/1616/1525 1386/1619/1528 
f 1388/1621/1530 1389/1622/1531 1384/1617/1526 1383/1616/1525 
f 1390/1623/1532 1391/1624/1533 1392/1625/1534 1393/1626/1535 
f 1391/1624/1533 1394/1627/1536 1395/1628/1537 1392/1625/1534 
f 1396/1629/1538 1397/1630/1539 1392/1625/1534 1395/1628/1537 
f 1397/1630/1539 1398/1631/1540 1393/1626/1535 1392/1625/1534 
f 1399/1632/1541 1400/1633/1542 1401/1634/1543 1402/1635/1544 
f 1400/1633/1542 1403/1636/1545 1404/1637/1546 1401/1634/1543 
f 1405/1638/1547 1406/1639/1548 1401/1634/1543 1404/1637/1546 
f 1406/1639/1548 1407/1640/1549 1402/1635/1544 1401/1634/1543 
f 1408/1641/1550 1409/1642/1551 1410/1643/1552 1411/1644/1553 
f 1409/1642/1551 1412/1645/1554 1413/1646/1555 1410/1643/1552 
f 1414/1647/1556 1415/1648/1557 1410/1643/1552 1413/1646/1555 
f 1415/1648/1557 1416/1649/1558 1411/1644/1553 1410/1643/1552 
f 1363/1596/1505 1417/1650/1559 1418/1651/1560 1419/1652/1561 
f 1417/1653/1559 1381/1614/1523 1420/1654/1562 1418/1655/1560 
f 1412/1645/1554 1419/1656/1561 1418/1655/1560 1420/1654/1562 
f 1372/1605/1514 1421/1657/1563 1422/1658/1564 1423/1659/1565 
f 1421/1660/1563 1414/1647/1556 1424/1661/1566 1422/1662/1564 
f 1389/1622/1531 1423/1663/1565 1422/1662/1564 1424/1661/1566 
f 1387/1620/1529 1425/1664/1567 1426/1665/1568 1427/1666/1569 
f 1425/1664/1567 1398/1631/1540 1428/1667/1570 1426/1665/1568 
f 1376/1609/1518 1427/1668/1569 1426/1669/1568 1428/1670/1570 
f 1390/1623/1532 1429/1671/1571 1430/1672/1572 1431/1673/1573 
f 1429/1671/1571 1385/1618/1527 1432/1674/1574 1430/1672/1572 
f 1371/1604/1513 1431/1675/1573 1430/1676/1572 1432/1677/1574 
f 1396/1629/1538 1433/1678/1575 1434/1679/1576 1435/1680/1577 
f 1433/1678/1575 1407/1681/1549 1436/1682/1578 1434/1679/1576 
f 1378/1611/1520 1435/1683/1577 1434/1684/1576 1436/1685/1578 
f 1399/1686/1541 1437/1687/1579 1438/1688/1580 1439/1689/1581 
f 1437/1687/1579 1394/1627/1536 1440/1690/1582 1438/1688/1580 
f 1369/1602/1511 1439/1691/1581 1438/1692/1580 1440/1693/1582 
f 1405/1638/1547 1441/1694/1583 1442/1695/1584 1443/1696/1585 
f 1441/1694/1583 1416/1649/1558 1444/1697/1586 1442/1695/1584 
f 1380/1613/1522 1443/1698/1585 1442/1699/1584 1444/1700/1586 
f 1408/1641/1550 1445/1701/1587 1446/1702/1588 1447/1703/1589 
f 1445/1701/1587 1403/1636/1545 1448/1704/1590 1446/1702/1588 
f 1367/1600/1509 1447/1705/1589 1446/1706/1588 1448/1707/1590 
f 1367/1600/1509 1364/1597/1506 1449/1708/1591 1447/1705/1589 
f 1364/1597/1506 1363/1596/1505 1419/1652/1561 1449/1708/1591 
f 1412/1645/1554 1409/1642/1551 1449/1709/1591 1419/1656/1561 
f 1409/1642/1551 1408/1641/1550 1447/1703/1589 1449/1709/1591 
f 1369/1602/1511 1368/1601/1510 1450/1710/1592 1439/1691/1581 
f 1368/1601/1510 1367/1600/1509 1448/1707/1590 1450/1710/1592 
f 1403/1636/1545 1400/1633/1542 1450/1711/1592 1448/1704/1590 
f 1400/1633/1542 1399/1632/1541 1439/1712/1581 1450/1711/1592 
f 1371/1604/1513 1370/1603/1512 1451/1713/1593 1431/1675/1573 
f 1370/1603/1512 1369/1602/1511 1440/1693/1582 1451/1713/1593 
f 1394/1627/1536 1391/1624/1533 1451/1714/1593 1440/1690/1582 
f 1391/1624/1533 1390/1623/1532 1431/1673/1573 1451/1714/1593 
f 1363/1596/1505 1366/1599/1508 1452/1715/1594 1417/1650/1559 
f 1366/1599/1508 1371/1604/1513 1432/1677/1574 1452/1715/1594 
f 1385/1618/1527 1382/1615/1524 1452/1716/1594 1432/1674/1574 
f 1382/1615/1524 1381/1614/1523 1417/1653/1559 1452/1716/1594 
f 1376/1609/1518 1373/1606/1515 1453/1717/1595 1427/1668/1569 
f 1373/1606/1515 1372/1605/1514 1423/1659/1565 1453/1717/1595 
f 1389/1622/1531 1388/1621/1530 1453/1718/1595 1423/1663/1565 
f 1388/1621/1530 1387/1620/1529 1427/1666/1569 1453/1718/1595 
f 1378/1611/1520 1377/1610/1519 1454/1719/1596 1435/1683/1577 
f 1377/1610/1519 1376/1609/1518 1428/1670/1570 1454/1719/1596 
f 1398/1631/1540 1397/1630/1539 1454/1720/1596 1428/1667/1570 
f 1397/1630/1539 1396/1629/1538 1435/1680/1577 1454/1720/1596 
f 1380/1613/1522 1379/1612/1521 1455/1721/1597 1443/1698/1585 
f 1379/1612/1521 1378/1611/1520 1436/1685/1578 1455/1721/1597 
f 1407/1640/1549 1406/1639/1548 1455/1722/1597 1436/1723/1578 
f 1406/1639/1548 1405/1638/1547 1443/1696/1585 1455/1722/1597 
f 1372/1605/1514 1375/1608/1517 1456/1724/1598 1421/1657/1563 
f 1375/1608/1517 1380/1613/1522 1444/1700/1586 1456/1724/1598 
f 1416/1649/1558 1415/1648/1557 1456/1725/1598 1444/1697/1586 
f 1415/1648/1557 1414/1647/1556 1421/1660/1563 1456/1725/1598 
f 1387/1620/1529 1386/1619/1528 1457/1726/1599 1425/1664/1567 
f 1386/1619/1528 1385/1618/1527 1429/1671/1571 1457/1726/1599 
f 1390/1623/1532 1393/1626/1535 1457/1726/1599 1429/1671/1571 
f 1393/1626/1535 1398/1631/1540 1425/1664/1567 1457/1726/1599 
f 1381/1614/1523 1384/1617/1526 1458/1727/1600 1420/1654/1562 
f 1384/1617/1526 1389/1622/1531 1424/1661/1566 1458/1727/1600 
f 1414/1647/1556 1413/1646/1555 1458/1727/1600 1424/1661/1566 
f 1413/1646/1555 1412/1645/1554 1420/1654/1562 1458/1727/1600 
f 1396/1629/1538 1395/1628/1537 1459/1728/1601 1433/1678/1575 
f 1395/1628/1537 1394/1627/1536 1437/1687/1579 1459/1728/1601 
f 1399/1686/1541 1402/1729/1544 1459/1728/1601 1437/1687/1579 
f 1402/1729/1544 1407/1681/1549 1433/1678/1575 1459/1728/1601 
f 1405/1638/1547 1404/1637/1546 1460/1730/1602 1441/1694/1583 
f 1404/1637/1546 1403/1636/1545 1445/1701/1587 1460/1730/1602 
f 1408/1641/1550 1411/1644/1553 1460/1730/1602 1445/1701/1587 
f 1411/1644/1553 1416/1649/1558 1441/1694/1583 1460/1730/1602 
s 1
f 1461/1731/1603 1462/1732/1604 1463/1733/1605 1464/1734/1606 
f 1462/1735/1604 1465/1736/1607 1466/1737/1608 1463/1738/1605 
f 1467/1739/1609 1468/1740/1610 1463/1738/1605 1466/1737/1608 
f 1468/1740/1610 1469/1741/1611 1464/1734/1606 1463/1733/1605 
f 1470/1742/1612 1471/1743/1613 1472/1744/1614 1473/1745/1615 
f 1471/1743/1613 1474/1746/1616 1475/1747/1617 1472/1744/1614 
f 1476/1748/1618 1477/1749/1619 1472/1744/1614 1475/1747/1617 
f 1477/1749/1619 1478/1750/1620 1473/1745/1615 1472/1744/1614 
f 1461/1731/1603 1464/1734/1606 1479/1751/1621 1480/1752/1622 
f 1464/1734/1606 1469/1741/1611 1481/1753/1623 1479/1751/1621 
f 1474/1746/1616 1471/1743/1613 1479/1751/1621 1481/1753/1623 
f 1471/1743/1613 1470/1742/1612 1480/1752/1622 1479/1751/1621 
f 1469/1741/1611 1468/1740/1610 1482/1754/1624 1481/1753/1623 
f 1468/1740/1610 1467/1739/1609 1483/1755/1625 1482/1754/1624 
f 1476/1748/1618 1475/1747/1617 1482/1754/1624 1483/1755/1625 
f 1475/1747/1617 1474/1746/1616 1481/1753/1623 1482/1754/1624 
f 1467/1739/1609 1466/1737/1608 1484/1756/1626 1483/1755/1625 
f 1466/1737/1608 1465/1736/1607 1485/1757/1627 1486/1758/1628 1484/1756/1626 
f 1478/1750/1620 1477/1749/1619 1484/1756/1626 1486/1758/1628 1487/1759/1629 
f 1477/1749/1619 1476/1748/1618 1483/1755/1625 1484/1756/1626 
f 1465/1736/1607 1462/1735/1604 1488/1760/1630 1489/1761/1631 1485/1757/1627 
f 1462/1732/1604 1461/1731/1603 1480/1752/1622 1488/1762/1630 
f 1470/1763/1612 1473/1764/1615 1488/1765/1630 1480/1766/1622 
f 1473/1745/1615 1478/1750/1620 1487/1759/1629 1489/1761/1631 1488/1760/1630 
f 1490/1767/1632 1491/1768/1633 1492/1769/1634 1493/1770/1635 
f 1491/1771/1633 1494/1772/1636 1495/1773/1637 1492/1774/1634 
f 1496/1775/1638 1497/1776/1639 1492/1774/1634 1495/1773/1637 
f 1497/1776/1639 1498/1777/1640 1493/1770/1635 1492/1769/1634 
f 1499/1778/1641 1500/1779/1642 1501/1780/1643 1502/1781/1644 
f 1500/1779/1642 1503/1782/1645 1504/1783/1646 1501/1780/1643 
f 1505/1784/1647 1506/1785/1648 1501/1780/1643 1504/1783/1646 
f 1506/1785/1648 1507/1786/1649 1502/1781/1644 1501/1780/1643 
f 1490/1767/1632 1493/1770/1635 1508/1787/1650 1509/1788/1651 
f 1493/1770/1635 1498/1777/1640 1510/1789/1652 1508/1787/1650 
f 1503/1782/1645 1500/1779/1642 1508/1787/1650 1510/1789/1652 
f 1500/1779/1642 1499/1778/1641 1509/1788/1651 1508/1787/1650 
f 1498/1777/1640 1497/1776/1639 1511/1790/1653 1510/1789/1652 
f 1497/1776/1639 1496/1775/1638 1512/1791/1654 1511/1790/1653 
f 1505/1784/1647 1504/1783/1646 1511/1790/1653 1512/1791/1654 
f 1504/1783/1646 1503/1782/1645 1510/1789/1652 1511/1790/1653 
f 1496/1775/1638 1495/1773/1637 1513/1792/1655 1512/1791/1654 
f 1495/1773/1637 1494/1772/1636 1514/1793/1656 1513/1792/1655 
f 1507/1786/1649 1506/1785/1648 1513/1792/1655 1514/1793/1656 
f 1506/1785/1648 1505/1784/1647 1512/1791/1654 1513/1792/1655 
f 1494/1772/1636 1491/1771/1633 1515/1794/1657 1514/1793/1656 
f 1491/1768/1633 1490/1767/1632 1509/1788/1651 1515/1794/1657 
f 1499/1778/1641 1502/1781/1644 1515/1794/1657 1509/1788/1651 
f 1502/1781/1644 1507/1786/1649 1514/1793/1656 1515/1794/1657 
s 2
f 1516/1795/1658 1517/1796/1658 1518/1797/1658 1519/1798/1658 
s 4
f 1520/1799/1659 1521/1800/1659 1522/1801/1659 1523/1802/1659 
s 8
f 1516/1795/1660 1519/1798/1660 1521/1800/1660 1520/1799/1660 
s 16
f 1519/1803/1661 1518/1804/1661 1522/1801/1661 1521/1800/1661 
s 32
f 1518/1797/1662 1517/1796/1662 1523/1802/1662 1522/1801/1662 
s 64
f 1517/1796/1663 1516/1795/1663 1520/1805/1663 1523/1802/1663 
s 2
f 1524/1806/1664 1525/1807/1665 1526/1808/1665 1527/1809/1664 
s 4
f 1528/1810/1666 1529/1811/1666 1530/1812/1666 1531/1813/1666 
s 8
f 1524/1806/1667 1527/1809/1667 1529/1811/1667 1528/1810/1667 
s 16
f 1527/1814/1668 1526/1815/1669 1532/1816/1669 1530/1812/1668 1529/1811/1668 
s 2
f 19/19/19 14/14/14 11/11/11 13/13/13 
f 1533/1817/1670 33/33/33 35/35/35 1534/1818/1671 
f 86/86/86 34/34/34 33/33/33 1533/1817/1670 
f 1534/1818/1671 35/35/35 36/36/36 1535/1819/1672 
f 12/12/12 10/10/10 73/73/73 76/76/76 
f 75/75/75 74/74/74 77/77/77 80/80/80 
f 92/92/92 88/88/88 85/85/85 87/87/87 
f 79/79/79 78/78/78 91/91/91 93/93/93 
f 126/126/126 107/107/107 104/104/104 106/106/106 
f 210/1820/210 120/120/120 121/121/121 124/124/124 
f 123/123/123 122/122/122 125/125/125 127/127/127 
f 1536/1821/1673 137/137/137 139/139/139 1537/1822/1674 
f 1538/1823/1675 138/138/138 137/137/137 1536/1821/1673 
f 1539/1824/1676 149/152/149 151/154/151 1540/1825/1677 
f 1541/1826/1678 150/153/150 149/152/149 1539/1824/1676 
f 1542/1827/1679 155/158/155 150/153/150 1541/1826/1678 
f 1537/1822/1674 139/139/139 155/158/155 1542/1827/1679 
f 218/251/218 212/244/212 209/241/209 211/243/211 
f 232/269/232 220/253/220 217/250/217 219/252/219 
f 1540/1828/1677 151/263/151 227/264/227 230/267/230 
f 229/266/229 228/265/228 231/268/231 233/270/233 
s 32
f 569/1829/1680 568/1830/1680 574/1831/1680 573/1832/1680 
s 1
f 1034/1224/1150 1022/1209/1138 1018/1205/1134 1021/1208/1137 
f 1543/1833/1681 1026/1213/1142 1029/1216/1145 1544/1834/1682 
f 1037/1229/1153 1027/1214/1143 1026/1213/1142 1543/1833/1681 
f 1544/1834/1682 1029/1216/1145 1033/1226/1149 1035/1226/1151 
f 1020/1207/1136 1017/1204/1133 1036/1227/1152 1038/1835/1154 
f 1050/1836/1166 1049/1837/1165 1042/1234/1158 1041/1233/1157 
f 1065/1257/1181 1060/1252/1176 1052/1244/1168 1051/1243/1167 
f 1040/1838/1156 1039/1261/1155 1056/1248/1172 1055/1247/1171 
f 1073/1267/1189 1062/1254/1178 1061/1253/1177 1066/1258/1182 
f 1054/1246/1170 1053/1245/1169 1059/1251/1175 1068/1260/1184 
f 1048/1240/1164 1047/1239/1163 1072/1266/1188 1074/1268/1190 
f 1067/1259/1183 1064/1256/1180 1071/1265/1187 1075/1269/1191 
f 1098/1839/1208 1094/1840/1204 1076/1270/1192 1079/1273/1195 
f 1257/1469/1683 1163/1364/1290 1162/1363/1289 1545/1841/1683 
s 32
f 1201/1402/1328 1200/1401/1327 1255/1467/1382 1546/1842/1684 
f 1547/1843/1685 1194/1395/1321 1247/1457/1374 1548/1844/1685 
f 1549/1845/1686 1207/1408/1334 1206/1407/1333 1272/1494/1687 
f 1252/1846/1379 1233/1434/1360 1232/1433/1359 1251/1463/1378 
f 1254/1847/1381 1237/1442/1364 1236/1441/1363 1249/1461/1376 
s 1
f 1268/1848/1406 1246/1456/1405 1194/1395/1688 1547/1843/1689 
s 32
f 1545/1841/1690 1162/1363/1386 1207/1408/1334 1549/1845/1686 
f 1550/1849/1691 1531/1813/1692 1530/1812/1692 1532/1850/1691 
s 64
f 1525/1807/1693 1524/1806/1694 1528/1851/1694 1531/1852/1694 1550/1853/1693 
s 2
f 1551/1854/1695 1552/1855/1696 1553/1856/1697 1554/1857/1698 
f 1554/1857/1698 1553/1856/1697 1555/1858/1699 1556/1859/1700 
f 1557/1860/1701 1555/1858/1699 1553/1856/1697 1558/1861/1702 
f 1558/1861/1702 1553/1856/1697 1552/1855/1696 1559/1862/1703 
f 1556/1859/1700 1555/1858/1699 1560/1863/1704 1561/1864/1705 
f 1561/1864/1705 1560/1863/1704 13/13/13 12/12/12 
f 1562/1865/1706 1560/1863/1704 1555/1858/1699 1557/1860/1701 
f 1559/1862/1703 1563/1866/1707 1564/1867/1708 1558/1861/1702 
f 1558/1861/1702 1564/1867/1708 1565/1868/1709 1557/1860/1701 
f 1557/1860/1701 1565/1868/1709 1566/1869/1710 1562/1865/1706 
f 1562/1865/1706 1566/1869/1710 20/20/20 19/19/19 
f 1567/1870/1711 1568/1871/1712 1569/1872/1713 1570/1873/1714 
f 1570/1873/1714 1569/1872/1713 1571/1874/1715 1572/1875/1716 
f 1573/1876/1717 1571/1874/1715 1569/1872/1713 1574/1877/1718 
f 1574/1877/1718 1569/1872/1713 1568/1871/1712 1575/1878/1719 
f 1572/1875/1716 1571/1874/1715 1576/1879/1720 1577/1880/1721 
f 1578/1881/1722 1576/1879/1720 1571/1874/1715 1573/1876/1717 
f 1575/1878/1719 1579/1882/1723 1580/1883/1724 1574/1877/1718 
f 1574/1877/1718 1580/1883/1724 1581/1884/1725 1573/1876/1717 
f 1573/1876/1717 1581/1884/1725 1582/1885/1726 1578/1881/1722 
f 1551/1854/1695 1583/1886/1727 1584/1887/1728 1552/1855/1696 
f 1552/1855/1696 1584/1887/1728 1585/1888/1729 1559/1862/1703 
f 1586/1889/1730 1585/1888/1729 1584/1887/1728 1587/1890/1731 
f 1587/1890/1731 1584/1887/1728 1583/1886/1727 1588/1891/1732 
f 1559/1862/1703 1585/1888/1729 1589/1892/1733 1563/1866/1707 
f 1590/1893/1734 1589/1892/1733 1585/1888/1729 1586/1889/1730 
f 1588/1891/1732 1591/1894/1735 1592/1895/1736 1587/1890/1731 
f 1587/1890/1731 1592/1895/1736 1593/1896/1737 1586/1889/1730 
f 1594/1897/1738 1593/1896/1737 1592/1895/1736 1595/1898/1739 
f 1595/1898/1739 1592/1895/1736 1591/1894/1735 1596/1899/1740 
f 1586/1889/1730 1593/1896/1737 1597/1900/1741 1590/1893/1734 
f 1598/1901/1742 1597/1900/1741 1593/1896/1737 1594/1897/1738 
f 1572/1875/1716 1599/1902/1743 1600/1903/1744 1570/1873/1714 
f 1570/1873/1714 1600/1903/1744 1601/1904/1745 1567/1870/1711 
f 1602/1905/1746 1601/1904/1745 1600/1903/1744 1603/1906/1747 
f 1603/1906/1747 1600/1903/1744 1599/1902/1743 1604/1907/1748 
f 1604/1907/1748 1605/1908/1749 1606/1909/1750 1603/1906/1747 
f 1603/1906/1747 1606/1909/1750 1607/1910/1751 1602/1905/1746 
f 1596/1899/1740 1607/1910/1751 1606/1909/1750 1595/1898/1739 
f 1595/1898/1739 1606/1909/1750 1605/1908/1749 1594/1897/1738 
f 1577/1880/1721 1608/1911/1752 1599/1902/1743 1572/1875/1716 
f 1604/1907/1748 1599/1902/1743 1608/1911/1752 1609/1912/1753 
f 1609/1912/1753 1610/1913/1754 1605/1908/1749 1604/1907/1748 
f 1594/1897/1738 1605/1908/1749 1610/1913/1754 1598/1901/1742 
f 1556/1859/1700 1611/1914/1755 1612/1915/1756 1554/1857/1698 
f 1554/1857/1698 1612/1915/1756 1583/1886/1727 1551/1854/1695 
f 1588/1891/1732 1583/1886/1727 1612/1915/1756 1613/1916/1757 
f 1613/1916/1757 1612/1915/1756 1611/1914/1755 1614/1917/1758 
f 1614/1917/1758 1615/1918/1759 1616/1919/1760 1613/1916/1757 
f 1613/1916/1757 1616/1919/1760 1591/1894/1735 1588/1891/1732 
f 1596/1899/1740 1591/1894/1735 1616/1919/1760 1617/1920/1761 
f 1617/1920/1761 1616/1919/1760 1615/1918/1759 1618/1921/1762 
f 1561/1864/1705 1619/1922/1763 1611/1914/1755 1556/1859/1700 
f 1614/1917/1758 1611/1914/1755 1619/1922/1763 1620/1923/1764 
f 1620/1923/1764 1619/1922/1763 76/76/76 75/75/75 
f 1620/1923/1764 1621/1924/1765 1615/1918/1759 1614/1917/1758 
f 1618/1921/1762 1615/1918/1759 1621/1924/1765 1622/1925/1766 
f 1622/1925/1766 1621/1924/1765 80/80/80 79/79/79 
f 1567/1870/1711 1601/1904/1745 1623/1926/1767 1568/1871/1712 
f 1568/1871/1712 1623/1926/1767 1624/1927/1768 1575/1878/1719 
f 1625/1928/1769 1624/1927/1768 1623/1926/1767 1626/1929/1770 
f 1626/1929/1770 1623/1926/1767 1601/1904/1745 1602/1905/1746 
f 1575/1878/1719 1624/1927/1768 1627/1930/1771 1579/1882/1723 
f 1579/1882/1723 1627/1930/1771 87/87/87 86/86/86 
f 1628/1931/1772 1627/1930/1771 1624/1927/1768 1625/1928/1769 
f 1602/1905/1746 1607/1910/1751 1629/1932/1773 1626/1929/1770 
f 1626/1929/1770 1629/1932/1773 1630/1933/1774 1625/1928/1769 
f 1618/1921/1762 1630/1933/1774 1629/1932/1773 1617/1920/1761 
f 1617/1920/1761 1629/1932/1773 1607/1910/1751 1596/1899/1740 
f 1625/1928/1769 1630/1933/1774 1631/1934/1775 1628/1931/1772 
f 1628/1931/1772 1631/1934/1775 93/93/93 92/92/92 
f 1622/1925/1766 1631/1934/1775 1630/1933/1774 1618/1921/1762 
f 1632/1935/1776 1633/1936/1777 1634/1937/1778 1635/1938/1779 
f 1635/1938/1779 1634/1937/1778 1636/1939/1780 1637/1940/1781 
f 1638/1941/1782 1636/1939/1780 1634/1937/1778 1639/1942/1783 
f 1639/1942/1783 1634/1937/1778 1633/1936/1777 1640/1943/1784 
f 1637/1940/1781 1636/1939/1780 1641/1944/1785 1642/1945/1786 
f 1642/1945/1786 1641/1944/1785 106/106/106 105/105/105 
f 1643/1946/1787 1641/1944/1785 1636/1939/1780 1638/1941/1782 
f 1644/1947/1788 1645/1948/1789 1646/1949/1790 1647/1950/1791 
f 1647/1950/1791 1646/1949/1790 1648/1951/1792 1649/1952/1793 
f 1650/1953/1794 1648/1951/1792 1646/1949/1790 1651/1954/1795 
f 1651/1954/1795 1646/1949/1790 1645/1948/1789 1652/1955/1796 
f 1652/1955/1796 1653/1956/1797 1654/1957/1798 1651/1954/1795 
f 1651/1954/1795 1654/1957/1798 1655/1958/1799 1650/1953/1794 
f 1640/1943/1784 1655/1958/1799 1654/1957/1798 1639/1942/1783 
f 1639/1942/1783 1654/1957/1798 1653/1956/1797 1638/1941/1782 
f 1656/1959/1800 1657/1960/1801 1645/1948/1789 1644/1947/1788 
f 1652/1955/1796 1645/1948/1789 1657/1960/1801 1658/1961/1802 
f 1658/1961/1802 1657/1960/1801 124/124/124 123/123/123 
f 1658/1961/1802 1659/1962/1803 1653/1956/1797 1652/1955/1796 
f 1638/1941/1782 1653/1956/1797 1659/1962/1803 1643/1946/1787 
f 1643/1946/1787 1659/1962/1803 127/127/127 126/126/126 
f 1660/1963/1804 1661/1964/1805 1662/1965/1806 1663/1966/1807 
f 1663/1966/1807 1662/1965/1806 1664/1967/1808 1665/1968/1809 
f 1666/1969/1810 1664/1967/1808 1662/1965/1806 1667/1970/1811 
f 1667/1970/1811 1662/1965/1806 1661/1964/1805 1668/1971/1812 
f 1668/1971/1812 1669/1972/1813 1670/1973/1814 1667/1970/1811 
f 1667/1970/1811 1670/1973/1814 1671/1974/1815 1666/1969/1810 
f 1672/1975/1816 1673/1976/1817 1674/1977/1818 1675/1978/1819 
f 1675/1979/1819 1674/1980/1818 1676/1981/1820 1677/1982/1821 
f 1678/1983/1822 1676/1984/1820 1674/1977/1818 1679/1985/1823 
f 1679/1985/1823 1674/1977/1818 1673/1976/1817 1680/1986/1824 
f 1680/1986/1824 1681/1987/1825 1682/1988/1826 1679/1985/1823 
f 1679/1985/1823 1682/1988/1826 1683/1989/1827 1678/1983/1822 
f 1665/1968/1809 1664/1967/1808 1684/1990/1828 1685/1991/1829 
f 1685/1991/1829 1684/1990/1828 1673/1976/1817 1672/1975/1816 
f 1680/1986/1824 1673/1976/1817 1684/1990/1828 1686/1992/1830 
f 1686/1992/1830 1684/1990/1828 1664/1967/1808 1666/1969/1810 
f 1666/1969/1810 1671/1974/1815 1687/1993/1831 1686/1992/1830 
f 1686/1992/1830 1687/1993/1831 1681/1987/1825 1680/1986/1824 
f 1632/1935/1776 1688/1994/1832 1689/1995/1833 1633/1936/1777 
f 1633/1936/1777 1689/1995/1833 1690/1996/1834 1640/1943/1784 
f 1691/1997/1835 1690/1996/1834 1689/1995/1833 1692/1998/1836 
f 1692/1998/1836 1689/1995/1833 1688/1994/1832 1693/1999/1837 
f 1693/2000/1837 1694/2001/1838 1695/2002/1839 1692/2003/1836 
f 1692/1998/1836 1695/2004/1839 1696/2005/1840 1691/1997/1835 
f 1697/2006/1841 1696/2005/1840 1695/2004/1839 1698/2007/1842 
f 1698/2008/1842 1695/2002/1839 1694/2001/1838 1699/2009/1843 
f 1650/1953/1794 1700/2010/1844 1701/2011/1845 1648/1951/1792 
f 1648/1951/1792 1701/2011/1845 1702/2012/1846 1649/1952/1793 
f 1703/2013/1847 1702/2012/1846 1701/2011/1845 1704/2014/1848 
f 1704/2014/1848 1701/2011/1845 1700/2010/1844 1705/2015/1849 
f 1705/2015/1849 1706/2016/1850 1707/2017/1851 1704/2014/1848 
f 1704/2014/1848 1707/2017/1851 1708/2018/1852 1703/2013/1847 
f 1709/2019/1853 1708/2018/1852 1707/2017/1851 1710/2020/1854 
f 1710/2020/1854 1707/2017/1851 1706/2016/1850 1711/2021/1855 
f 1640/1943/1784 1690/1996/1834 1712/2022/1856 1655/1958/1799 
f 1655/1958/1799 1712/2022/1856 1700/2010/1844 1650/1953/1794 
f 1705/2015/1849 1700/2010/1844 1712/2022/1856 1713/2023/1857 
f 1713/2023/1857 1712/2022/1856 1690/1996/1834 1691/1997/1835 
f 1691/1997/1835 1696/2005/1840 1714/2024/1858 1713/2023/1857 
f 1713/2023/1857 1714/2024/1858 1706/2016/1850 1705/2015/1849 
f 1711/2021/1855 1706/2016/1850 1714/2024/1858 1715/2025/1859 
f 1715/2025/1859 1714/2024/1858 1696/2005/1840 1697/2006/1841 
f 1677/1982/1821 1716/2026/1860 1717/2027/1861 1675/1979/1819 
f 1675/1979/1819 1717/2027/1861 1718/2028/1862 1672/2029/1816 
f 1719/2030/1863 1718/2031/1862 1717/2032/1861 1720/2033/1864 
f 1720/2034/1864 1717/2035/1861 1716/2036/1860 1721/2037/1865 
f 1672/2029/1816 1718/2028/1862 1722/2038/1866 1685/2039/1829 
f 1685/2040/1829 1722/2041/1866 1723/2042/1867 1665/2043/1809 
f 1724/2044/1868 1723/2042/1867 1722/2041/1866 1725/2045/1869 
f 1725/2045/1869 1722/2041/1866 1718/2031/1862 1719/2030/1863 
f 1721/2037/1865 1726/2046/1870 1727/2047/1871 1720/2034/1864 
f 1720/2033/1864 1727/2048/1871 1728/2049/1872 1719/2030/1863 
f 1711/2021/1855 1728/2049/1872 1727/2048/1871 1710/2020/1854 
f 1710/2050/1854 1727/2047/1871 1726/2046/1870 1709/2051/1853 
f 1719/2030/1863 1728/2049/1872 1729/2052/1873 1725/2045/1869 
f 1725/2045/1869 1729/2052/1873 1730/2053/1874 1724/2044/1868 
f 1697/2006/1841 1730/2053/1874 1729/2052/1873 1715/2025/1859 
f 1715/2025/1859 1729/2052/1873 1728/2049/1872 1711/2021/1855 
f 1665/2043/1809 1723/2042/1867 1731/2054/1875 1663/2055/1807 
f 1663/2056/1807 1731/2057/1875 1732/2058/1876 1660/2059/1804 
f 1733/2060/1877 1732/2058/1876 1731/2057/1875 1734/2061/1878 
f 1734/2062/1878 1731/2054/1875 1723/2042/1867 1724/2044/1868 
f 1724/2044/1868 1730/2053/1874 1735/2063/1879 1734/2062/1878 
f 1734/2061/1878 1735/2064/1879 1736/2065/1880 1733/2060/1877 
f 1699/2009/1843 1736/2065/1880 1735/2064/1879 1698/2008/1842 
f 1698/2007/1842 1735/2063/1879 1730/2053/1874 1697/2006/1841 
f 1649/2066/1793 1702/2067/1846 1737/2068/1881 1647/2069/1791 
f 1647/2069/1791 1737/2068/1881 1738/2070/1882 1644/2071/1788 
f 1739/2072/1883 1738/2070/1882 1737/2068/1881 1740/2073/1884 
f 1740/2073/1884 1737/2068/1881 1702/2067/1846 1703/2074/1847 
f 1644/2071/1788 1738/2070/1882 1741/2075/1885 1656/2076/1800 
f 1656/2076/1800 1741/2075/1885 211/243/211 210/242/210 
f 1742/2077/1886 1741/2075/1885 1738/2070/1882 1739/2072/1883 
f 1703/2074/1847 1708/2078/1852 1743/2079/1887 1740/2073/1884 
f 1740/2073/1884 1743/2079/1887 1744/2080/1888 1739/2072/1883 
f 1745/2081/1889 1744/2080/1888 1743/2079/1887 1746/2082/1890 
f 1746/2082/1890 1743/2079/1887 1708/2078/1852 1709/2051/1853 
f 1739/2072/1883 1744/2080/1888 1747/2083/1891 1742/2077/1886 
f 1742/2077/1886 1747/2083/1891 219/252/219 218/251/218 
f 1748/2084/1892 1747/2083/1891 1744/2080/1888 1745/2081/1889 
f 1678/2085/1822 1749/2086/1893 1750/2087/1894 1676/2088/1820 
f 1676/2088/1820 1750/2087/1894 1716/2036/1860 1677/2089/1821 
f 1721/2037/1865 1716/2036/1860 1750/2087/1894 1751/2090/1895 
f 1751/2090/1895 1750/2087/1894 1749/2086/1893 1752/2091/1896 
f 1752/2091/1896 1753/2092/1897 1754/2093/1898 1751/2090/1895 
f 1751/2090/1895 1754/2093/1898 1726/2046/1870 1721/2037/1865 
f 1709/2051/1853 1726/2046/1870 1754/2093/1898 1746/2082/1890 
f 1746/2082/1890 1754/2093/1898 1753/2092/1897 1745/2081/1889 
f 1683/2094/1827 1755/2095/1899 1749/2086/1893 1678/2085/1822 
f 1752/2091/1896 1749/2086/1893 1755/2095/1899 1756/2096/1900 
f 1756/2096/1900 1755/2095/1899 230/267/230 229/266/229 
f 1756/2096/1900 1757/2097/1901 1753/2092/1897 1752/2091/1896 
f 1745/2081/1889 1753/2092/1897 1757/2097/1901 1748/2084/1892 
f 1748/2084/1892 1757/2097/1901 233/270/233 232/269/232 
s 1
f 1758/2098/1902 1759/2099/1903 1760/2100/1904 1761/2101/1905 
f 1762/2102/1906 1763/2103/1907 1764/2104/1908 1765/2105/1909 
s 2
f 1766/2106/1910 1767/2107/1911 1768/2108/1912 1769/2109/1913 
s 4
f 1770/2110/1914 1771/2111/1915 1772/2112/1916 1773/2113/1917 
s 2
f 1774/2114/1918 1775/2115/1919 1776/2116/1920 1777/2117/1921 
s 4
f 1778/2118/1922 1779/2119/1923 1780/2120/1924 1781/2121/1925 
f 1781/2121/1925 1780/2120/1924 1782/2122/1926 1783/2123/1927 
s 1
f 1784/2124/1928 1785/2125/1929 1786/2126/1930 1787/2127/1931 
f 1788/2128/1932 1789/2129/1933 1790/2130/1934 1791/2131/1935 
s 2
f 1792/2132/1936 1793/2133/1937 1794/2134/1938 1795/2135/1939 
f 1796/2136/1940 1797/2137/1941 1798/2138/1942 1799/2139/1943 
f 1799/2139/1943 1798/2138/1942 1800/2140/1944 1801/2141/1945 
s 4
f 1802/2142/1946 1803/2143/1947 1804/2144/1948 1783/2123/1927 1782/2122/1926 
s 2
f 1805/2145/1949 1806/2146/1950 1807/2147/1951 1808/2148/1952 
s 4
f 1809/2149/1953 1810/2150/1954 1811/2151/1955 1812/2152/1956 
f 1812/2152/1956 1811/2151/1955 1813/2153/1957 1814/2154/1958 
f 1814/2154/1958 1813/2153/1957 1815/2155/1959 1816/2156/1960 
f 1816/2156/1960 1815/2155/1959 1810/2150/1954 1809/2149/1953 
s 8
f 1817/2157/1961 1818/2158/1962 1819/2159/1963 1820/2160/1964 
f 1820/2160/1964 1819/2159/1963 1821/2161/1965 1822/2162/1966 
s 4
f 1823/2163/1967 1824/2164/1968 1825/2165/1969 1826/2166/1970 1827/2167/1971 1828/2168/1972 
f 1829/2169/1973 1779/2119/1923 1778/2118/1922 1804/2144/1948 1803/2143/1947 
s 8
f 1819/2159/1963 1830/2170/1974 1831/2171/1975 1821/2161/1965 
s 2
f 1797/2137/1941 1832/2172/1976 1833/2173/1977 1798/2138/1942 
s 8
f 1834/2174/1978 1835/2175/1979 1836/2176/1980 1837/2177/1981 
s 4
f 1838/2178/1982 1839/2179/1983 1840/2180/1984 1841/2181/1985 
f 1842/2182/1986 1843/2183/1987 1844/2184/1988 1845/2185/1989 
f 1846/2186/1990 1847/2187/1991 1848/2188/1992 1849/2189/1993 
s 1
f 1850/2190/1994 1851/2191/1995 1852/2192/1996 1853/2193/1997 
f 1758/2098/1902 1854/2194/1998 1855/2195/1999 1856/2196/2000 
f 1761/2101/1905 1857/2197/2001 1858/2198/2002 1859/2199/2003 
f 1760/2100/1904 1860/2200/2004 1861/2201/2005 1862/2202/2006 
f 1759/2099/1903 1863/2203/2007 1864/2204/2008 1865/2205/2009 
f 1762/2102/1906 1866/2206/2010 1867/2207/2011 1868/2208/2012 
f 1765/2105/1909 1869/2209/2013 1870/2210/2014 1871/2211/2015 
f 1764/2104/1908 1872/2212/2016 1873/2213/2017 1874/2214/2018 
f 1763/2103/1907 1875/2215/2019 1876/2216/2020 1877/2217/2021 
s 2
f 1766/2106/1910 1856/2196/2022 1855/2195/2023 1878/2218/2024 
f 1769/2109/1913 1879/2219/2025 1864/2204/2026 1863/2203/2027 
f 1768/2108/1912 1871/2211/2028 1870/2210/2029 1880/2220/2030 
f 1767/2107/1911 1881/2221/2031 1867/2207/2032 1866/2206/2033 
s 4
f 1770/2110/1914 1882/2222/2034 1883/2223/2035 1884/2224/2036 
f 1773/2113/1917 1885/2225/2037 1886/2226/2038 1887/2227/2039 
f 1772/2112/1916 1888/2228/2040 1889/2229/2041 1890/2230/2042 
f 1771/2111/1915 1891/2231/2043 1892/2232/2044 1893/2233/2045 
s 2
f 1774/2114/1918 1862/2234/2046 1861/2235/2047 1894/2236/2048 
f 1777/2237/1921 1895/2238/2049 1858/2198/2050 1857/2197/2051 
f 1776/2239/1920 1877/2240/2052 1876/2241/2053 1896/2242/2054 
f 1775/2115/1919 1897/2243/2055 1873/2244/2056 1872/2245/2057 
s 1
f 1784/2124/1928 1898/2246/2058 1899/2247/2059 1900/2248/2060 
f 1787/2127/1931 1901/2249/2061 1902/2250/2062 1903/2251/2063 
f 1786/2252/1930 1904/2253/2064 1905/2254/2065 1906/2255/2066 
f 1785/2256/1929 1907/2257/2067 1908/2258/2068 1909/2259/2069 
f 1788/2260/1932 1910/2261/2070 1911/2262/2071 1912/2263/2072 
f 1791/2264/1935 1913/2265/2073 1914/2266/2074 1915/2267/2075 
f 1790/2130/1934 1916/2268/2076 1917/2269/2077 1918/2270/2078 
f 1789/2271/1933 1919/2272/2079 1920/2273/2080 1921/2274/2081 
s 2
f 1792/2275/1936 1922/2276/2082 1914/2266/2083 1913/2265/2084 
f 1795/2277/1939 1923/2278/2085 1924/2279/2086 1925/2280/2087 
f 1794/2134/1938 1926/2281/2088 1927/2282/2089 1928/2283/2090 
f 1793/2133/1937 1918/2270/2091 1917/2269/2092 1929/2284/2093 
f 1796/2136/1940 1930/2285/2094 1931/2286/2095 1932/2287/2096 
f 1801/2141/1945 1912/2263/2097 1911/2262/2098 1933/2288/2099 
f 1800/2140/1944 1934/2289/2100 1920/2273/2101 1919/2272/2102 
f 1805/2145/1949 1935/2290/2103 1936/2291/2104 1937/2292/2105 
f 1808/2148/1952 1938/2293/2106 1939/2294/2107 1940/2295/2108 
f 1807/2147/1951 1903/2251/2109 1902/2250/2110 1941/2296/2111 
f 1806/2146/1950 1942/2297/2112 1899/2247/2113 1898/2246/2114 
s 8
f 1817/2298/1961 1943/2299/2115 1924/2279/2116 1923/2278/2117 
f 1818/2158/1962 1928/2283/2118 1927/2282/2119 1944/2300/2120 
f 1822/2301/1966 1932/2287/2121 1931/2286/2122 1945/2302/2123 
s 4
f 1823/2163/1967 1946/2303/2124 1936/2291/2125 1935/2290/2126 
f 1828/2304/1972 1947/2305/2127 1948/2306/2128 1949/2307/2129 
f 1827/2308/1971 1921/2274/2130 1920/2273/2131 1934/2289/2132 
f 1826/2166/1970 1929/2284/2133 1917/2269/2134 1916/2268/2135 
f 1825/2165/1969 1944/2300/2136 1927/2282/2137 1926/2281/2138 
f 1824/2164/1968 1940/2295/2139 1939/2294/2140 1950/2309/2141 
s 8
f 1831/2310/1975 1906/2255/2142 1905/2254/2143 1951/2311/2144 
f 1830/2170/1974 1941/2296/2145 1902/2250/2146 1901/2249/2147 
s 2
f 1833/2173/1977 1909/2259/2148 1908/2258/2149 1952/2312/2150 
f 1832/2172/1976 1951/2311/2151 1905/2254/2152 1904/2253/2153 
s 8
f 1834/2313/1978 1949/2307/2154 1948/2306/2155 1953/2314/2156 
f 1837/2177/1981 1937/2292/2157 1936/2291/2158 1946/2303/2159 
f 1836/2176/1980 1900/2248/2160 1899/2247/2161 1942/2297/2162 
f 1835/2315/1979 1952/2312/2163 1908/2258/2164 1907/2257/2165 
s 4
f 1838/2178/1982 1954/2316/2166 1955/2317/2167 1956/2318/2168 
f 1841/2319/1985 1957/2320/2169 1958/2321/2170 1959/2322/2171 
f 1840/2323/1984 1887/2324/2039 1886/2325/2038 1960/2326/2172 
f 1839/2179/1983 1961/2327/2173 1883/2223/2035 1882/2222/2034 
f 1842/2182/1986 1962/2328/2174 1958/2321/2170 1957/2320/2169 
f 1845/2185/1989 1963/2329/2175 1964/2330/2176 1965/2331/2177 
f 1844/2184/1988 1890/2332/2042 1889/2333/2041 1966/2334/2178 
f 1843/2183/1987 1960/2326/2172 1886/2325/2038 1885/2335/2037 
f 1846/2336/1990 1967/2337/2179 1964/2338/2176 1963/2339/2175 
f 1849/2189/1993 1968/2340/2180 1969/2341/2181 1970/2342/2182 
f 1848/2188/1992 1893/2233/2045 1892/2232/2044 1971/2343/2183 
f 1847/2187/1991 1966/2344/2178 1889/2229/2041 1888/2228/2040 
s 1
f 1850/2190/1994 1972/2345/2184 1969/2341/2185 1968/2340/2186 
f 1853/2193/1997 1956/2318/2187 1955/2317/2188 1973/2346/2189 
f 1852/2192/1996 1884/2224/2190 1883/2223/2191 1961/2327/2192 
f 1851/2191/1995 1971/2343/2193 1892/2232/2194 1891/2231/2195 
f 1761/2101/1905 1859/2199/2003 1854/2194/1998 1758/2098/1902 
f 1760/2100/1904 1862/2202/2006 1857/2197/2001 1761/2101/1905 
f 1759/2099/1903 1865/2205/2009 1860/2200/2004 1760/2100/1904 
f 1758/2098/1902 1856/2196/2000 1863/2203/2007 1759/2099/1903 
f 1765/2105/1909 1871/2211/2015 1866/2206/2010 1762/2102/1906 
f 1764/2104/1908 1874/2214/2018 1869/2209/2013 1765/2105/1909 
f 1763/2103/1907 1877/2217/2021 1872/2212/2016 1764/2104/1908 
f 1762/2102/1906 1868/2208/2012 1875/2215/2019 1763/2103/1907 
s 2
f 1769/2109/1913 1863/2203/2027 1856/2196/2022 1766/2106/1910 
f 1768/2108/1912 1880/2220/2030 1879/2219/2025 1769/2109/1913 
f 1767/2107/1911 1866/2206/2033 1871/2211/2028 1768/2108/1912 
f 1766/2106/1910 1878/2218/2024 1881/2221/2031 1767/2107/1911 
s 4
f 1773/2113/1917 1887/2227/2039 1882/2222/2034 1770/2110/1914 
f 1772/2112/1916 1890/2230/2042 1885/2225/2037 1773/2113/1917 
f 1771/2111/1915 1893/2233/2045 1888/2228/2040 1772/2112/1916 
f 1770/2110/1914 1884/2224/2036 1891/2231/2043 1771/2111/1915 
s 2
f 1777/2117/1921 1857/2347/2051 1862/2234/2046 1774/2114/1918 
f 1776/2348/1920 1896/2349/2054 1895/2238/2049 1777/2237/1921 
f 1775/2115/1919 1872/2245/2057 1877/2350/2052 1776/2116/1920 
f 1774/2114/1918 1894/2236/2048 1897/2243/2055 1775/2115/1919 
s 4
f 1781/2121/1925 1854/2194/2196 1859/2199/2197 1778/2118/1922 
f 1779/2119/1923 1910/2261/2198 1915/2267/2199 1780/2120/1924 
f 1783/2123/1927 1881/2221/2200 1878/2218/2201 1781/2121/1925 
f 1780/2120/1924 1922/2276/2202 1925/2280/2203 1782/2122/1926 
s 1
f 1787/2127/1931 1903/2251/2063 1898/2246/2058 1784/2124/1928 
f 1786/2126/1930 1906/2351/2066 1901/2249/2061 1787/2127/1931 
f 1785/2256/1929 1909/2259/2069 1904/2253/2064 1786/2252/1930 
f 1784/2124/1928 1900/2248/2060 1907/2352/2067 1785/2125/1929 
f 1791/2264/1935 1915/2267/2075 1910/2261/2070 1788/2260/1932 
f 1790/2130/1934 1918/2270/2078 1913/2353/2073 1791/2131/1935 
f 1789/2129/1933 1921/2354/2081 1916/2268/2076 1790/2130/1934 
f 1788/2260/1932 1912/2263/2072 1919/2272/2079 1789/2271/1933 
s 2
f 1795/2277/1939 1925/2280/2087 1922/2276/2082 1792/2275/1936 
f 1794/2134/1938 1928/2283/2090 1923/2355/2085 1795/2135/1939 
f 1793/2133/1937 1929/2284/2093 1926/2281/2088 1794/2134/1938 
f 1792/2132/1936 1913/2353/2084 1918/2270/2091 1793/2133/1937 
f 1799/2139/1943 1974/2356/2204 1930/2285/2094 1796/2136/1940 
f 1796/2136/1940 1932/2287/2096 1975/2357/2205 1797/2137/1941 
f 1801/2141/1945 1933/2288/2099 1974/2356/2204 1799/2139/1943 
f 1800/2140/1944 1919/2272/2102 1912/2263/2097 1801/2141/1945 
f 1798/2138/1942 1947/2305/2206 1934/2289/2100 1800/2140/1944 
s 4
f 1782/2122/1926 1943/2299/2207 1976/2358/2208 1802/2142/1946 
f 1804/2144/1948 1875/2215/2209 1868/2208/2210 1783/2123/1927 
f 1802/2142/1946 1976/2358/2208 1945/2302/2211 1803/2143/1947 
s 2
f 1808/2148/1952 1940/2295/2108 1935/2290/2103 1805/2145/1949 
f 1807/2147/1951 1941/2296/2111 1938/2293/2106 1808/2148/1952 
f 1806/2146/1950 1898/2246/2114 1903/2251/2109 1807/2147/1951 
f 1805/2145/1949 1937/2292/2105 1942/2297/2112 1806/2146/1950 
s 4
f 1812/2152/1956 1860/2359/2212 1865/2360/2213 1809/2149/1953 
f 1810/2150/1954 1954/2316/2166 1959/2361/2171 1811/2151/1955 
f 1814/2362/1958 1897/2243/2214 1894/2236/2215 1812/2363/1956 
f 1811/2151/1955 1962/2364/2174 1965/2365/2177 1813/2153/1957 
f 1816/2156/1960 1869/2366/2216 1874/2367/2217 1814/2154/1958 
f 1813/2153/1957 1967/2368/2179 1970/2342/2182 1815/2155/1959 
f 1809/2149/1953 1879/2369/2218 1880/2370/2219 1816/2156/1960 
f 1815/2155/1959 1972/2345/2220 1973/2346/2221 1810/2150/1954 
s 8
f 1820/2371/1964 1976/2358/2222 1943/2299/2115 1817/2298/1961 
f 1818/2158/1962 1944/2300/2120 1950/2309/2223 1819/2159/1963 
f 1817/2157/1961 1923/2355/2117 1928/2283/2118 1818/2158/1962 
f 1822/2301/1966 1945/2302/2123 1976/2358/2222 1820/2371/1964 
f 1821/2372/1965 1975/2357/2224 1932/2287/2121 1822/2301/1966 
s 4
f 1828/2168/1972 1949/2373/2129 1946/2303/2124 1823/2163/1967 
f 1827/2308/1971 1934/2289/2132 1947/2305/2127 1828/2304/1972 
f 1826/2166/1970 1916/2268/2135 1921/2354/2130 1827/2167/1971 
f 1825/2165/1969 1926/2281/2138 1929/2284/2133 1826/2166/1970 
f 1824/2164/1968 1950/2309/2141 1944/2300/2136 1825/2165/1969 
f 1823/2163/1967 1935/2290/2126 1940/2295/2139 1824/2164/1968 
f 1803/2143/1947 1930/2285/2225 1974/2356/2226 1829/2169/1973 
f 1778/2118/1922 1895/2238/2227 1896/2349/2228 1804/2144/1948 
f 1829/2169/1973 1974/2356/2226 1933/2288/2229 1779/2119/1923 
s 8
f 1831/2310/1975 1951/2311/2144 1975/2357/2224 1821/2372/1965 
f 1830/2170/1974 1901/2249/2147 1906/2351/2142 1831/2171/1975 
f 1819/2159/1963 1938/2293/2230 1941/2296/2145 1830/2170/1974 
s 2
f 1833/2173/1977 1952/2312/2150 1953/2314/2231 1798/2138/1942 
f 1832/2172/1976 1904/2253/2153 1909/2259/2148 1833/2173/1977 
f 1797/2137/1941 1975/2357/2205 1951/2311/2151 1832/2172/1976 
s 8
f 1837/2177/1981 1946/2303/2159 1949/2373/2154 1834/2174/1978 
f 1836/2176/1980 1942/2297/2162 1937/2292/2157 1837/2177/1981 
f 1835/2175/1979 1907/2352/2165 1900/2248/2160 1836/2176/1980 
f 1834/2313/1978 1953/2314/2156 1952/2312/2163 1835/2315/1979 
s 4
f 1841/2181/1985 1959/2361/2171 1954/2316/2166 1838/2178/1982 
f 1840/2323/1984 1960/2326/2172 1957/2320/2169 1841/2319/1985 
f 1839/2179/1983 1882/2222/2034 1887/2227/2039 1840/2180/1984 
f 1838/2178/1982 1956/2318/2168 1961/2327/2173 1839/2179/1983 
f 1845/2185/1989 1965/2331/2177 1962/2328/2174 1842/2182/1986 
f 1844/2184/1988 1966/2334/2178 1963/2329/2175 1845/2185/1989 
f 1843/2183/1987 1885/2335/2037 1890/2332/2042 1844/2184/1988 
f 1842/2182/1986 1957/2320/2169 1960/2326/2172 1843/2183/1987 
f 1849/2189/1993 1970/2342/2182 1967/2368/2179 1846/2186/1990 
f 1848/2188/1992 1971/2343/2183 1968/2340/2180 1849/2189/1993 
f 1847/2187/1991 1888/2228/2040 1893/2233/2045 1848/2188/1992 
f 1846/2186/1990 1963/2374/2175 1966/2344/2178 1847/2187/1991 
s 1
f 1853/2193/1997 1973/2346/2189 1972/2345/2184 1850/2190/1994 
f 1852/2192/1996 1961/2327/2192 1956/2318/2187 1853/2193/1997 
f 1851/2191/1995 1891/2231/2195 1884/2224/2190 1852/2192/1996 
f 1850/2190/1994 1968/2340/2186 1971/2343/2193 1851/2191/1995 
s 4
f 1781/2121/1925 1878/2218/2201 1855/2195/2232 1854/2194/2196 
f 1779/2119/1923 1933/2288/2229 1911/2262/2233 1910/2261/2198 
f 1783/2123/1927 1868/2208/2210 1867/2207/2234 1881/2221/2200 
f 1780/2120/1924 1915/2267/2199 1914/2266/2235 1922/2276/2202 
s 2
f 1798/2138/1942 1953/2314/2231 1948/2306/2236 1947/2305/2206 
s 4
f 1782/2122/1926 1925/2280/2203 1924/2279/2237 1943/2299/2207 
f 1804/2144/1948 1896/2349/2228 1876/2216/2238 1875/2215/2209 
f 1812/2363/1956 1894/2236/2215 1861/2235/2239 1860/2375/2212 
f 1810/2150/1954 1973/2346/2221 1955/2317/2167 1954/2316/2166 
f 1814/2376/1958 1874/2377/2217 1873/2378/2240 1897/2379/2214 
f 1811/2151/1955 1959/2361/2171 1958/2380/2170 1962/2364/2174 
f 1816/2156/1960 1880/2370/2219 1870/2381/2241 1869/2366/2216 
f 1813/2153/1957 1965/2365/2177 1964/2382/2176 1967/2368/2179 
f 1809/2149/1953 1865/2360/2213 1864/2383/2242 1879/2369/2218 
f 1815/2155/1959 1970/2342/2182 1969/2341/2181 1972/2345/2220 
f 1803/2143/1947 1945/2302/2211 1931/2286/2243 1930/2285/2225 
f 1778/2118/1922 1859/2199/2197 1858/2198/2244 1895/2238/2227 
s 8
f 1819/2159/1963 1950/2309/2223 1939/2294/2245 1938/2293/2230 
s 128
f 455/2384/580 465/2385/590 1977/2386/2246 1978/2387/2247 
f 1979/2388/2248 1980/2389/2249 1981/2390/2250 1982/2391/2251 
f 1982/2391/2251 1981/2390/2250 1983/2392/2252 1984/2393/2253 
f 1985/2394/2254 1983/2392/2252 1981/2390/2250 1980/2389/2249 
f 1986/2395/2255 1987/2396/2256 1988/2397/2257 1989/2398/2258 
f 1979/2388/2248 1990/2399/2259 1991/2400/2260 1992/2401/2261 
f 1992/2401/2261 1991/2400/2260 1993/2402/2262 1994/2403/2263 
f 1995/2404/2264 1993/2402/2262 1991/2400/2260 1996/2405/2265 
f 1996/2405/2265 1991/2400/2260 1990/2399/2259 1997/2406/2266 
f 1998/2407/2267 1999/2408/2268 2000/2409/2269 2001/2410/2270 
f 2001/2410/2270 2000/2409/2269 2002/2411/2271 2003/2412/2272 
f 2004/2413/2273 2002/2411/2271 2000/2409/2269 2005/2414/2274 
f 2005/2414/2274 2000/2409/2269 1999/2408/2268 1984/2393/2253 
f 1979/2388/2248 1982/2391/2251 2006/2415/2275 2007/2416/2276 
f 2007/2416/2276 2006/2415/2275 2008/2417/2277 1977/2386/2246 
f 1998/2407/2267 2008/2417/2277 2006/2415/2275 1999/2408/2268 
f 1999/2408/2268 2006/2415/2275 1982/2391/2251 1984/2393/2253 
f 1977/2386/2246 2008/2417/2277 2009/2418/2278 1978/2387/2247 
f 1978/2387/2247 2009/2418/2278 2010/2419/2279 2011/2420/2280 
f 2003/2412/2272 2010/2419/2279 2009/2418/2278 2001/2410/2270 
f 2001/2410/2270 2009/2418/2278 2008/2417/2277 1998/2407/2267 
f 2011/2420/2280 2010/2419/2279 2012/2421/2281 1988/2397/2257 
f 1988/2397/2257 2012/2421/2281 2013/2422/2282 1989/2398/2258 
f 2004/2413/2273 2013/2422/2282 2012/2421/2281 2002/2411/2271 
f 2002/2411/2271 2012/2421/2281 2010/2419/2279 2003/2412/2272 
f 2014/2423/2283 2015/2424/2284 2016/2425/2285 2017/2426/2286 
f 2017/2426/2286 2016/2425/2285 1992/2401/2261 1994/2403/2263 
f 1979/2388/2248 1992/2401/2261 2016/2425/2285 1980/2389/2249 
f 1980/2389/2249 2016/2425/2285 2015/2424/2284 1985/2394/2254 
f 1984/2393/2253 1983/2392/2252 2018/2427/2287 2005/2414/2274 
f 2005/2414/2274 2018/2427/2287 2019/2428/2288 2004/2413/2273 
f 2014/2423/2283 2019/2428/2288 2018/2427/2287 2015/2424/2284 
f 2015/2424/2284 2018/2427/2287 1983/2392/2252 1985/2394/2254 
f 2004/2413/2273 2019/2428/2288 2020/2429/2289 2013/2422/2282 
f 2013/2422/2282 2020/2429/2289 2021/2430/2290 1989/2398/2258 
f 1994/2403/2263 2021/2430/2290 2020/2429/2289 2017/2426/2286 
f 2017/2426/2286 2020/2429/2289 2019/2428/2288 2014/2423/2283 
f 2022/2431/2291 2023/2432/2292 2024/2433/2293 2025/2434/2294 
f 2025/2434/2294 2024/2433/2293 2026/2435/2295 2027/2436/2296 
f 2028/2437/2297 2026/2438/2295 2024/2439/2293 2029/2440/2298 
f 2029/2441/2298 2024/2442/2293 2023/2443/2292 2030/2444/2299 
f 2031/2445/2300 2032/2446/2301 2033/2447/2302 2034/2448/2303 2035/2449/2304 
f 1995/2404/2264 1996/2405/2265 2036/2450/2305 520/2451/645 550/683/675 549/682/674 2033/2452/2302 2032/2453/2301 
f 1996/2405/2265 1997/2406/2266 521/2454/646 520/2451/645 2036/2450/2305 
f 1989/2398/2258 2037/2455/2306 2038/2456/2307 2039/2457/2308 
f 2039/2457/2308 2038/2456/2307 2040/2458/2309 2041/2459/2310 
f 2042/2460/2311 2040/2458/2309 2038/2456/2307 2037/2455/2306 
f 2031/2461/2300 2043/2462/2312 2044/2463/2313 2032/2464/2301 
f 2032/2453/2301 2044/2465/2313 2045/2466/2314 1995/2404/2264 
f 2046/2467/2315 2045/2468/2314 2044/2469/2313 2047/2470/2316 
f 2047/2470/2316 2044/2469/2313 2043/2471/2312 2041/2472/2310 
f 1995/2404/2264 2045/2466/2314 2048/2473/2317 1993/2402/2262 
f 1993/2402/2262 2048/2473/2317 2049/2474/2318 1994/2403/2263 
f 2050/2475/2319 2049/2476/2318 2048/2477/2317 2051/2478/2320 
f 2051/2479/2320 2048/2480/2317 2045/2468/2314 2046/2467/2315 
f 1994/2403/2263 2049/2474/2318 2052/2481/2321 2021/2430/2290 
f 2021/2430/2290 2052/2481/2321 2037/2455/2306 1989/2398/2258 
f 2042/2460/2311 2037/2455/2306 2052/2481/2321 2053/2482/2322 
f 2053/2482/2322 2052/2481/2321 2049/2474/2318 2050/2483/2319 
f 2041/2459/2310 2040/2458/2309 2054/2484/2323 2055/2485/2324 
f 2055/2485/2324 2054/2484/2323 2025/2434/2294 2027/2436/2296 
f 2022/2431/2291 2025/2434/2294 2054/2484/2323 2056/2486/2325 
f 2056/2486/2325 2054/2484/2323 2040/2458/2309 2042/2460/2311 
f 2046/2467/2315 2047/2470/2316 2057/2487/2326 2058/2488/2327 
f 2058/2488/2327 2057/2487/2326 2026/2438/2295 2028/2437/2297 
f 2027/2489/2296 2026/2438/2295 2057/2487/2326 2055/2490/2324 
f 2055/2490/2324 2057/2487/2326 2047/2470/2316 2041/2472/2310 
f 2050/2491/2319 2051/2479/2320 2059/2492/2328 2060/2493/2329 
f 2060/2493/2329 2059/2492/2328 2029/2440/2298 2030/2494/2299 
f 2028/2437/2297 2029/2440/2298 2059/2492/2328 2058/2488/2327 
f 2058/2488/2327 2059/2492/2328 2051/2479/2320 2046/2467/2315 
f 2042/2460/2311 2053/2482/2322 2061/2495/2330 2056/2486/2325 
f 2056/2486/2325 2061/2495/2330 2023/2432/2292 2022/2431/2291 
f 2030/2496/2299 2023/2432/2292 2061/2495/2330 2060/2497/2329 
f 2060/2497/2329 2061/2495/2330 2053/2482/2322 2050/2483/2319 
f 1989/2398/2258 2039/2457/2308 2062/2498/2331 1986/2395/2255 
f 1986/2499/2255 2062/2500/2331 2043/2501/2312 2031/2445/2300 
f 2041/2502/2310 2043/2501/2312 2062/2500/2331 2039/2503/2308 
f 1987/2504/2256 1986/2499/2255 2031/2445/2300 2035/2449/2304 2063/2505/2332 
f 2035/2449/2304 2034/2448/2303 2033/2447/2302 549/681/674 548/680/673 
f 2063/2505/2332 2035/2449/2304 548/680/673 472/574/597 
s 1
f 2064/2506/2333 2065/2507/2334 2066/2508/2335 2067/2509/2333 
f 2065/2507/2334 2068/2510/2336 2069/2511/2337 2066/2508/2335 
f 2068/2510/2336 2070/2512/2338 2071/2513/2339 2069/2511/2337 
f 2070/2512/2338 2072/2514/2340 2073/2515/2341 2071/2513/2339 
f 2072/2516/2340 2074/2517/2342 2075/2518/2343 2073/2519/2341 
f 2076/2520/2344 2077/2521/2345 2078/2522/2346 2079/2523/2346 
f 2075/2518/2343 2074/2517/2342 2077/2521/2345 2076/2520/2344 
s 2
f 2080/2524/126 570/705/691 569/704/126 2081/2525/126 
s 4
f 2082/2526/692 2083/2527/692 573/708/692 572/707/692 
s 8
f 2080/2528/693 2082/2529/693 572/712/693 570/711/693 
s 64
f 2081/2530/2347 2083/2531/2347 2082/2532/2347 2080/2533/2347 
s 1024
f 2084/2534/2348 2085/2535/2349 2086/2536/2350 2087/2537/2351 
f 2087/2537/2351 2086/2536/2350 2088/2538/2352 2089/2539/2353 
f 2090/2540/2354 2088/2538/2352 2086/2536/2350 2091/2541/2355 
f 2091/2541/2355 2086/2536/2350 2085/2535/2349 2092/2542/2356 
f 2093/2543/2357 2094/2544/2358 2095/2545/2359 2096/2546/2360 
f 2096/2546/2360 2095/2545/2359 2097/2547/2361 2098/2548/2362 
f 2099/2549/2363 2097/2547/2361 2095/2545/2359 2100/2550/2364 
f 2100/2550/2364 2095/2545/2359 2094/2544/2358 2101/2551/2365 
f 2102/2552/2366 2103/2553/2367 2104/2554/2368 2105/2555/2369 
f 2105/2555/2369 2104/2554/2368 598/741/718 597/740/717 
f 600/743/720 598/741/718 2104/2554/2368 2106/2556/2370 
f 2106/2556/2370 2104/2554/2368 2107/2557/2371 2089/2539/2353 
f 2108/2558/2372 2107/2557/2371 2104/2554/2368 2103/2553/2367 
f 2109/2559/2373 2110/2560/2374 2111/2561/2375 2112/2562/2376 
f 2112/2562/2376 2111/2561/2375 2103/2553/2367 2102/2552/2366 
f 2108/2558/2372 2103/2553/2367 2111/2561/2375 2113/2563/2377 
f 2113/2563/2377 2111/2561/2375 2114/2564/2378 2115/2565/2379 
f 2116/2566/2380 2114/2564/2378 2111/2561/2375 2110/2560/2374 
f 2084/2534/2348 2087/2537/2351 2117/2567/2381 2118/2568/2382 
f 2118/2568/2382 2117/2567/2381 2119/2569/2383 2120/2570/2384 
f 2108/2558/2372 2119/2569/2383 2117/2567/2381 2107/2557/2371 
f 2107/2557/2371 2117/2567/2381 2087/2537/2351 2089/2539/2353 
f 2121/2571/2385 2122/2572/2386 2123/2573/2387 2124/2574/2388 
f 2124/2574/2388 2123/2573/2387 2125/2575/2389 2126/2576/2390 
f 2127/2577/2391 2125/2575/2389 2123/2573/2387 2128/2578/2392 
f 2128/2578/2392 2123/2573/2387 2122/2572/2386 2129/2579/2393 
f 2130/2580/2394 2131/2581/2395 2132/2582/2396 2133/2583/2397 
f 2133/2583/2397 2132/2582/2396 2114/2564/2378 2116/2566/2380 
f 2115/2565/2379 2114/2564/2378 2132/2582/2396 2134/2584/2398 
f 2134/2584/2398 2132/2582/2396 2131/2581/2395 2135/2585/2399 
f 2136/2586/2400 2137/2587/2401 2138/2588/2402 2139/2589/2403 
f 2139/2589/2403 2138/2588/2402 2140/2590/2404 2141/2591/2405 
f 2142/2592/2406 2140/2590/2404 2138/2588/2402 2143/2593/2407 
f 2143/2593/2407 2138/2588/2402 2137/2587/2401 2144/2594/2408 
f 2145/2595/2409 2146/2596/2410 2147/2597/2411 2148/2598/2412 
f 2148/2598/2412 2147/2597/2411 644/2599/764 643/2600/763 
f 646/789/766 644/2599/764 2147/2597/2411 2149/2601/2413 
f 2149/2601/2413 2147/2597/2411 2146/2596/2410 2150/2602/2414 
f 2151/2603/2415 2152/2604/2416 2153/2605/2417 2154/2606/2418 
f 2154/2606/2418 2153/2605/2417 2155/2607/2419 2156/2608/2420 
f 2157/2609/2421 2155/2607/2419 2153/2605/2417 2158/2610/2422 
f 2158/2610/2422 2153/2605/2417 2152/2604/2416 2159/2611/2423 
f 2157/2609/2421 2160/2612/2424 2161/2613/2425 2155/2607/2419 
f 2155/2607/2419 2161/2613/2425 2162/2614/2426 2156/2608/2420 
f 2163/2615/2427 2162/2614/2426 2161/2613/2425 2160/2612/2424 
f 2159/2611/2423 2164/2616/2428 2165/2617/2429 2158/2610/2422 
f 2158/2610/2422 2165/2617/2429 2166/2618/2430 2157/2609/2421 
f 2167/2619/2431 2166/2618/2430 2165/2617/2429 2168/2620/2432 
f 2168/2620/2432 2165/2617/2429 2164/2616/2428 2169/2621/2433 
f 2167/2619/2431 2170/2622/2434 2171/2623/2435 2172/2624/2436 
f 2172/2624/2436 2171/2623/2435 2173/2625/2437 2174/2626/2438 
f 2175/2627/2439 2173/2625/2437 2171/2623/2435 2176/2628/2440 
f 2176/2628/2440 2171/2623/2435 2177/2629/2441 2178/2630/2442 
f 2179/2631/2443 2177/2629/2441 2171/2623/2435 2170/2622/2434 
f 2180/2632/2444 2181/2633/2445 2182/2634/2446 2183/2635/2447 
f 2183/2635/2447 2182/2634/2446 2184/2636/2448 2185/2637/2449 
f 2186/2638/2450 2184/2636/2448 2182/2634/2446 2187/2639/2451 
f 2187/2639/2451 2182/2634/2446 2181/2633/2445 2188/2640/2452 
f 2189/2641/2453 2190/2642/2454 2191/2643/2455 2192/2644/2456 
f 2192/2644/2456 2191/2643/2455 2193/2645/2457 691/834/811 690/833/810 
f 2194/2646/2458 695/838/815 691/834/811 2193/2645/2457 2191/2643/2455 2195/2647/2459 
f 2195/2647/2459 2191/2643/2455 2190/2642/2454 2196/2648/2460 
f 2197/2649/2461 2198/2650/2462 2199/2651/2463 2200/2652/2464 
f 2200/2652/2464 2199/2651/2463 2201/2653/2465 2202/2654/2466 
f 2203/2655/2467 2201/2653/2465 2199/2651/2463 2198/2650/2462 
f 2202/2654/2466 2201/2653/2465 2204/2656/2468 2205/2657/2469 
f 2205/2657/2469 2204/2656/2468 2206/2658/2470 2101/2659/2365 
f 2207/2660/2471 2206/2658/2470 2204/2656/2468 2208/2661/2472 
f 2208/2661/2472 2204/2656/2468 2201/2653/2465 2203/2655/2467 
f 2209/2662/2473 2210/2663/2474 2211/2664/2475 2212/2665/2476 
f 2212/2665/2476 2211/2664/2475 714/858/834 713/857/833 
f 690/833/810 714/858/834 2211/2664/2475 2192/2644/2456 
f 2192/2644/2456 2211/2664/2475 2210/2663/2474 2189/2641/2453 
f 2213/2666/2477 2214/2667/2478 2215/2668/2479 2216/2669/2480 
f 2216/2669/2480 2215/2668/2479 2217/2670/2481 2218/2671/2482 
f 2219/2672/2483 2217/2670/2481 2215/2668/2479 2220/2673/2484 
f 2220/2673/2484 2215/2668/2479 2214/2667/2478 2221/2674/2485 
f 2222/2675/2486 2223/2676/2487 2224/2677/2488 2225/2678/2489 
f 2225/2678/2489 2224/2677/2488 2226/2679/2490 2227/2680/2491 
f 2228/2681/2492 2226/2679/2490 2224/2677/2488 2229/2682/2493 
f 2229/2682/2493 2224/2677/2488 2223/2676/2487 2230/2683/2494 
f 2167/2619/2431 2168/2620/2432 2231/2684/2495 2170/2622/2434 
f 2170/2622/2434 2231/2684/2495 2232/2685/2496 2179/2631/2443 
f 2233/2686/2497 2232/2685/2496 2231/2684/2495 2234/2687/2498 
f 2234/2687/2498 2231/2684/2495 2168/2620/2432 2169/2621/2433 
f 2235/2688/2499 2236/2689/2500 2237/2690/2501 2238/2691/2502 
f 2238/2691/2502 2237/2690/2501 2239/2692/2503 2240/2693/2504 
f 2178/2630/2442 2239/2692/2503 2237/2690/2501 2176/2628/2440 
f 2176/2628/2440 2237/2690/2501 2236/2689/2500 2175/2627/2439 
f 2221/2674/2485 2241/2694/2505 2242/2695/2506 2220/2673/2484 
f 2220/2673/2484 2242/2695/2506 2243/2696/2507 2219/2672/2483 
f 2185/2637/2449 2243/2696/2507 2242/2695/2506 2183/2635/2447 
f 2183/2635/2447 2242/2695/2506 2241/2694/2505 2180/2632/2444 
f 2230/2683/2494 2244/2697/2508 2245/2698/2509 2229/2682/2493 
f 2229/2682/2493 2245/2698/2509 2246/2699/2510 2228/2681/2492 
f 2188/2640/2452 2246/2699/2510 2245/2698/2509 2187/2639/2451 
f 2187/2639/2451 2245/2698/2509 2244/2697/2508 2186/2638/2450 
f 2233/2686/2497 2247/2700/2511 2248/2701/2512 2232/2685/2496 
f 2232/2685/2496 2248/2701/2512 2249/2702/2513 2179/2631/2443 
f 2250/2703/2514 2249/2702/2513 2248/2701/2512 2251/2704/2515 
f 2251/2704/2515 2248/2701/2512 2247/2700/2511 2129/2579/2393 
f 2136/2586/2400 2252/2705/2516 2253/2706/2517 2137/2587/2401 
f 2137/2587/2401 2253/2706/2517 2254/2707/2518 2144/2594/2408 
f 2235/2688/2499 2254/2707/2518 2253/2706/2517 2236/2689/2500 
f 2236/2689/2500 2253/2706/2517 2252/2705/2516 2175/2627/2439 
f 2175/2627/2439 2252/2705/2516 2255/2708/2519 2256/2709/2520 
f 2256/2709/2520 2255/2708/2519 2257/2710/2521 2145/2595/2409 
f 2141/2591/2405 2257/2710/2521 2255/2708/2519 2139/2589/2403 
f 2139/2589/2403 2255/2708/2519 2252/2705/2516 2136/2586/2400 
f 2145/2595/2409 2257/2710/2521 2258/2711/2522 2146/2596/2410 
f 2146/2596/2410 2258/2711/2522 2259/2712/2523 2150/2602/2414 
f 2142/2592/2406 2259/2712/2523 2258/2711/2522 2140/2590/2404 
f 2140/2590/2404 2258/2711/2522 2257/2710/2521 2141/2591/2405 
f 2260/2713/2524 2261/2714/2525 2262/2715/2526 2263/2716/2527 
f 2263/2716/2527 2262/2715/2526 2264/2717/2528 2099/2718/2363 
f 2265/2719/2529 2264/2717/2528 2262/2715/2526 2261/2714/2525 
f 2266/2720/2530 2267/2721/2531 2268/2722/2532 2269/2723/2533 
f 2269/2723/2533 2268/2722/2532 2184/2636/2448 2186/2638/2450 
f 2185/2637/2449 2184/2636/2448 2268/2722/2532 2270/2724/2534 
f 2270/2724/2534 2268/2722/2532 2267/2721/2531 2271/2725/2535 
f 2266/2720/2530 2269/2723/2533 2272/2726/2536 2273/2727/2537 
f 2273/2727/2537 2272/2726/2536 2274/2728/2538 2275/2729/2539 
f 2230/2683/2494 2274/2728/2538 2272/2726/2536 2244/2697/2508 
f 2244/2697/2508 2272/2726/2536 2269/2723/2533 2186/2638/2450 
f 2185/2637/2449 2270/2724/2534 2276/2730/2540 2243/2696/2507 
f 2243/2696/2507 2276/2730/2540 2277/2731/2541 2219/2672/2483 
f 2278/2732/2542 2277/2731/2541 2276/2730/2540 2279/2733/2543 
f 2279/2733/2543 2276/2730/2540 2270/2724/2534 2271/2725/2535 
f 2090/2734/2354 2280/2735/2544 2281/2736/2545 2282/2737/2546 
f 2282/2737/2546 2281/2736/2545 786/932/906 785/931/905 
f 788/934/908 786/932/906 2281/2736/2545 2283/2738/2547 
f 2283/2738/2547 2281/2736/2545 2280/2735/2544 2284/2739/2548 
f 2285/2740/2549 2286/2741/2550 2287/2742/2551 2288/2743/2552 
f 2288/2743/2552 2287/2742/2551 2289/2744/2553 2290/2745/2554 
f 2291/2746/2555 2289/2744/2553 2287/2742/2551 2292/2747/2556 
f 2292/2747/2556 2287/2742/2551 2286/2741/2550 2293/2748/2557 
f 2150/2602/2414 2259/2712/2523 2294/2749/2558 2295/2750/2559 
f 2295/2750/2559 2294/2749/2558 2296/2751/2560 2297/2752/2561 
f 2298/2753/2562 2296/2751/2560 2294/2749/2558 2299/2754/2563 
f 2299/2754/2563 2294/2749/2558 2259/2712/2523 2142/2592/2406 
f 2116/2566/2380 2300/2755/2564 2301/2756/2565 2133/2583/2397 
f 2133/2583/2397 2301/2756/2565 2302/2757/2566 2130/2580/2394 
f 2303/2758/2567 2302/2757/2566 2301/2756/2565 2304/2759/2568 
f 2304/2759/2568 2301/2756/2565 2300/2755/2564 2298/2753/2562 
f 2144/2594/2408 2254/2707/2518 2305/2760/2569 2306/2761/2570 
f 2306/2761/2570 2305/2760/2569 2307/2762/2571 2303/2758/2567 
f 2308/2763/2572 2307/2762/2571 2305/2760/2569 2309/2764/2573 
f 2309/2764/2573 2305/2760/2569 2254/2707/2518 2235/2688/2499 
f 2235/2688/2499 2238/2691/2502 2310/2765/2574 2309/2764/2573 
f 2309/2764/2573 2310/2765/2574 2311/2766/2575 2308/2763/2572 
f 2312/2767/2576 2311/2766/2575 2310/2765/2574 2313/2768/2577 
f 2313/2768/2577 2310/2765/2574 2238/2691/2502 2240/2693/2504 
f 2221/2674/2485 2314/2769/2578 2315/2770/2579 2241/2694/2505 
f 2241/2694/2505 2315/2770/2579 2316/2771/2580 2180/2632/2444 
f 2126/2576/2390 2316/2771/2580 2315/2770/2579 2317/2772/2581 
f 2317/2772/2581 2315/2770/2579 2314/2769/2578 2312/2767/2576 
f 2129/2579/2393 2247/2700/2511 2318/2773/2582 2128/2578/2392 
f 2128/2578/2392 2318/2773/2582 2319/2774/2583 2127/2577/2391 
f 2320/2775/2584 2319/2774/2583 2318/2773/2582 2321/2776/2585 
f 2321/2776/2585 2318/2773/2582 2247/2700/2511 2233/2686/2497 
f 2320/2775/2584 2321/2776/2585 2322/2777/2586 2323/2778/2587 
f 2323/2778/2587 2322/2777/2586 2324/2779/2588 2325/2780/2589 
f 2169/2621/2433 2324/2779/2588 2322/2777/2586 2234/2687/2498 
f 2234/2687/2498 2322/2777/2586 2321/2776/2585 2233/2686/2497 
f 2227/2680/2491 2326/2781/2590 2327/2782/2591 2225/2678/2489 
f 2225/2678/2489 2327/2782/2591 2328/2783/2592 2222/2675/2486 
f 2329/2784/2593 2328/2783/2592 2327/2782/2591 2330/2785/2594 
f 2330/2785/2594 2327/2782/2591 2326/2781/2590 2325/2780/2589 
f 2151/2603/2415 2331/2786/2595 2332/2787/2596 2152/2604/2416 
f 2152/2604/2416 2332/2787/2596 2333/2788/2597 2159/2611/2423 
f 2329/2784/2593 2333/2788/2597 2332/2787/2596 2334/2789/2598 
f 2334/2789/2598 2332/2787/2596 2331/2786/2595 2093/2543/2357 
f 2163/2615/2427 2335/2790/2599 2336/2791/2600 2162/2614/2426 
f 2162/2614/2426 2336/2791/2600 2337/2792/2601 2156/2608/2420 
f 2197/2793/2461 2337/2792/2601 2336/2791/2600 2338/2794/2602 
f 2338/2794/2602 2336/2791/2600 2335/2790/2599 2339/2795/2603 
f 2156/2608/2420 2337/2792/2601 2340/2796/2604 2154/2606/2418 
f 2154/2606/2418 2340/2796/2604 2341/2797/2605 2151/2603/2415 
f 2202/2798/2466 2341/2797/2605 2340/2796/2604 2200/2799/2464 
f 2200/2799/2464 2340/2796/2604 2337/2792/2601 2197/2793/2461 
f 2093/2543/2357 2331/2786/2595 2342/2800/2606 2094/2544/2358 
f 2094/2544/2358 2342/2800/2606 2205/2801/2469 2101/2551/2365 
f 2202/2798/2466 2205/2801/2469 2342/2800/2606 2341/2797/2605 
f 2341/2797/2605 2342/2800/2606 2331/2786/2595 2151/2603/2415 
f 2098/2548/2362 2097/2547/2361 2343/2802/2607 2344/2803/2608 
f 2344/2803/2608 2343/2802/2607 2345/2804/2609 2346/2805/2610 
f 2265/2806/2529 2345/2804/2609 2343/2802/2607 2264/2807/2528 
f 2264/2807/2528 2343/2802/2607 2097/2547/2361 2099/2549/2363 
f 2347/2808/2611 2348/2809/2612 2349/2810/2613 2350/2811/2614 
f 2350/2811/2614 2349/2810/2613 2085/2535/2349 2084/2534/2348 
f 2092/2542/2356 2085/2535/2349 2349/2810/2613 2351/2812/2615 
f 2351/2812/2615 2349/2810/2613 2348/2809/2612 2352/2813/2616 
f 2089/2539/2353 2088/2538/2352 2353/2814/2617 2106/2556/2370 
f 2106/2556/2370 2353/2814/2617 859/1011/979 600/743/720 
f 785/1013/905 859/1011/979 2353/2814/2617 2282/2815/2546 
f 2282/2815/2546 2353/2814/2617 2088/2538/2352 2090/2540/2354 
f 2354/2816/2618 2355/2817/2619 2356/2818/2620 2357/2819/2621 
f 2357/2819/2621 2356/2818/2620 865/2820/985 864/2821/984 
f 867/2822/987 865/2820/985 2356/2818/2620 2358/2823/2622 
f 2358/2823/2622 2356/2818/2620 2355/2817/2619 2359/2824/2623 
f 2145/2595/2409 2148/2598/2412 2360/2825/2624 2361/2826/2625 
f 2361/2826/2625 2360/2825/2624 2362/2827/2626 2363/2828/2627 
f 2362/2827/2626 2360/2825/2624 874/2829/994 873/2830/993 
f 2360/2825/2624 2148/2598/2412 643/2600/763 874/2829/994 
f 2218/2671/2482 2364/2831/2628 2365/2832/2629 2216/2669/2480 
f 2216/2669/2480 2365/2832/2629 2366/2833/2630 2213/2666/2477 
f 2130/2580/2394 2366/2833/2630 2365/2832/2629 2131/2581/2395 
f 2131/2581/2395 2365/2832/2629 2367/2834/2631 2135/2585/2399 
f 2120/2570/2384 2367/2834/2631 2365/2832/2629 2364/2831/2628 
f 2135/2585/2399 2367/2834/2631 2368/2835/2632 2134/2584/2398 
f 2134/2584/2398 2368/2835/2632 2113/2563/2377 2115/2565/2379 
f 2108/2558/2372 2113/2563/2377 2368/2835/2632 2119/2569/2383 
f 2119/2569/2383 2368/2835/2632 2367/2834/2631 2120/2570/2384 
f 2126/2576/2390 2125/2575/2389 2369/2836/2633 2316/2771/2580 
f 2316/2771/2580 2369/2836/2633 2181/2633/2445 2180/2632/2444 
f 2188/2640/2452 2181/2633/2445 2369/2836/2633 2370/2837/2634 
f 2370/2837/2634 2369/2836/2633 2125/2575/2389 2127/2577/2391 
f 2099/2718/2363 2100/2838/2364 2371/2839/2635 2372/2840/2636 
f 2372/2840/2636 2371/2839/2635 2206/2658/2470 2207/2660/2471 
f 2101/2659/2365 2206/2658/2470 2371/2839/2635 2100/2838/2364 
f 2284/2739/2548 2373/2841/2637 2374/2842/2638 2283/2738/2547 
f 2283/2738/2547 2374/2842/2638 886/1041/1006 788/934/908 
f 713/857/833 886/1041/1006 2374/2842/2638 2212/2665/2476 
f 2212/2665/2476 2374/2842/2638 2373/2841/2637 2209/2662/2473 
f 2109/2559/2373 2375/2843/2639 2376/2844/2640 2110/2560/2374 
f 2110/2560/2374 2376/2844/2640 2300/2755/2564 2116/2566/2380 
f 2298/2753/2562 2300/2755/2564 2376/2844/2640 2296/2751/2560 
f 2296/2751/2560 2376/2844/2640 2375/2843/2639 2297/2752/2561 
f 2144/2594/2408 2306/2761/2570 2377/2845/2641 2143/2593/2407 
f 2143/2593/2407 2377/2845/2641 2299/2754/2563 2142/2592/2406 
f 2298/2753/2562 2299/2754/2563 2377/2845/2641 2304/2759/2568 
f 2304/2759/2568 2377/2845/2641 2306/2761/2570 2303/2758/2567 
f 2303/2758/2567 2307/2762/2571 2378/2846/2642 2302/2757/2566 
f 2302/2757/2566 2378/2846/2642 2366/2833/2630 2130/2580/2394 
f 2213/2666/2477 2366/2833/2630 2378/2846/2642 2379/2847/2643 
f 2379/2847/2643 2378/2846/2642 2307/2762/2571 2308/2763/2572 
f 2308/2763/2572 2311/2766/2575 2380/2848/2644 2379/2847/2643 
f 2379/2847/2643 2380/2848/2644 2214/2667/2478 2213/2666/2477 
f 2221/2674/2485 2214/2667/2478 2380/2848/2644 2314/2769/2578 
f 2314/2769/2578 2380/2848/2644 2311/2766/2575 2312/2767/2576 
f 2121/2571/2385 2124/2574/2388 2381/2849/2645 2382/2850/2646 
f 2382/2850/2646 2381/2849/2645 2313/2768/2577 2240/2693/2504 
f 2312/2767/2576 2313/2768/2577 2381/2849/2645 2317/2772/2581 
f 2317/2772/2581 2381/2849/2645 2124/2574/2388 2126/2576/2390 
f 2127/2577/2391 2319/2774/2583 2383/2851/2647 2370/2837/2634 
f 2370/2837/2634 2383/2851/2647 2246/2699/2510 2188/2640/2452 
f 2228/2681/2492 2246/2699/2510 2383/2851/2647 2384/2852/2648 
f 2384/2852/2648 2383/2851/2647 2319/2774/2583 2320/2775/2584 
f 2320/2775/2584 2323/2778/2587 2385/2853/2649 2384/2852/2648 
f 2384/2852/2648 2385/2853/2649 2226/2679/2490 2228/2681/2492 
f 2227/2680/2491 2226/2679/2490 2385/2853/2649 2326/2781/2590 
f 2326/2781/2590 2385/2853/2649 2323/2778/2587 2325/2780/2589 
f 2159/2611/2423 2333/2788/2597 2386/2854/2650 2164/2616/2428 
f 2164/2616/2428 2386/2854/2650 2324/2779/2588 2169/2621/2433 
f 2325/2780/2589 2324/2779/2588 2386/2854/2650 2330/2785/2594 
f 2330/2785/2594 2386/2854/2650 2333/2788/2597 2329/2784/2593 
f 2222/2675/2486 2328/2783/2592 2387/2855/2651 2388/2856/2652 
f 2388/2856/2652 2387/2855/2651 2096/2546/2360 2098/2548/2362 
f 2093/2543/2357 2096/2546/2360 2387/2855/2651 2334/2789/2598 
f 2334/2789/2598 2387/2855/2651 2328/2783/2592 2329/2784/2593 
f 2150/2602/2414 2295/2750/2559 2389/2857/2653 2149/2601/2413 
f 2149/2601/2413 2389/2857/2653 902/1057/1022 646/789/766 
f 904/1059/1024 902/1057/1022 2389/2857/2653 2390/2858/2654 
f 2390/2858/2654 2389/2857/2653 2295/2750/2559 2297/2752/2561 
f 2271/2725/2535 2267/2721/2531 2391/2859/2655 2279/2733/2543 
f 2279/2733/2543 2391/2859/2655 2392/2860/2656 2278/2732/2542 
f 2275/2729/2539 2392/2860/2656 2391/2859/2655 2273/2727/2537 
f 2273/2727/2537 2391/2859/2655 2267/2721/2531 2266/2720/2530 
f 2275/2729/2539 2274/2728/2538 2393/2861/2657 2394/2862/2658 
f 2394/2862/2658 2393/2861/2657 2344/2803/2608 2346/2805/2610 
f 2098/2548/2362 2344/2803/2608 2393/2861/2657 2388/2856/2652 
f 2388/2856/2652 2393/2861/2657 2223/2676/2487 2222/2675/2486 
f 2230/2683/2494 2223/2676/2487 2393/2861/2657 2274/2728/2538 
f 2278/2732/2542 2395/2863/2659 2396/2864/2660 2277/2731/2541 
f 2277/2731/2541 2396/2864/2660 2217/2670/2481 2219/2672/2483 
f 2218/2671/2482 2217/2670/2481 2396/2864/2660 2364/2831/2628 
f 2364/2831/2628 2396/2864/2660 2118/2568/2382 2120/2570/2384 
f 2084/2534/2348 2118/2568/2382 2396/2864/2660 2350/2811/2614 
f 2350/2811/2614 2396/2864/2660 2395/2863/2659 2347/2808/2611 
f 2397/2865/2661 2398/2866/2662 2399/2867/2663 2400/2868/2664 
f 2400/2868/2664 2399/2867/2663 2401/2869/2665 2174/2626/2438 
f 2291/2746/2555 2401/2869/2665 2399/2867/2663 2289/2744/2553 
f 2289/2744/2553 2399/2867/2663 2398/2866/2662 2290/2745/2554 
f 2174/2626/2438 2401/2869/2665 2402/2870/2666 2172/2624/2436 
f 2172/2624/2436 2402/2870/2666 2403/2871/2667 2167/2619/2431 
f 2293/2748/2557 2403/2871/2667 2402/2870/2666 2292/2747/2556 
f 2292/2747/2556 2402/2870/2666 2401/2869/2665 2291/2746/2555 
f 2167/2619/2431 2403/2871/2667 2404/2872/2668 2166/2618/2430 
f 2166/2618/2430 2404/2872/2668 2405/2873/2669 2157/2609/2421 
f 2285/2740/2549 2405/2873/2669 2404/2872/2668 2286/2741/2550 
f 2286/2741/2550 2404/2872/2668 2403/2871/2667 2293/2748/2557 
f 2157/2609/2421 2405/2873/2669 2406/2874/2670 2407/2875/2671 
f 2407/2875/2671 2406/2874/2670 2398/2866/2662 2397/2865/2661 
f 2290/2745/2554 2398/2866/2662 2406/2874/2670 2288/2743/2552 
f 2288/2743/2552 2406/2874/2670 2405/2873/2669 2285/2740/2549 
f 2250/2703/2514 2408/2876/2672 2409/2877/2673 2249/2702/2513 
f 2249/2702/2513 2409/2877/2673 2177/2629/2441 2179/2631/2443 
f 2178/2630/2442 2177/2629/2441 2409/2877/2673 2410/2878/2674 
f 2410/2878/2674 2409/2877/2673 2408/2876/2672 2411/2879/2675 
f 2178/2630/2442 2410/2878/2674 2412/2880/2676 2239/2692/2503 
f 2239/2692/2503 2412/2880/2676 2382/2850/2646 2240/2693/2504 
f 2121/2571/2385 2382/2850/2646 2412/2880/2676 2413/2881/2677 
f 2413/2881/2677 2412/2880/2676 2410/2878/2674 2411/2879/2675 
f 2250/2703/2514 2251/2704/2515 2414/2882/2678 2408/2876/2672 
f 2408/2876/2672 2414/2882/2678 2413/2881/2677 2411/2879/2675 
f 2121/2571/2385 2413/2881/2677 2414/2882/2678 2122/2572/2386 
f 2122/2572/2386 2414/2882/2678 2251/2704/2515 2129/2579/2393 
f 2145/2595/2409 2361/2826/2625 2415/2883/2679 2256/2709/2520 
f 2256/2709/2520 2415/2883/2679 2173/2625/2437 2175/2627/2439 
f 2174/2626/2438 2173/2625/2437 2415/2883/2679 2416/2884/2680 
f 2416/2884/2680 2415/2883/2679 2361/2826/2625 2363/2828/2627 
f 2363/2828/2627 2417/2885/2681 2418/2886/2682 2416/2884/2680 
f 2416/2884/2680 2418/2886/2682 2400/2868/2664 2174/2626/2438 
f 2397/2865/2661 2400/2868/2664 2418/2886/2682 2419/2887/2683 
f 2419/2887/2683 2418/2886/2682 2417/2885/2681 2359/2824/2623 
f 2359/2824/2623 2355/2817/2619 2420/2888/2684 2419/2887/2683 
f 2419/2887/2683 2420/2888/2684 2421/2889/2685 2397/2865/2661 
f 2422/2890/2686 2421/2889/2685 2420/2888/2684 2423/2891/2687 
f 2423/2891/2687 2420/2888/2684 2355/2817/2619 2354/2816/2618 
f 2354/2816/2618 2424/2892/2688 2425/2893/2689 2423/2891/2687 
f 2423/2891/2687 2425/2893/2689 2426/2894/2690 2422/2890/2686 
f 2427/2895/2691 2426/2894/2690 2425/2893/2689 2428/2896/2692 
f 2428/2896/2692 2425/2893/2689 2424/2892/2688 2196/2897/2460 
f 2196/2648/2460 2190/2642/2454 2429/2898/2693 2428/2899/2692 
f 2428/2899/2692 2429/2898/2693 2430/2900/2694 2427/2901/2691 
f 2431/2902/2695 2430/2900/2694 2429/2898/2693 2432/2903/2696 
f 2432/2903/2696 2429/2898/2693 2190/2642/2454 2189/2641/2453 
f 2189/2641/2453 2210/2663/2474 2433/2904/2697 2432/2903/2696 
f 2432/2903/2696 2433/2904/2697 2434/2905/2698 2431/2902/2695 
f 2435/2906/2699 2434/2905/2698 2433/2904/2697 2436/2907/2700 
f 2436/2907/2700 2433/2904/2697 2210/2663/2474 2209/2662/2473 
f 2209/2662/2473 2373/2841/2637 2437/2908/2701 2436/2907/2700 
f 2436/2907/2700 2437/2908/2701 2438/2909/2702 2435/2906/2699 
f 2439/2910/2703 2438/2909/2702 2437/2908/2701 2440/2911/2704 
f 2440/2911/2704 2437/2908/2701 2373/2841/2637 2284/2739/2548 
f 2284/2739/2548 2280/2735/2544 2441/2912/2705 2440/2911/2704 
f 2440/2911/2704 2441/2912/2705 2442/2913/2706 2439/2910/2703 
f 2092/2914/2356 2442/2913/2706 2441/2912/2705 2091/2915/2355 
f 2091/2915/2355 2441/2912/2705 2280/2735/2544 2090/2734/2354 
f 2099/2718/2363 2372/2840/2636 2443/2916/2707 2263/2716/2527 
f 2263/2716/2527 2443/2916/2707 2444/2917/2708 2260/2713/2524 
f 2445/2918/2709 2444/2917/2708 2443/2916/2707 2446/2919/2710 
f 2446/2919/2710 2443/2916/2707 2372/2840/2636 2207/2660/2471 
f 2207/2660/2471 2208/2661/2472 2447/2920/2711 2446/2919/2710 
f 2446/2919/2710 2447/2920/2711 2448/2921/2712 2445/2918/2709 
f 2449/2922/2713 2448/2921/2712 2447/2920/2711 2450/2923/2714 
f 2450/2923/2714 2447/2920/2711 2208/2661/2472 2203/2655/2467 
f 2203/2655/2467 2198/2650/2462 2451/2924/2715 2450/2923/2714 
f 2450/2923/2714 2451/2924/2715 2452/2925/2716 2449/2922/2713 
f 2339/2926/2603 2452/2925/2716 2451/2924/2715 2338/2927/2602 
f 2338/2927/2602 2451/2924/2715 2198/2650/2462 2197/2649/2461 
f 2275/2729/2539 2394/2862/2658 2453/2928/2717 2392/2860/2656 
f 2392/2860/2656 2453/2928/2717 2395/2863/2659 2278/2732/2542 
f 2347/2808/2611 2395/2863/2659 2453/2928/2717 2454/2929/2718 
f 2454/2929/2718 2453/2928/2717 2394/2862/2658 2346/2805/2610 
f 2346/2805/2610 2345/2804/2609 2455/2930/2719 2454/2929/2718 
f 2454/2929/2718 2455/2930/2719 2348/2809/2612 2347/2808/2611 
f 2352/2813/2616 2348/2809/2612 2455/2930/2719 2456/2931/2720 
f 2456/2931/2720 2455/2930/2719 2345/2804/2609 2265/2806/2529 
f 2265/2719/2529 2261/2714/2525 2457/2932/2721 2456/2933/2720 
f 2456/2933/2720 2457/2932/2721 2351/2934/2615 2352/2935/2616 
f 2092/2914/2356 2351/2934/2615 2457/2932/2721 2442/2913/2706 
f 2442/2913/2706 2457/2932/2721 2458/2936/2722 2439/2910/2703 
f 2260/2713/2524 2458/2936/2722 2457/2932/2721 2261/2714/2525 
f 2260/2713/2524 2444/2917/2708 2459/2937/2723 2458/2936/2722 
f 2458/2936/2722 2459/2937/2723 2438/2909/2702 2439/2910/2703 
f 2435/2906/2699 2438/2909/2702 2459/2937/2723 2460/2938/2724 
f 2460/2938/2724 2459/2937/2723 2444/2917/2708 2445/2918/2709 
f 2445/2918/2709 2448/2921/2712 2461/2939/2725 2460/2938/2724 
f 2460/2938/2724 2461/2939/2725 2434/2905/2698 2435/2906/2699 
f 2431/2902/2695 2434/2905/2698 2461/2939/2725 2462/2940/2726 
f 2462/2940/2726 2461/2939/2725 2448/2921/2712 2449/2922/2713 
f 2449/2922/2713 2452/2925/2716 2463/2941/2727 2462/2940/2726 
f 2462/2940/2726 2463/2941/2727 2430/2900/2694 2431/2902/2695 
f 2427/2901/2691 2430/2900/2694 2463/2941/2727 2464/2942/2728 
f 2464/2942/2728 2463/2941/2727 2452/2925/2716 2339/2926/2603 
f 2339/2795/2603 2335/2790/2599 2465/2943/2729 2464/2944/2728 
f 2464/2944/2728 2465/2943/2729 2426/2894/2690 2427/2895/2691 
f 2422/2890/2686 2426/2894/2690 2465/2943/2729 2466/2945/2730 
f 2466/2945/2730 2465/2943/2729 2335/2790/2599 2163/2615/2427 
f 2163/2615/2427 2160/2612/2424 2467/2946/2731 2466/2945/2730 
f 2466/2945/2730 2467/2946/2731 2421/2889/2685 2422/2890/2686 
f 2397/2865/2661 2421/2889/2685 2467/2946/2731 2407/2875/2671 
f 2407/2875/2671 2467/2946/2731 2160/2612/2424 2157/2609/2421 
f 864/2821/984 983/2947/1103 2468/2948/2732 2357/2819/2621 
f 2357/2819/2621 2468/2948/2732 2424/2892/2688 2354/2816/2618 
f 2196/2897/2460 2424/2892/2688 2468/2948/2732 2195/2949/2459 
f 2195/2949/2459 2468/2948/2732 983/2947/1103 695/2950/815 2194/2951/2458 
f 873/2830/993 985/2952/1105 2469/2953/2733 2362/2827/2626 
f 2362/2827/2626 2469/2953/2733 2417/2885/2681 2363/2828/2627 
f 2359/2824/2623 2417/2885/2681 2469/2953/2733 2358/2823/2622 
f 2358/2823/2622 2469/2953/2733 985/2952/1105 867/2822/987 
f 597/740/717 987/1156/1107 2470/2954/2734 2105/2555/2369 
f 2105/2555/2369 2470/2954/2734 2112/2562/2376 2102/2552/2366 
f 2109/2559/2373 2112/2562/2376 2470/2954/2734 2471/2955/2735 
f 2471/2955/2735 2470/2954/2734 987/1156/1107 989/1158/1109 
f 989/1158/1109 991/1160/1111 2472/2956/2736 2471/2955/2735 
f 2471/2955/2735 2472/2956/2736 2375/2843/2639 2109/2559/2373 
f 2297/2752/2561 2375/2843/2639 2472/2956/2736 2390/2858/2654 
f 2390/2858/2654 2472/2956/2736 991/1160/1111 904/1059/1024 
s 1
f 2473/2957/2737 2474/2958/2738 2475/2959/2739 2476/2960/2737 
f 2474/2958/2738 2477/2961/2740 2478/2962/2741 2475/2959/2739 
f 2477/2961/2740 2479/2963/2742 2480/2964/2743 2478/2962/2741 
f 2479/2963/2742 2481/2965/2744 2482/2966/2745 2480/2964/2743 
f 2483/2967/2746 2484/2968/2747 2485/2969/2748 2486/2970/2749 
f 2485/2971/2748 2484/2972/2747 2487/2973/2750 2488/2974/2750 
f 2482/2966/2745 2481/2965/2744 2483/2967/2746 2486/2970/2749 
s 2
f 2489/2975/2751 2490/2976/2751 2491/2977/2751 2492/2978/2751 
s 4
f 2493/2979/2752 2494/2980/2752 2495/2981/2752 2496/2982/2752 
s 8
f 2489/2983/2753 2493/2984/2753 2496/2985/2753 2490/2986/2753 
s 16
f 2490/2987/2754 2496/2988/2754 2495/2989/2754 2491/2990/2754 
s 32
f 2491/2991/2755 2495/2992/2755 2494/2993/2755 2492/2994/2755 
s 64
f 2492/2995/2756 2494/2996/2756 2493/2997/2756 2489/2998/2756 
s 1
f 2497/2999/2757 2498/3000/2758 2499/3001/2759 2500/3002/2760 
f 2500/3002/2760 2499/3001/2759 1021/1208/1137 1020/1207/1136 
f 2501/1224/2761 2499/3001/2759 2498/3000/2758 2502/3003/2762 
f 2503/3004/2763 2504/3005/2764 2505/3006/2765 2506/3007/2766 
f 2506/3007/2766 2505/3006/2765 2507/3008/2767 2508/3009/2768 
f 2497/2999/2757 2509/3010/2769 2510/3011/2770 2498/3000/2758 
f 2498/3000/2758 2510/3011/2770 2511/3012/2771 2502/3003/2762 
f 2508/3009/2768 2511/3013/2771 2510/3014/2770 2506/3007/2766 
f 2506/3007/2766 2510/3014/2770 2509/3015/2769 2503/3004/2763 
f 2502/3003/2762 2511/3012/2771 2512/1225/2772 2501/1224/2761 
f 2501/1224/2761 2512/1225/2772 1035/1225/1151 1034/1224/1150 
f 2507/3008/2767 2512/3016/2772 2511/3013/2771 2508/3009/2768 
f 2500/3002/2760 2513/3017/2773 2509/3010/2769 2497/2999/2757 
f 2503/3004/2763 2509/3015/2769 2513/3018/2773 2504/3005/2764 
f 2504/3005/2764 2513/3018/2773 1038/1230/1154 1037/1229/1153 
f 2514/3019/2774 2515/3020/2775 1041/1233/1157 1040/1232/1156 
f 2516/3021/2776 1046/1238/1162 1045/1237/1161 2517/3022/2777 
f 2517/3022/2777 1045/1237/1161 1048/3023/1164 2518/3024/2778 
f 2519/3025/2779 2520/3026/2780 1051/3027/1167 1050/3028/1166 
f 2521/3029/2781 2522/3030/2782 1055/1247/1171 1054/1246/1170 
f 2521/3029/2781 2523/3031/2783 2524/3032/2784 2525/3033/2785 
f 2525/3033/2785 2524/3032/2784 2526/3034/2786 2527/3035/2787 
f 2528/3036/2788 2526/3034/2786 2524/3032/2784 2529/3037/2789 
f 2529/3037/2789 2524/3032/2784 2523/3031/2783 2530/3038/2790 
f 2527/3035/2787 2526/3034/2786 1066/3039/1182 1065/3040/1181 
f 2530/3038/2790 2523/3031/2783 1068/1260/1184 1067/1259/1183 
f 2514/3041/2774 2522/3030/2782 2531/3042/2791 2515/3043/2775 
f 2515/3043/2775 2531/3042/2791 2520/3026/2780 2519/3025/2779 
f 2527/3035/2787 2520/3026/2780 2531/3042/2791 2525/3033/2785 
f 2525/3033/2785 2531/3042/2791 2522/3030/2782 2521/3029/2781 
f 2530/3038/2790 2532/3044/2792 2533/3045/2793 2529/3037/2789 
f 2529/3037/2789 2533/3045/2793 2534/3046/2794 2528/3036/2788 
f 2518/3024/2778 2534/3046/2794 2533/3045/2793 2517/3022/2777 
f 2517/3022/2777 2533/3045/2793 2532/3044/2792 2516/3021/2776 
f 2528/3036/2788 2534/3046/2794 1074/3047/1190 1073/3048/1189 
f 2516/3021/2776 2532/3044/2792 1075/1269/1191 1046/1238/1162 
f 2535/3049/2795 1079/1273/1195 1078/1272/1194 2536/3050/2796 
s off
f 2537/3051/2797 2538/3052/2797 2539/3053/2797 
f 2540/3054/2798 2541/3055/2798 2542/3056/2798 
f 2543/3057/2799 2544/3058/2799 2545/3059/2799 
s 1
f 2536/3060/2796 1078/3061/1194 1090/3062/1200 2546/3063/2800 
f 2547/3064/2801 2536/3060/2796 2546/3063/2800 2548/3065/2802 
f 2536/3060/2796 2547/3064/2801 2549/3066/2803 2535/3067/2795 
f 2550/3068/2804 2535/3067/2795 2549/3066/2803 2551/3069/2805 
f 2552/3070/2806 2550/3068/2804 2551/3069/2805 2553/3071/2807 
f 2550/3068/2804 2552/3070/2806 1099/1296/1209 1098/1295/1208 
f 2554/3072/2808 2555/3073/2809 2556/3074/2810 2557/3075/2811 
f 2558/3076/2812 2557/3075/2811 2556/3074/2810 2559/3077/2813 
f 2560/3078/2814 2547/3064/2801 2548/3065/2802 2561/3079/2815 
f 2562/3080/2816 2563/3081/2817 2564/3082/2818 2537/3051/2819 
f 2565/3083/2820 1114/1311/1225 1113/1310/1224 2566/3084/2821 
f 2552/3070/2806 2566/3084/2821 1113/1310/1224 1099/1296/1209 
f 2566/3084/2821 2552/3070/2806 2553/3071/2807 2567/3085/2822 
f 2568/3086/2823 2565/3083/2820 2569/3087/2824 2570/3088/2825 
f 2571/3089/2826 2563/3081/2817 2561/3079/2815 2572/3090/2827 
f 2546/3063/2800 2572/3090/2827 2561/3079/2815 2548/3065/2802 
f 2572/3090/2827 2546/3063/2800 1090/3062/1200 1121/3091/1232 
f 2571/3089/2826 1124/3092/1235 1123/3093/1234 2573/3094/2828 
f 2574/3095/2829 2575/3096/2830 2576/3097/2831 2577/3098/2832 
f 2578/3099/2833 2574/3095/2829 2577/3098/2832 2579/3100/2834 
f 2574/3095/2829 2578/3099/2833 2559/3077/2813 2556/3074/2810 
f 2580/3101/2835 2575/3096/2830 2555/3073/2809 2581/3102/2836 
s off
f 2549/3066/2837 2547/3064/2837 2582/3103/2837 2583/3104/2837 
f 2560/3078/2838 2584/3105/2838 2582/3103/2838 2547/3064/2838 
f 2562/3080/2839 2585/3106/2839 2584/3105/2839 2560/3078/2839 
f 2543/3057/2840 2542/3056/2840 2542/3056/2840 2541/3055/2840 2544/3058/2840 
f 2586/3107/2841 2570/3088/2841 2587/3108/2841 2586/3107/2841 
f 2570/3088/2842 2569/3087/2842 2588/3109/2842 2587/3108/2842 
f 2567/3085/2843 2553/3071/2843 2589/3110/2843 2590/3111/2843 
f 2553/3071/2844 2551/3069/2844 2591/3112/2844 2589/3110/2844 
f 2549/3066/2845 2583/3104/2845 2591/3112/2845 2551/3069/2845 
s 1
f 2592/3113/2846 2581/3102/2836 2555/3073/2809 2554/3072/2808 
f 2560/3078/2814 2561/3079/2815 2563/3081/2817 2562/3080/2816 
f 2568/3086/2823 1144/1341/1254 1114/1311/1225 2565/3083/2820 
f 2566/3084/2821 2567/3085/2822 2569/3087/2824 2565/3083/2820 
f 2573/3094/2828 2564/3082/2818 2563/3081/2817 2571/3089/2826 
f 2572/3090/2827 1121/3091/1232 1124/3092/1235 2571/3089/2826 
f 2575/3096/2830 2580/3101/2835 2593/3114/2847 2576/3097/2831 
f 2575/3096/2830 2574/3095/2829 2556/3074/2810 2555/3073/2809 
s off
f 2537/3051/2848 2539/3053/2848 2585/3106/2848 2562/3080/2848 
f 2569/3087/2849 2567/3085/2849 2590/3111/2849 2588/3109/2849 
f 2558/3076/2850 2559/3077/2850 2583/3104/2850 2582/3103/2850 
f 2584/3105/2851 2557/3075/2851 2558/3076/2851 2582/3103/2851 
f 2585/3106/2852 2554/3072/2852 2557/3075/2852 2584/3105/2852 
f 2544/3058/2853 2594/3115/2853 2595/3116/2853 2545/3059/2853 
f 2596/3117/2854 2594/3115/2854 2544/3058/2854 2541/3055/2854 
f 2597/3118/2855 2596/3117/2855 2541/3055/2855 2540/3054/2855 
f 2576/3097/2856 2593/3114/2856 2587/3108/2856 2588/3109/2856 
f 2579/3100/2857 2577/3098/2857 2590/3111/2857 2589/3110/2857 
f 2578/3099/2858 2579/3100/2858 2589/3110/2858 2591/3112/2858 
f 2583/3104/2859 2559/3077/2859 2578/3099/2859 2591/3112/2859 
f 2539/3053/2860 2592/3113/2860 2554/3072/2860 2585/3106/2860 
f 2577/3098/2861 2576/3097/2861 2588/3109/2861 2590/3111/2861 
f 2538/3119/2862 2586/3120/2862 2542/3121/2862 2543/3122/2862 
f 2586/3120/2863 2586/3120/2863 2542/3121/2863 2542/3121/2863 
f 2586/3107/2864 2587/3108/2864 2540/3054/2864 2542/3056/2864 
f 2587/3108/2865 2593/3114/2865 2597/3118/2865 2540/3054/2865 
f 2593/3114/2866 2580/3101/2866 2596/3117/2866 2597/3118/2866 
f 2580/3101/2867 2581/3102/2867 2594/3115/2867 2596/3117/2867 
f 2581/3102/2868 2592/3113/2868 2595/3116/2868 2594/3115/2868 
f 2592/3113/2869 2539/3053/2869 2545/3059/2869 2595/3116/2869 
f 2539/3053/2870 2538/3052/2870 2543/3057/2870 2545/3059/2870 
s 32
f 2598/3123/2871 2599/3124/2872 2600/3125/2873 
f 2601/3126/126 2602/3127/2874 2603/3128/2875 2604/3129/2876 
f 2605/3130/2877 2601/3126/126 2604/3129/2876 2606/3131/2878 
f 2601/3126/126 1160/1361/126 1159/1360/1287 2602/3127/2874 
f 2605/3130/2877 1161/1362/1288 1160/1361/126 2601/3126/126 
s 1
f 2607/3132/2879 2608/3133/2880 2600/3125/2881 2609/3134/2882 
f 2608/3133/2880 2610/3135/2883 2598/3123/2883 2600/3125/2881 
f 2611/3136/2884 2612/3137/2885 2613/3138/2886 2614/3139/2884 
f 2612/3137/2885 2615/3140/2887 2616/3141/2888 2613/3138/2886 
f 2615/3140/2887 1173/1374/1299 1172/1373/1299 2616/3141/2888 
s 32
f 2603/3128/2875 2617/3142/2889 2618/3143/2890 2619/3144/2891 
f 2617/3142/2889 2603/3128/2875 2602/3127/2874 2620/3145/2892 
f 2619/3144/2891 2621/3146/2893 2604/3129/2876 2603/3128/2875 
f 2606/3131/2878 2622/3147/2894 2623/3148/2895 2624/3149/2896 
f 2604/3129/2876 2621/3146/2893 2622/3147/2894 2606/3131/2878 
f 2625/3150/2897 2626/3151/2898 2627/3152/2899 2628/3153/2900 
f 2629/3154/2901 2630/3155/2902 2626/3151/2898 2625/3150/2897 
f 2631/3156/2903 2632/3157/2904 2633/3158/2905 2634/3159/2906 
f 2610/3135/2907 2635/3160/2908 2632/3157/2904 2631/3156/2903 
f 2636/3161/2909 2637/3162/2910 2638/3163/2911 
f 2639/3164/2912 2640/3165/2913 2641/3166/2914 2642/3167/2915 
f 2640/3165/2913 2639/3164/2912 2643/3168/2916 2644/3169/2917 
f 2628/3153/2900 2627/3152/2899 2645/3170/2918 2646/3171/2919 
f 2647/3172/2920 2648/3173/2921 2649/3174/2922 2650/3175/2923 
f 2642/3167/2915 2641/3166/2914 2651/3176/2924 2652/3177/2925 
f 2653/3178/2926 2636/3161/2909 2654/3179/2927 2655/3180/2928 
f 2634/3159/2906 2633/3158/2905 2653/3178/2926 2655/3180/2928 
f 2651/3176/2924 2630/3155/2902 2629/3154/2901 2652/3177/2925 
f 2656/3181/2929 2657/3182/2930 2658/3183/2931 2659/3184/2932 
f 2660/3185/2933 2661/3186/2934 2657/3182/2930 2656/3181/2929 
f 2656/3181/2929 2632/3157/2904 2635/3160/2908 2660/3185/2933 
f 2659/3184/2932 2633/3158/2905 2632/3157/2904 2656/3181/2929 
f 2662/3187/2935 2663/3188/2936 2661/3186/2934 2660/3185/2933 
f 2660/3185/2933 2635/3160/2908 2647/3172/2920 2650/3175/2923 2662/3187/2935 
f 2664/3189/2937 2665/3190/2938 2636/3161/2909 2653/3178/2926 
f 2666/3191/2939 2667/3192/2940 2665/3190/2938 2664/3189/2937 
f 2664/3189/2937 2659/3184/2932 2658/3183/2931 2666/3191/2939 
f 2653/3178/2926 2633/3158/2905 2659/3184/2932 2664/3189/2937 
f 2668/3193/2941 2657/3182/2930 2661/3186/2934 2663/3188/2936 
f 2669/3194/2942 2658/3183/2931 2657/3182/2930 2668/3193/2941 
f 2666/3191/2939 2658/3183/2931 2669/3194/2942 2670/3195/2943 
f 2666/3191/2939 2670/3195/2943 2671/3196/2944 2667/3192/2940 
f 2672/3197/2945 2665/3190/2938 2667/3192/2940 2671/3196/2944 
f 2637/3162/2910 2636/3161/2909 2665/3190/2938 2672/3197/2945 
f 2673/3198/2946 2645/3170/2918 2627/3152/2899 2674/3199/2947 
f 2675/3200/2948 2645/3170/2918 2673/3198/2946 2676/3201/2949 
f 2674/3202/2947 2618/3143/2890 2617/3142/2889 2673/3203/2946 
f 2677/3204/2950 2641/3166/2914 2640/3165/2913 2678/3205/2951 
f 2678/3206/2951 2624/3149/2896 2623/3148/2895 2677/3207/2950 
f 2679/3208/2952 2624/3149/2896 2678/3206/2951 2680/3209/2953 
f 2681/3210/2954 2651/3176/2924 2641/3166/2914 2677/3204/2950 
f 2682/3211/2955 2630/3155/2902 2651/3176/2924 2681/3210/2954 
f 2681/3212/2954 2622/3147/2894 2621/3146/2893 2682/3213/2955 
f 2677/3207/2950 2623/3148/2895 2622/3147/2894 2681/3212/2954 
f 2683/3214/2956 2626/3151/2898 2630/3155/2902 2682/3211/2955 
f 2674/3199/2947 2627/3152/2899 2626/3151/2898 2683/3214/2956 
f 2683/3215/2956 2619/3144/2891 2618/3143/2890 2674/3202/2947 
f 2682/3213/2955 2621/3146/2893 2619/3144/2891 2683/3215/2956 
f 2684/3216/2957 2685/3217/2958 2686/3218/2959 2687/3219/2960 
f 2668/3193/2941 2663/3188/2936 2685/3220/2958 2684/3221/2957 
f 2672/3197/2945 2671/3196/2944 2670/3195/2943 2688/3222/2961 
f 2689/3223/2962 2637/3162/2910 2672/3197/2945 2688/3222/2961 
f 2624/3149/2896 2679/3208/2952 2605/3130/2877 2606/3131/2878 
f 2637/3162/2910 2690/3224/2963 2638/3163/2911 
f 2645/3170/2918 2675/3200/2948 2691/3225/2964 2646/3171/2919 
f 2620/3145/2892 2676/3226/2949 2673/3203/2946 2617/3142/2889 
f 2644/3169/2917 2680/3227/2953 2678/3205/2951 2640/3165/2913 
f 2605/3130/2877 2679/3208/2952 1249/1461/1376 1161/1362/1288 
f 2691/3225/2964 2675/3200/2948 1251/1463/1378 1250/1462/1377 
f 2620/3145/2892 1253/1465/1380 1252/1464/1379 2676/3226/2949 
f 2644/3169/2917 1255/3228/1382 1254/3229/1381 2680/3227/2953 
f 2602/3127/2874 1159/1360/1287 1253/1465/1380 2620/3145/2892 
f 2599/3124/2872 2692/3230/2965 2609/3134/2966 2600/3125/2873 
f 2692/3230/2965 1258/1470/1385 1257/1469/1385 2609/3134/2966 
f 2648/3173/2921 2647/3172/2920 2608/3133/2967 2607/3132/2968 
f 2608/3133/2967 2647/3172/2920 2635/3160/2908 2610/3135/2907 
f 2693/3231/2969 2614/3139/2970 2613/3138/2971 2694/3232/2972 
f 2613/3138/2971 2616/3141/2973 2695/3233/2974 2694/3232/2972 
f 2695/3233/2974 2616/3141/2973 1172/1373/1395 1262/1474/1394 
s off
f 2696/3234/2975 2611/3136/2975 2614/3139/2975 2693/3231/2975 
s 2
f 2598/3123/2976 2697/3235/2977 2599/3124/2978 
f 2697/3235/2977 2698/3236/2979 2692/3230/2980 2599/3124/2978 
f 2698/3236/2979 1262/1474/1402 1258/1470/1402 2692/3230/2980 
s 32
f 2688/3237/2961 2699/3238/2981 2700/3239/2982 2689/3240/2962 
f 2669/3241/2942 2699/3238/2981 2688/3237/2961 2670/3242/2943 
f 2699/3238/2981 2684/3216/2957 2687/3219/2960 2700/3239/2982 
f 2669/3241/2942 2668/3243/2941 2684/3216/2957 2699/3238/2981 
s 1
f 2689/3244/2983 2700/3245/2984 1269/1485/1407 1268/1484/1406 
f 2700/3245/2984 2687/3246/2985 1270/1487/1409 1269/1485/1407 
f 2687/3246/2985 2686/3247/2986 1271/1489/1411 1270/1487/1409 
s 32
f 2663/3188/2936 2662/3187/2935 2685/3220/2958 
f 2685/3220/2958 2662/3187/2935 2650/3175/2923 2686/3248/2959 
f 2686/3249/2959 2650/3175/2923 2649/3174/2922 
s 1
f 2686/3249/2986 2649/3174/2987 1272/1494/1413 1271/1493/1411 
f 2701/3250/2988 2702/3251/2989 2703/3252/2990 2704/3253/2991 
f 2704/3253/2991 2703/3252/2990 2705/3254/2992 2706/3255/2993 
f 2707/3256/2994 2705/3257/2992 2703/3252/2990 2708/3258/2995 
f 2708/3258/2995 2703/3252/2990 2702/3251/2989 2709/3259/2996 
f 2710/3260/2997 2711/3261/2998 2712/3262/2999 2713/3263/3000 
f 2713/3263/3000 2712/3264/2999 2714/3265/3001 2715/3266/3002 
f 2716/3267/3003 2714/3265/3001 2712/3264/2999 2717/3268/3004 
f 2717/3269/3004 2712/3262/2999 2711/3261/2998 2718/3270/3005 
f 2701/3250/2988 2719/3271/3006 2720/3272/3007 2702/3251/2989 
f 2702/3251/2989 2720/3272/3007 2721/3273/3008 2709/3259/2996 
f 2722/3274/3009 2721/3273/3008 2720/3272/3007 2723/3275/3010 
f 2723/3275/3010 2720/3272/3007 2719/3271/3006 2724/3276/3011 
f 2709/3259/2996 2721/3273/3008 2725/3277/3012 2708/3258/2995 
f 2708/3258/2995 2725/3277/3012 2726/3278/3013 2707/3256/2994 
f 2727/3279/3014 2726/3278/3013 2725/3277/3012 2728/3280/3015 
f 2728/3280/3015 2725/3277/3012 2721/3273/3008 2722/3274/3009 
f 2707/3256/2994 2726/3278/3013 2729/3281/3016 2705/3257/2992 
f 2705/3254/2992 2729/3282/3016 2730/3283/3017 2706/3255/2993 
f 2731/3284/3018 2730/3283/3017 2729/3282/3016 2732/3285/3019 
f 2732/3286/3019 2729/3281/3016 2726/3278/3013 2727/3279/3014 
f 2706/3255/2993 2730/3283/3017 2733/3287/3020 2704/3253/2991 
f 2704/3253/2991 2733/3287/3020 2719/3271/3006 2701/3250/2988 
f 2724/3276/3011 2719/3271/3006 2733/3287/3020 2734/3288/3021 
f 2734/3288/3021 2733/3287/3020 2730/3283/3017 2731/3284/3018 
f 2735/3289/3022 2736/3290/3023 2737/3291/3024 2738/3292/3025 
f 2738/3292/3025 2737/3291/3024 2739/3293/3026 2740/3294/3027 
f 2741/3295/3028 2739/3293/3026 2737/3291/3024 2742/3296/3029 
f 2742/3296/3029 2737/3291/3024 2736/3290/3023 2743/3297/3030 
f 2744/3298/3031 2745/3299/3032 2746/3300/3033 2747/3301/3034 
f 2747/3301/3034 2746/3300/3033 2748/3302/3035 2749/3303/3036 
f 2740/3294/3027 2748/3302/3035 2746/3300/3033 2738/3292/3025 
f 2738/3292/3025 2746/3300/3033 2745/3299/3032 2735/3289/3022 
f 2750/3304/3037 2751/3305/3038 2752/3306/3039 2753/3307/3040 
f 2753/3307/3040 2752/3306/3039 2754/3308/3041 2755/3309/3042 
f 2749/3303/3036 2754/3310/3041 2752/3311/3039 2747/3301/3034 
f 2747/3301/3034 2752/3311/3039 2751/3312/3038 2744/3298/3031 
f 2743/3297/3030 2756/3313/3043 2757/3314/3044 2742/3296/3029 
f 2742/3296/3029 2757/3314/3044 2758/3315/3045 2741/3295/3028 
f 2755/3309/3042 2758/3315/3045 2757/3314/3044 2753/3307/3040 
f 2753/3307/3040 2757/3314/3044 2756/3313/3043 2750/3304/3037 
f 2759/3316/3046 2760/3317/3047 2761/3318/3048 2762/3319/3049 
f 2762/3319/3049 2761/3318/3048 2713/3263/3000 2715/3266/3002 
f 2710/3260/2997 2713/3263/3000 2761/3318/3048 2763/3320/3050 
f 2763/3320/3050 2761/3318/3048 2760/3317/3047 2764/3321/3051 
f 2765/3322/3052 2766/3323/3053 2767/3324/3054 2768/3325/3055 
f 2768/3325/3055 2767/3324/3054 2714/3265/3001 2716/3267/3003 
f 2715/3266/3002 2714/3265/3001 2767/3324/3054 2762/3319/3049 
f 2762/3319/3049 2767/3324/3054 2766/3323/3053 2759/3316/3046 
f 2769/3326/3056 2770/3327/3057 2771/3328/3058 2772/3329/3059 
f 2772/3329/3059 2771/3328/3058 2717/3269/3004 2718/3270/3005 
f 2716/3267/3003 2717/3268/3004 2771/3330/3058 2768/3325/3055 
f 2768/3325/3055 2771/3330/3058 2770/3331/3057 2765/3322/3052 
f 2764/3321/3051 2773/3332/3060 2774/3333/3061 2763/3320/3050 
f 2763/3320/3050 2774/3333/3061 2711/3261/2998 2710/3260/2997 
f 2718/3270/3005 2711/3261/2998 2774/3333/3061 2772/3329/3059 
f 2772/3329/3059 2774/3333/3061 2773/3332/3060 2769/3326/3056 
f 2740/3294/3027 2739/3293/3026 2775/3334/3062 2776/3335/3063 
f 2776/3335/3063 2775/3334/3062 2760/3317/3047 2759/3316/3046 
f 2764/3321/3051 2760/3317/3047 2775/3334/3062 2777/3336/3064 
f 2777/3336/3064 2775/3334/3062 2739/3293/3026 2741/3295/3028 
f 2749/3303/3036 2748/3302/3035 2778/3337/3065 2779/3338/3066 
f 2779/3338/3066 2778/3337/3065 2766/3323/3053 2765/3322/3052 
f 2759/3316/3046 2766/3323/3053 2778/3337/3065 2776/3335/3063 
f 2776/3335/3063 2778/3337/3065 2748/3302/3035 2740/3294/3027 
f 2755/3309/3042 2754/3308/3041 2780/3339/3067 2781/3340/3068 
f 2781/3340/3068 2780/3339/3067 2770/3327/3057 2769/3326/3056 
f 2765/3322/3052 2770/3331/3057 2780/3341/3067 2779/3338/3066 
f 2779/3338/3066 2780/3341/3067 2754/3310/3041 2749/3303/3036 
f 2741/3295/3028 2758/3315/3045 2782/3342/3069 2777/3336/3064 
f 2777/3336/3064 2782/3342/3069 2773/3332/3060 2764/3321/3051 
f 2769/3326/3056 2773/3332/3060 2782/3342/3069 2781/3340/3068 
f 2781/3340/3068 2782/3342/3069 2758/3315/3045 2755/3309/3042 
f 2722/3274/3009 2723/3275/3010 2783/3343/3070 2784/3344/3071 
f 2784/3344/3071 2783/3343/3070 2736/3290/3023 2735/3289/3022 
f 2743/3297/3030 2736/3290/3023 2783/3343/3070 2785/3345/3072 
f 2785/3345/3072 2783/3343/3070 2723/3275/3010 2724/3276/3011 
f 2727/3279/3014 2728/3280/3015 2786/3346/3073 2787/3347/3074 
f 2787/3347/3074 2786/3346/3073 2745/3299/3032 2744/3298/3031 
f 2735/3289/3022 2745/3299/3032 2786/3346/3073 2784/3344/3071 
f 2784/3344/3071 2786/3346/3073 2728/3280/3015 2722/3274/3009 
f 2731/3284/3018 2732/3285/3019 2788/3348/3075 2789/3349/3076 
f 2789/3349/3076 2788/3348/3075 2751/3305/3038 2750/3304/3037 
f 2744/3298/3031 2751/3312/3038 2788/3350/3075 2787/3347/3074 
f 2787/3347/3074 2788/3350/3075 2732/3286/3019 2727/3279/3014 
f 2724/3276/3011 2734/3288/3021 2790/3351/3077 2785/3345/3072 
f 2785/3345/3072 2790/3351/3077 2756/3313/3043 2743/3297/3030 
f 2750/3304/3037 2756/3313/3043 2790/3351/3077 2789/3349/3076 
f 2789/3349/3076 2790/3351/3077 2734/3288/3021 2731/3284/3018 
s 32
f 2791/3352/3078 2792/3353/3079 2793/3354/3080 2794/3355/3081 
f 2794/3355/3081 2793/3354/3080 2795/3356/3082 2796/3357/3083 
f 2797/3358/3084 2795/3356/3082 2793/3354/3080 2798/3359/3085 
f 2798/3359/3085 2793/3354/3080 2792/3353/3079 2799/3360/1511 
f 2800/3361/3086 2801/3362/3087 2802/3363/3088 2803/3364/3089 
f 2803/3364/3089 2802/3363/3088 2804/3365/3090 2805/3366/3091 
f 2806/3367/3092 2804/3365/3090 2802/3363/3088 2807/3368/3093 
f 2807/3368/3093 2802/3363/3088 2801/3362/3087 2808/3369/3094 
f 2809/3370/1545 2810/3371/1546 2811/3372/3095 2812/3373/1542 
f 2812/3373/1542 2811/3372/3095 2813/3374/1544 2814/3375/1541 
f 2815/3376/1549 2813/3374/1544 2811/3372/3095 2816/3377/3096 
f 2816/3377/3096 2811/3372/3095 2810/3371/1546 2817/3378/3097 
f 2818/3379/3098 2819/3380/1537 2820/3381/3099 2821/3382/3100 
f 2821/3382/3100 2820/3381/3099 2822/3383/1535 2823/3384/1532 
f 2824/3385/3101 2822/3383/1535 2820/3381/3099 2825/3386/3102 
f 2825/3386/3102 2820/3381/3099 2819/3380/1537 2826/3387/3103 
f 2827/3388/1527 2828/3389/1528 2829/3390/1525 2830/3391/3104 
f 2830/3391/3104 2829/3390/1525 2831/3392/1526 2832/3393/1523 
f 2833/3394/1531 2831/3392/1526 2829/3390/1525 2834/3395/1530 
f 2834/3395/1530 2829/3390/1525 2828/3389/1528 2835/3396/1529 
f 2836/3397/3105 2837/3398/3106 2838/3399/3107 2839/3400/3108 
f 2839/3400/3108 2838/3399/3107 2840/3401/1553 2841/3402/3109 
f 2842/3403/3110 2840/3401/1553 2838/3399/3107 2843/3404/3111 
f 2843/3404/3111 2838/3399/3107 2837/3398/3106 2844/3405/3112 
f 2791/3352/3078 2845/3406/3113 2846/3407/3114 2847/3408/3115 
f 2847/3409/3115 2846/3410/3114 2848/3411/3116 2809/3370/1545 
f 2841/3402/3109 2848/3411/3116 2846/3410/3114 2845/3412/3113 
f 2800/3361/3086 2849/3413/3117 2850/3414/3118 2851/3415/3119 
f 2851/3416/3119 2850/3417/3118 2852/3418/3120 2842/3403/3110 
f 2817/3378/3097 2852/3418/3120 2850/3417/3118 2849/3419/3117 
f 2815/3376/1549 2853/3420/3121 2854/3421/3122 2855/3422/3123 
f 2855/3422/3123 2854/3421/3122 2856/3423/3124 2826/3387/3103 
f 2805/3366/3091 2856/3424/3124 2854/3425/3122 2853/3426/3121 
f 2818/3379/3098 2857/3427/1582 2858/3428/3125 2859/3429/1579 
f 2859/3429/1579 2858/3428/3125 2860/3430/1581 2814/3375/1541 
f 2799/3360/1511 2860/3431/1581 2858/3432/3125 2857/3433/1582 
f 2824/3385/3101 2861/3434/3126 2862/3435/3127 2863/3436/3128 
f 2863/3436/3128 2862/3435/3127 2864/3437/3129 2835/3438/1529 
f 2806/3367/3092 2864/3439/3129 2862/3440/3127 2861/3441/3126 
f 2827/3442/1527 2865/3443/3130 2866/3444/1572 2867/3445/1571 
f 2867/3445/1571 2866/3444/1572 2868/3446/1573 2823/3384/1532 
f 2797/3358/3084 2868/3447/1573 2866/3448/1572 2865/3449/3130 
f 2833/3394/1531 2869/3450/3131 2870/3451/3132 2871/3452/3133 
f 2871/3452/3133 2870/3451/3132 2872/3453/3134 2844/3405/3112 
f 2808/3369/3094 2872/3454/3134 2870/3455/3132 2869/3456/3131 
f 2836/3397/3105 2873/3457/3135 2874/3458/3136 2875/3459/1562 
f 2875/3459/1562 2874/3458/3136 2876/3460/1559 2832/3393/1523 
f 2796/3357/3083 2876/3461/1559 2874/3462/3136 2873/3463/3135 
f 2796/3357/3083 2873/3463/3135 2877/3464/3137 2794/3355/3081 
f 2794/3355/3081 2877/3464/3137 2845/3406/3113 2791/3352/3078 
f 2841/3402/3109 2845/3412/3113 2877/3465/3137 2839/3400/3108 
f 2839/3400/3108 2877/3465/3137 2873/3457/3135 2836/3397/3105 
f 2797/3358/3084 2865/3449/3130 2878/3466/3138 2795/3356/3082 
f 2795/3356/3082 2878/3466/3138 2876/3461/1559 2796/3357/3083 
f 2832/3393/1523 2876/3460/1559 2878/3467/3138 2830/3391/3104 
f 2830/3391/3104 2878/3467/3138 2865/3468/3130 2827/3388/1527 
f 2799/3360/1511 2857/3433/1582 2879/3469/3139 2798/3359/3085 
f 2798/3359/3085 2879/3469/3139 2868/3447/1573 2797/3358/3084 
f 2823/3384/1532 2868/3446/1573 2879/3470/3139 2821/3382/3100 
f 2821/3382/3100 2879/3470/3139 2857/3427/1582 2818/3379/3098 
f 2791/3352/3078 2847/3408/3115 2880/3471/3140 2792/3353/3079 
f 2792/3353/3079 2880/3471/3140 2860/3431/1581 2799/3360/1511 
f 2814/3375/1541 2860/3430/1581 2880/3472/3140 2812/3373/1542 
f 2812/3373/1542 2880/3472/3140 2847/3409/3115 2809/3370/1545 
f 2805/3366/3091 2853/3426/3121 2881/3473/3141 2803/3364/3089 
f 2803/3364/3089 2881/3473/3141 2849/3413/3117 2800/3361/3086 
f 2817/3378/3097 2849/3419/3117 2881/3474/3141 2816/3377/3096 
f 2816/3377/3096 2881/3474/3141 2853/3420/3121 2815/3376/1549 
f 2806/3367/3092 2861/3441/3126 2882/3475/3142 2804/3365/3090 
f 2804/3365/3090 2882/3475/3142 2856/3424/3124 2805/3366/3091 
f 2826/3387/3103 2856/3423/3124 2882/3476/3142 2825/3386/3102 
f 2825/3386/3102 2882/3476/3142 2861/3434/3126 2824/3385/3101 
f 2808/3369/3094 2869/3456/3131 2883/3477/3143 2807/3368/3093 
f 2807/3368/3093 2883/3477/3143 2864/3439/3129 2806/3367/3092 
f 2835/3396/1529 2864/3478/3129 2883/3479/3143 2834/3395/1530 
f 2834/3395/1530 2883/3479/3143 2869/3450/3131 2833/3394/1531 
f 2800/3361/3086 2851/3415/3119 2884/3480/3144 2801/3362/3087 
f 2801/3362/3087 2884/3480/3144 2872/3454/3134 2808/3369/3094 
f 2844/3405/3112 2872/3453/3134 2884/3481/3144 2843/3404/3111 
f 2843/3404/3111 2884/3481/3144 2851/3416/3119 2842/3403/3110 
f 2815/3376/1549 2855/3422/3123 2885/3482/3145 2813/3374/1544 
f 2813/3374/1544 2885/3482/3145 2859/3429/1579 2814/3375/1541 
f 2818/3379/3098 2859/3429/1579 2885/3482/3145 2819/3380/1537 
f 2819/3380/1537 2885/3482/3145 2855/3422/3123 2826/3387/3103 
f 2809/3370/1545 2848/3411/3116 2886/3483/3146 2810/3371/1546 
f 2810/3371/1546 2886/3483/3146 2852/3418/3120 2817/3378/3097 
f 2842/3403/3110 2852/3418/3120 2886/3483/3146 2840/3401/1553 
f 2840/3401/1553 2886/3483/3146 2848/3411/3116 2841/3402/3109 
f 2824/3385/3101 2863/3436/3128 2887/3484/3147 2822/3383/1535 
f 2822/3383/1535 2887/3484/3147 2867/3445/1571 2823/3384/1532 
f 2827/3442/1527 2867/3445/1571 2887/3484/3147 2828/3485/1528 
f 2828/3485/1528 2887/3484/3147 2863/3436/3128 2835/3438/1529 
f 2833/3394/1531 2871/3452/3133 2888/3486/1600 2831/3392/1526 
f 2831/3392/1526 2888/3486/1600 2875/3459/1562 2832/3393/1523 
f 2836/3397/3105 2875/3459/1562 2888/3486/1600 2837/3398/3106 
f 2837/3398/3106 2888/3486/1600 2871/3452/3133 2844/3405/3112 
s 1
f 2889/3487/3148 2890/3488/3149 2891/3489/3150 2892/3490/3151 
f 2892/3491/3151 2891/3492/3150 2893/3493/3152 2894/3494/3153 
f 2895/3495/3154 2893/3493/3152 2891/3492/3150 2896/3496/3155 
f 2896/3496/3155 2891/3489/3150 2890/3488/3149 2897/3497/3156 
f 2898/3498/3157 2899/3499/3158 2900/3500/3159 2901/3501/3160 
f 2901/3501/3160 2900/3500/3159 2902/3502/3161 2903/3503/3162 
f 2904/3504/3163 2902/3502/3161 2900/3500/3159 2905/3505/3164 
f 2905/3505/3164 2900/3500/3159 2899/3499/3158 2906/3506/3165 
f 2889/3487/3148 2907/3507/3166 2908/3508/3167 2890/3488/3149 
f 2890/3488/3149 2908/3508/3167 2909/3509/3168 2897/3497/3156 
f 2903/3503/3162 2909/3509/3168 2908/3508/3167 2901/3501/3160 
f 2901/3501/3160 2908/3508/3167 2907/3507/3166 2898/3498/3157 
f 2897/3497/3156 2909/3509/3168 2910/3510/3169 2896/3496/3155 
f 2896/3496/3155 2910/3510/3169 2911/3511/3170 2895/3495/3154 
f 2904/3504/3163 2911/3511/3170 2910/3510/3169 2902/3502/3161 
f 2902/3502/3161 2910/3510/3169 2909/3509/3168 2903/3503/3162 
f 2895/3495/3154 2911/3511/3170 2912/3512/3171 2893/3493/3152 
f 2893/3493/3152 2912/3512/3171 1486/3513/1628 1485/3514/1627 2894/3494/3153 
f 2906/3506/3165 1487/3515/1629 1486/3513/1628 2912/3512/3171 2905/3505/3164 
f 2905/3505/3164 2912/3512/3171 2911/3511/3170 2904/3504/3163 
f 2894/3494/3153 1485/3514/1627 1489/3516/1631 2913/3517/3172 2892/3491/3151 
f 2892/3490/3151 2913/3518/3172 2907/3507/3166 2889/3487/3148 
f 2898/3519/3157 2907/3520/3166 2913/3521/3172 2899/3522/3158 
f 2899/3499/3158 2913/3517/3172 1489/3516/1631 1487/3515/1629 2906/3506/3165 
f 2914/3523/3173 2915/3524/3174 2916/3525/3175 2917/3526/3176 
f 2917/3527/3176 2916/3528/3175 2918/3529/3177 2919/3530/3178 
f 2920/3531/3179 2918/3529/3177 2916/3528/3175 2921/3532/3180 
f 2921/3532/3180 2916/3525/3175 2915/3524/3174 2922/3533/3181 
f 2923/3534/3182 2924/3535/3183 2925/3536/3184 2926/3537/3185 
f 2926/3537/3185 2925/3536/3184 2927/3538/3186 2928/3539/3187 
f 2929/3540/3188 2927/3538/3186 2925/3536/3184 2930/3541/3189 
f 2930/3541/3189 2925/3536/3184 2924/3535/3183 2931/3542/3190 
f 2914/3523/3173 2932/3543/3191 2933/3544/3192 2915/3524/3174 
f 2915/3524/3174 2933/3544/3192 2934/3545/3193 2922/3533/3181 
f 2928/3539/3187 2934/3545/3193 2933/3544/3192 2926/3537/3185 
f 2926/3537/3185 2933/3544/3192 2932/3543/3191 2923/3534/3182 
f 2922/3533/3181 2934/3545/3193 2935/3546/3194 2921/3532/3180 
f 2921/3532/3180 2935/3546/3194 2936/3547/3195 2920/3531/3179 
f 2929/3540/3188 2936/3547/3195 2935/3546/3194 2927/3538/3186 
f 2927/3538/3186 2935/3546/3194 2934/3545/3193 2928/3539/3187 
f 2920/3531/3179 2936/3547/3195 2937/3548/3196 2918/3529/3177 
f 2918/3529/3177 2937/3548/3196 2938/3549/3197 2919/3530/3178 
f 2931/3542/3190 2938/3549/3197 2937/3548/3196 2930/3541/3189 
f 2930/3541/3189 2937/3548/3196 2936/3547/3195 2929/3540/3188 
f 2919/3530/3178 2938/3549/3197 2939/3550/3198 2917/3527/3176 
f 2917/3526/3176 2939/3551/3198 2932/3543/3191 2914/3523/3173 
f 2923/3534/3182 2932/3543/3191 2939/3551/3198 2924/3535/3183 
f 2924/3535/3183 2939/3550/3198 2938/3549/3197 2931/3542/3190 
s 2
f 2940/3552/3199 2941/3553/3199 2942/3554/3199 2943/3555/3199 
s 4
f 2944/3556/3200 2945/3557/3200 2946/3558/3200 2947/3559/3200 
s 8
f 2940/3552/3201 2944/3556/3201 2947/3559/3201 2941/3553/3201 
s 16
f 2941/3560/3202 2947/3559/3202 2946/3558/3202 2942/3561/3202 
s 32
f 2942/3554/3203 2946/3558/3203 2945/3557/3203 2943/3555/3203 
s 64
f 2943/3555/3204 2945/3562/3204 2944/3563/3204 2940/3552/3204 
s 2
f 2948/3564/3205 2949/3565/3205 1526/3566/1665 1525/3567/1665 
s 4
f 2950/3568/3206 2951/3569/3206 2952/3570/3206 2953/3571/3206 
s 8
f 2948/3564/3207 2950/3568/3207 2953/3571/3207 2949/3565/3207 
s 16
f 2949/3572/3208 2953/3571/3208 2952/3570/3208 1532/1816/1669 1526/1815/1669 
s 2
f 19/19/19 13/13/13 1560/1863/1704 1562/1865/1706 
f 1533/1817/1670 1534/1818/1671 1581/1884/1725 1580/1883/1724 
f 86/86/86 1533/1817/1670 1580/1883/1724 1579/1882/1723 
f 1534/1818/1671 1535/1819/1672 1582/1885/1726 1581/1884/1725 
f 12/12/12 76/76/76 1619/1922/1763 1561/1864/1705 
f 75/75/75 80/80/80 1621/1924/1765 1620/1923/1764 
f 92/92/92 87/87/87 1627/1930/1771 1628/1931/1772 
f 79/79/79 93/93/93 1631/1934/1775 1622/1925/1766 
f 126/126/126 106/106/106 1641/1944/1785 1643/1946/1787 
f 210/1820/210 124/124/124 1657/1960/1801 1656/1959/1800 
f 123/123/123 127/127/127 1659/1962/1803 1658/1961/1802 
f 1536/1821/1673 1537/1822/1674 1671/1974/1815 1670/1973/1814 
f 1538/1823/1675 1536/1821/1673 1670/1973/1814 1669/1972/1813 
f 1539/1824/1676 1540/1825/1677 1683/1989/1827 1682/1988/1826 
f 1541/1826/1678 1539/1824/1676 1682/1988/1826 1681/1987/1825 
f 1542/1827/1679 1541/1826/1678 1681/1987/1825 1687/1993/1831 
f 1537/1822/1674 1542/1827/1679 1687/1993/1831 1671/1974/1815 
f 218/251/218 211/243/211 1741/2075/1885 1742/2077/1886 
f 232/269/232 219/252/219 1747/2083/1891 1748/2084/1892 
f 1540/1828/1677 230/267/230 1755/2095/1899 1683/2094/1827 
f 229/266/229 233/270/233 1757/2097/1901 1756/2096/1900 
s 128
f 470/3573/595 456/3574/581 2011/2420/2280 1988/2397/2257 1987/2396/2256 2063/3575/2332 472/3576/597 
s 32
f 569/1829/1680 573/1832/1680 2083/3577/1680 2081/3578/1680 
s 1
f 1034/1224/1150 1021/1208/1137 2499/3001/2759 2501/1224/2761 
f 1543/1833/1681 1544/1834/1682 2507/3008/2767 2505/3006/2765 
f 1037/1229/1153 1543/1833/1681 2505/3006/2765 2504/3005/2764 
f 1544/1834/1682 1035/1226/1151 2512/3016/2772 2507/3008/2767 
f 1020/1207/1136 1038/1835/1154 2513/3017/2773 2500/3002/2760 
f 1050/1836/1166 1041/1233/1157 2515/3020/2775 2519/3579/2779 
f 1065/3040/1181 1051/3027/1167 2520/3026/2780 2527/3035/2787 
f 1040/1838/1156 1055/1247/1171 2522/3030/2782 2514/3041/2774 
f 1073/3048/1189 1066/3039/1182 2526/3034/2786 2528/3036/2788 
f 1054/1246/1170 1068/1260/1184 2523/3031/2783 2521/3029/2781 
f 1048/3023/1164 1074/3047/1190 2534/3046/2794 2518/3024/2778 
f 1067/1259/1183 1075/1269/1191 2532/3044/2792 2530/3038/2790 
f 1098/1839/1208 1079/1273/1195 2535/3049/2795 2550/3580/2804 
f 1257/1469/1683 1545/1841/1683 2607/3132/2879 2609/3134/2882 
s 32
f 1546/3581/1684 1255/3228/1382 2644/3169/2917 2643/3168/2916 
f 1547/3582/1685 1548/3583/1685 2690/3224/2963 2637/3162/2910 
f 1549/1845/1686 1272/1494/1687 2649/3174/2922 2648/3173/2921 
f 1252/1846/1379 1251/1463/1378 2675/3200/2948 2676/3201/2949 
f 1254/1847/1381 1249/1461/1376 2679/3208/2952 2680/3209/2953 
s 1
f 1268/3584/1406 1547/3582/1689 2637/3162/3209 2689/3223/2983 
s 32
f 1545/1841/1690 1549/1845/1686 2648/3173/2921 2607/3132/2968 
f 1550/3585/1691 1532/3586/1691 2952/3570/3210 2951/3569/3210 
s 64
f 1525/1807/1693 1550/1853/1693 2951/3587/3211 2950/3588/3211 2948/3589/3211 
s 1
f 2954/3590/3212 2955/3591/3213 2956/3592/3214 2957/3593/3215 
f 2954/3590/3212 2958/3594/3216 2959/3595/3217 2960/3596/3218 
f 2961/3597/3219 2960/3596/3218 2959/3595/3217 2962/3598/3220 
f 2963/3599/3221 2964/3600/3222 2965/3601/3223 2966/3602/3224 
f 2967/3603/3225 2968/3604/3226 2969/3605/3227 2970/3606/3228 
f 2968/3604/3226 2971/3607/3229 2972/3608/3230 2969/3605/3227 
f 2973/3609/3231 2974/3610/3232 2975/3611/3233 2976/3612/3234 2963/3599/3221 2966/3602/3224 2977/3613/3235 2978/3614/3236 
f 2961/3597/3219 2979/3615/3237 2980/3616/3238 2960/3596/3218 
f 2961/3617/3219 2962/3618/3220 2981/3619/3239 2982/3620/3240 
f 2983/3621/3241 2982/3620/3240 2981/3619/3239 2970/3606/3228 
f 2984/3622/3242 2985/3623/3243 2986/3624/3244 
f 2971/3607/3229 2987/3625/3245 2988/3626/3246 2972/3608/3230 
f 2968/3604/3226 2967/3603/3225 2986/3624/3244 
f 2986/3624/3244 2987/3625/3245 2971/3607/3229 
f 2986/3624/3244 2989/3627/3247 2990/3628/3248 
f 2971/3607/3229 2968/3604/3226 2986/3624/3244 
f 2954/3590/3212 2957/3593/3215 2988/3626/3246 2958/3594/3216 
f 2985/3623/3243 2987/3625/3245 2986/3624/3244 
f 2990/3629/3248 2984/3622/3242 2986/3624/3244 
f 2967/3603/3225 2989/3627/3247 2986/3624/3244 
f 2963/3599/3221 2976/3612/3234 2991/3630/3249 2964/3600/3222 
f 2961/3617/3219 2982/3620/3240 2992/3631/3250 2979/3632/3237 
f 2976/3612/3234 2975/3611/3233 2992/3631/3250 2991/3630/3249 
f 2993/3633/3251 2957/3593/3215 2956/3592/3214 2965/3601/3223 
f 2954/3590/3212 2960/3596/3218 2980/3616/3238 2955/3591/3213 
f 2958/3594/3216 2985/3623/3243 2984/3622/3242 2959/3595/3217 
f 2959/3595/3217 2984/3622/3242 2990/3629/3248 2962/3598/3220 
f 2969/3605/3227 2994/3634/3252 2983/3621/3241 2970/3606/3228 
f 2972/3608/3230 2993/3633/3251 2994/3634/3252 2969/3605/3227 
f 2962/3618/3220 2990/3628/3248 2989/3627/3247 2981/3619/3239 
f 2981/3619/3239 2989/3627/3247 2967/3603/3225 2970/3606/3228 
f 2988/3626/3246 2957/3593/3215 2993/3633/3251 2972/3608/3230 
f 2988/3626/3246 2987/3625/3245 2985/3623/3243 2958/3594/3216 
f 2955/3591/3213 2978/3614/3236 2977/3613/3235 2956/3592/3214 
f 2964/3600/3222 2994/3634/3252 2993/3633/3251 2965/3601/3223 
f 2979/3615/3237 2974/3635/3232 2973/3609/3231 2980/3616/3238 
f 2991/3630/3249 2983/3621/3241 2994/3634/3252 2964/3600/3222 
f 2992/3631/3250 2975/3611/3233 2974/3636/3232 2979/3632/3237 
f 2992/3631/3250 2982/3620/3240 2983/3621/3241 2991/3630/3249 
f 2956/3592/3214 2977/3613/3235 2966/3602/3224 2965/3601/3223 
f 2980/3616/3238 2973/3609/3231 2978/3614/3236 2955/3591/3213 
f 2995/3637/3253 2996/3638/3254 2997/3639/3255 2998/3640/3256 
f 2995/3637/3253 2999/3641/3257 3000/3642/3258 3001/3643/3259 
f 3002/3644/3260 3001/3643/3259 3000/3642/3258 3003/3645/3261 
f 3004/3646/3262 3005/3647/3263 3006/3648/3264 3007/3649/3265 
f 3008/3650/3266 3009/3651/3267 3010/3652/3268 3011/3653/3269 
f 3009/3651/3267 3012/3654/3270 3013/3655/3271 3010/3652/3268 
f 3014/3656/3272 3015/3657/3273 3016/3658/3274 3017/3659/3275 3004/3646/3262 3007/3649/3265 3018/3660/3276 3019/3661/3277 
f 3002/3644/3260 3020/3662/3278 3021/3663/3279 3001/3643/3259 
f 3002/3644/3260 3003/3645/3261 3022/3664/3280 3023/3665/3281 
f 3024/3666/3282 3023/3667/3281 3022/3668/3280 3011/3653/3269 
f 3025/3669/3283 3026/3670/3284 3027/3671/3285 
f 3012/3654/3270 3028/3672/3286 3029/3673/3287 3013/3655/3271 
f 3009/3651/3267 3008/3650/3266 3027/3671/3285 
f 3027/3671/3285 3028/3672/3286 3012/3654/3270 
f 3027/3671/3285 3030/3674/3288 3031/3675/3289 
f 3012/3654/3270 3009/3651/3267 3027/3671/3285 
f 2995/3637/3253 2998/3640/3256 3029/3673/3287 2999/3641/3257 
f 3026/3670/3284 3028/3672/3286 3027/3671/3285 
f 3031/3675/3289 3025/3669/3283 3027/3671/3285 
f 3008/3650/3266 3030/3676/3288 3027/3671/3285 
f 3004/3646/3262 3017/3659/3275 3032/3677/3290 3005/3647/3263 
f 3002/3644/3260 3023/3665/3281 3033/3678/3291 3020/3662/3278 
f 3017/3659/3275 3016/3679/3274 3033/3680/3291 3032/3677/3290 
f 3034/3681/3292 2998/3640/3256 2997/3639/3255 3006/3648/3264 
f 2995/3637/3253 3001/3643/3259 3021/3663/3279 2996/3638/3254 
f 2999/3641/3257 3026/3670/3284 3025/3669/3283 3000/3642/3258 
f 3000/3642/3258 3025/3669/3283 3031/3675/3289 3003/3645/3261 
f 3010/3652/3268 3035/3682/3293 3024/3666/3282 3011/3653/3269 
f 3013/3655/3271 3034/3681/3292 3035/3682/3293 3010/3652/3268 
f 3003/3645/3261 3031/3675/3289 3030/3674/3288 3022/3664/3280 
f 3022/3668/3280 3030/3676/3288 3008/3650/3266 3011/3653/3269 
f 3029/3673/3287 2998/3640/3256 3034/3681/3292 3013/3655/3271 
f 3029/3673/3287 3028/3672/3286 3026/3670/3284 2999/3641/3257 
f 2996/3638/3254 3019/3661/3277 3018/3660/3276 2997/3639/3255 
f 3005/3647/3263 3035/3682/3293 3034/3681/3292 3006/3648/3264 
f 3020/3662/3278 3015/3657/3273 3014/3656/3272 3021/3663/3279 
f 3032/3677/3290 3024/3666/3282 3035/3682/3293 3005/3647/3263 
f 3033/3678/3291 3016/3683/3274 3015/3657/3273 3020/3662/3278 
f 3033/3680/3291 3023/3667/3281 3024/3666/3282 3032/3677/3290 
f 2997/3639/3255 3018/3660/3276 3007/3649/3265 3006/3648/3264 
f 3021/3663/3279 3014/3656/3272 3019/3661/3277 2996/3638/3254 
f 3036/3684/3294 3037/3685/3295 3038/3686/3296 3039/3687/3297 
f 3036/3684/3294 3040/3688/3298 3041/3689/3299 3042/3690/3300 
f 3043/3691/3301 3042/3690/3300 3041/3689/3299 3044/3692/3302 
f 3045/3693/3303 3046/3694/3304 3047/3695/3305 3048/3696/3306 
f 3049/3697/3307 3050/3698/3308 3051/3699/3309 3052/3700/3310 
f 3050/3698/3308 3053/3701/3311 3054/3702/3312 3051/3699/3309 
f 3055/3703/3313 3056/3704/3314 3057/3705/3315 3058/3706/3316 3045/3693/3303 3048/3696/3306 3059/3707/3317 3060/3708/3318 
f 3043/3691/3301 3061/3709/3319 3062/3710/3320 3042/3690/3300 
f 3043/3711/3301 3044/3712/3302 3063/3713/3321 3064/3714/3322 
f 3065/3715/3323 3064/3714/3322 3063/3713/3321 3052/3700/3310 
f 3066/3716/3324 3067/3717/3325 3068/3718/3326 
f 3053/3701/3311 3069/3719/3327 3070/3720/3328 3054/3702/3312 
f 3050/3698/3308 3049/3697/3307 3068/3718/3326 
f 3068/3718/3326 3069/3719/3327 3053/3701/3311 
f 3068/3718/3326 3071/3721/3329 3072/3722/3330 
f 3053/3701/3311 3050/3698/3308 3068/3718/3326 
f 3036/3684/3294 3039/3687/3297 3070/3720/3328 3040/3688/3298 
f 3067/3717/3325 3069/3719/3327 3068/3718/3326 
f 3072/3723/3330 3066/3716/3324 3068/3718/3326 
f 3049/3697/3307 3071/3721/3329 3068/3718/3326 
f 3045/3693/3303 3058/3706/3316 3073/3724/3331 3046/3694/3304 
f 3043/3711/3301 3064/3714/3322 3074/3725/3332 3061/3726/3319 
f 3058/3706/3316 3057/3705/3315 3074/3725/3332 3073/3724/3331 
f 3075/3727/3333 3039/3687/3297 3038/3686/3296 3047/3695/3305 
f 3036/3684/3294 3042/3690/3300 3062/3710/3320 3037/3685/3295 
f 3040/3688/3298 3067/3717/3325 3066/3716/3324 3041/3689/3299 
f 3041/3689/3299 3066/3716/3324 3072/3723/3330 3044/3692/3302 
f 3051/3699/3309 3076/3728/3334 3065/3715/3323 3052/3700/3310 
f 3054/3702/3312 3075/3727/3333 3076/3728/3334 3051/3699/3309 
f 3044/3712/3302 3072/3722/3330 3071/3721/3329 3063/3713/3321 
f 3063/3713/3321 3071/3721/3329 3049/3697/3307 3052/3700/3310 
f 3070/3720/3328 3039/3687/3297 3075/3727/3333 3054/3702/3312 
f 3070/3720/3328 3069/3719/3327 3067/3717/3325 3040/3688/3298 
f 3037/3685/3295 3060/3708/3318 3059/3707/3317 3038/3686/3296 
f 3046/3694/3304 3076/3728/3334 3075/3727/3333 3047/3695/3305 
f 3061/3709/3319 3056/3729/3314 3055/3703/3313 3062/3710/3320 
f 3073/3724/3331 3065/3715/3323 3076/3728/3334 3046/3694/3304 
f 3074/3725/3332 3057/3705/3315 3056/3730/3314 3061/3726/3319 
f 3074/3725/3332 3064/3714/3322 3065/3715/3323 3073/3724/3331 
f 3038/3686/3296 3059/3707/3317 3048/3696/3306 3047/3695/3305 
f 3062/3710/3320 3055/3703/3313 3060/3708/3318 3037/3685/3295 
f 3077/3731/3335 3078/3732/3336 3079/3733/3337 3080/3734/3338 
f 3077/3731/3335 3081/3735/3339 3082/3736/3340 3083/3737/3341 
f 3084/3738/3342 3083/3737/3341 3082/3736/3340 3085/3739/3343 
f 3086/3740/3344 3087/3741/3345 3088/3742/3346 3089/3743/3347 
f 3090/3744/3348 3091/3745/3349 3092/3746/3350 3093/3747/3351 
f 3091/3745/3349 3094/3748/3352 3095/3749/3353 3092/3746/3350 
f 3096/3750/3354 3097/3751/3355 3098/3752/3356 3099/3753/3357 3086/3740/3344 3089/3743/3347 3100/3754/3358 3101/3755/3359 
f 3084/3738/3342 3102/3756/3360 3103/3757/3361 3083/3737/3341 
f 3084/3758/3342 3085/3759/3343 3104/3760/3362 3105/3761/3363 
f 3106/3762/3364 3105/3761/3363 3104/3760/3362 3093/3747/3351 
f 3107/3763/3365 3108/3764/3366 3109/3765/3367 
f 3094/3748/3352 3110/3766/3368 3111/3767/3369 3095/3749/3353 
f 3091/3745/3349 3090/3744/3348 3109/3768/3367 
f 3109/3768/3367 3110/3766/3368 3094/3748/3352 
f 3109/3768/3367 3112/3769/3370 3113/3770/3371 
f 3094/3748/3352 3091/3745/3349 3109/3768/3367 
f 3077/3731/3335 3080/3734/3338 3111/3767/3369 3081/3735/3339 
f 3108/3764/3366 3110/3771/3368 3109/3765/3367 
f 3113/3772/3371 3107/3773/3365 3109/3774/3367 
f 3090/3744/3348 3112/3769/3370 3109/3768/3367 
f 3086/3740/3344 3099/3753/3357 3114/3775/3372 3087/3741/3345 
f 3084/3758/3342 3105/3761/3363 3115/3776/3373 3102/3777/3360 
f 3099/3753/3357 3098/3752/3356 3115/3776/3373 3114/3775/3372 
f 3116/3778/3374 3080/3734/3338 3079/3733/3337 3088/3742/3346 
f 3077/3731/3335 3083/3737/3341 3103/3757/3361 3078/3732/3336 
f 3081/3735/3339 3108/3779/3366 3107/3773/3365 3082/3736/3340 
f 3082/3736/3340 3107/3773/3365 3113/3772/3371 3085/3739/3343 
f 3092/3746/3350 3117/3780/3375 3106/3762/3364 3093/3747/3351 
f 3095/3749/3353 3116/3778/3374 3117/3780/3375 3092/3746/3350 
f 3085/3759/3343 3113/3770/3371 3112/3769/3370 3104/3760/3362 
f 3104/3760/3362 3112/3769/3370 3090/3744/3348 3093/3747/3351 
f 3111/3767/3369 3080/3734/3338 3116/3778/3374 3095/3749/3353 
f 3111/3767/3369 3110/3766/3368 3108/3779/3366 3081/3735/3339 
f 3078/3732/3336 3101/3755/3359 3100/3754/3358 3079/3733/3337 
f 3087/3741/3345 3117/3780/3375 3116/3778/3374 3088/3742/3346 
f 3102/3756/3360 3097/3781/3355 3096/3750/3354 3103/3757/3361 
f 3114/3775/3372 3106/3762/3364 3117/3780/3375 3087/3741/3345 
f 3115/3776/3373 3098/3752/3356 3097/3782/3355 3102/3777/3360 
f 3115/3776/3373 3105/3761/3363 3106/3762/3364 3114/3775/3372 
f 3079/3733/3337 3100/3754/3358 3089/3743/3347 3088/3742/3346 
f 3103/3757/3361 3096/3750/3354 3101/3755/3359 3078/3732/3336 
f 3118/3783/3376 3119/3784/3377 3120/3785/3378 3121/3786/3379 
f 3118/3783/3376 3122/3787/3380 3123/3788/3381 3124/3789/3382 
f 3125/3790/3383 3124/3789/3382 3123/3788/3381 3126/3791/3384 
f 3127/3792/3385 3128/3793/3386 3129/3794/3387 3130/3795/3388 
f 3131/3796/3389 3132/3797/3390 3133/3798/3391 3134/3799/3392 
f 3132/3797/3390 3135/3800/3393 3136/3801/3394 3133/3798/3391 
f 3137/3802/3395 3138/3803/3396 3139/3804/3397 3140/3805/3398 3127/3792/3385 3130/3795/3388 3141/3806/3399 3142/3807/3400 
f 3125/3790/3383 3143/3808/3401 3144/3809/3402 3124/3789/3382 
f 3125/3790/3383 3126/3791/3384 3145/3810/3403 3146/3811/3404 
f 3147/3812/3405 3146/3813/3404 3145/3814/3403 3134/3799/3392 
f 3148/3815/3406 3149/3816/3407 3150/3817/3408 
f 3135/3800/3393 3151/3818/3409 3152/3819/3410 3136/3801/3394 
f 3132/3797/3390 3131/3796/3389 3150/3817/3408 
f 3150/3817/3408 3151/3818/3409 3135/3800/3393 
f 3150/3817/3408 3153/3820/3411 3154/3821/3412 
f 3135/3800/3393 3132/3797/3390 3150/3817/3408 
f 3118/3783/3376 3121/3786/3379 3152/3819/3410 3122/3787/3380 
f 3149/3816/3407 3151/3818/3409 3150/3817/3408 
f 3154/3821/3412 3148/3815/3406 3150/3817/3408 
f 3131/3796/3389 3153/3822/3411 3150/3817/3408 
f 3127/3792/3385 3140/3805/3398 3155/3823/3413 3128/3793/3386 
f 3125/3790/3383 3146/3811/3404 3156/3824/3414 3143/3808/3401 
f 3140/3805/3398 3139/3825/3397 3156/3826/3414 3155/3823/3413 
f 3157/3827/3415 3121/3786/3379 3120/3785/3378 3129/3794/3387 
f 3118/3783/3376 3124/3789/3382 3144/3809/3402 3119/3784/3377 
f 3122/3787/3380 3149/3816/3407 3148/3815/3406 3123/3788/3381 
f 3123/3788/3381 3148/3815/3406 3154/3821/3412 3126/3791/3384 
f 3133/3798/3391 3158/3828/3416 3147/3812/3405 3134/3799/3392 
f 3136/3801/3394 3157/3827/3415 3158/3828/3416 3133/3798/3391 
f 3126/3791/3384 3154/3821/3412 3153/3820/3411 3145/3810/3403 
f 3145/3814/3403 3153/3822/3411 3131/3796/3389 3134/3799/3392 
f 3152/3819/3410 3121/3786/3379 3157/3827/3415 3136/3801/3394 
f 3152/3819/3410 3151/3818/3409 3149/3816/3407 3122/3787/3380 
f 3119/3784/3377 3142/3807/3400 3141/3806/3399 3120/3785/3378 
f 3128/3793/3386 3158/3828/3416 3157/3827/3415 3129/3794/3387 
f 3143/3808/3401 3138/3803/3396 3137/3802/3395 3144/3809/3402 
f 3155/3823/3413 3147/3812/3405 3158/3828/3416 3128/3793/3386 
f 3156/3824/3414 3139/3829/3397 3138/3803/3396 3143/3808/3401 
f 3156/3826/3414 3146/3813/3404 3147/3812/3405 3155/3823/3413 
f 3120/3785/3378 3141/3806/3399 3130/3795/3388 3129/3794/3387 
f 3144/3809/3402 3137/3802/3395 3142/3807/3400 3119/3784/3377 
s 128
f 456/3574/581 455/2384/580 1978/2387/2247 2011/2420/2280 
f 489/591/614 457/557/582 475/577/600 480/582/605 521/630/646 3159/3830/3417 
f 3159/3831/3417 521/2454/646 1997/2406/2266 1990/2399/2259 1979/2388/2248 2007/2416/2276 
f 464/564/589 489/591/614 3159/3830/3417 465/565/590 
f 465/2385/590 3159/3831/3417 2007/2416/2276 1977/2386/2246 
s 1
f 3160/3832/3418 3161/3833/3419 3162/3834/3420 3163/3835/3421 
f 3164/3836/3422 3165/3837/3423 3166/3838/3424 3167/3839/3425 
s 2
f 3168/3840/3426 3169/3841/3427 3170/3842/3428 3171/3843/3429 
s 4
f 3172/3844/3430 3173/3845/3431 3174/3846/3432 3175/3847/3433 
s 2
f 3176/3848/3434 3177/3849/3435 3178/3850/3436 3179/3851/3437 
s 4
f 3180/3852/3438 3181/3853/3439 3182/3854/3440 3183/3855/3441 
s 1
f 3160/3832/3418 3184/3856/3442 3185/3857/3443 3186/3858/3444 
f 3161/3833/3419 3187/3859/3445 3188/3860/3446 3189/3861/3447 
f 3162/3834/3420 3190/3862/3448 3191/3863/3449 3192/3864/3450 
f 3163/3835/3421 3193/3865/3451 3194/3866/3452 3195/3867/3453 
f 3164/3836/3422 3196/3868/3454 3197/3869/3455 3198/3870/3456 
f 3165/3837/3423 3199/3871/3457 3200/3872/3458 3201/3873/3459 
f 3166/3838/3424 3202/3874/3460 3203/3875/3461 3204/3876/3462 
f 3167/3839/3425 3205/3877/3463 3206/3878/3464 3207/3879/3465 
s 2
f 3168/3840/3426 3208/3880/3466 3185/3881/3467 3184/3882/3468 
f 3169/3841/3427 3195/3883/3469 3194/3884/3470 3209/3885/3471 
f 3170/3842/3428 3210/3886/3472 3200/3887/3473 3199/3888/3474 
f 3171/3843/3429 3198/3889/3475 3197/3890/3476 3211/3891/3477 
s 4
f 3172/3844/3430 3209/3892/3478 3194/3893/3479 3193/3894/3480 
f 3173/3845/3431 3192/3895/3481 3191/3896/3482 3212/3897/3483 
f 3174/3846/3432 3213/3898/3484 3203/3899/3485 3202/3900/3486 
f 3175/3847/3433 3201/3901/3487 3200/3902/3488 3210/3903/3489 
s 2
f 3176/3848/3434 3212/3904/3490 3191/3905/3491 3190/3906/3492 
f 3177/3849/3435 3189/3907/3493 3188/3908/3494 3214/3909/3495 
f 3178/3850/3436 3215/3910/3496 3206/3911/3497 3205/3912/3498 
f 3179/3851/3437 3204/3913/3499 3203/3914/3500 3213/3915/3501 
s 4
f 3180/3852/3438 3214/3916/3502 3188/3917/3503 3187/3918/3504 
f 3181/3853/3439 3186/3919/3505 3185/3920/3506 3208/3921/3507 
f 3182/3854/3440 3211/3922/3508 3197/3923/3509 3196/3924/3510 
f 3183/3855/3441 3207/3925/3511 3206/3926/3512 3215/3927/3513 
s 1
f 3161/3833/3419 3160/3832/3418 3186/3858/3444 3187/3859/3445 
f 3162/3834/3420 3161/3833/3419 3189/3861/3447 3190/3862/3448 
f 3163/3835/3421 3162/3834/3420 3192/3864/3450 3193/3865/3451 
f 3160/3832/3418 3163/3835/3421 3195/3867/3453 3184/3856/3442 
f 3165/3837/3423 3164/3836/3422 3198/3870/3456 3199/3871/3457 
f 3166/3838/3424 3165/3837/3423 3201/3873/3459 3202/3874/3460 
f 3167/3839/3425 3166/3838/3424 3204/3876/3462 3205/3877/3463 
f 3164/3836/3422 3167/3839/3425 3207/3879/3465 3196/3868/3454 
s 2
f 3169/3841/3427 3168/3840/3426 3184/3882/3468 3195/3883/3469 
f 3170/3842/3428 3169/3841/3427 3209/3885/3471 3210/3886/3472 
f 3171/3843/3429 3170/3842/3428 3199/3888/3474 3198/3889/3475 
f 3168/3840/3426 3171/3843/3429 3211/3891/3477 3208/3880/3466 
s 4
f 3173/3845/3431 3172/3844/3430 3193/3894/3480 3192/3895/3481 
f 3174/3846/3432 3173/3845/3431 3212/3897/3483 3213/3898/3484 
f 3175/3847/3433 3174/3846/3432 3202/3900/3486 3201/3901/3487 
f 3172/3844/3430 3175/3847/3433 3210/3903/3489 3209/3892/3478 
s 2
f 3177/3849/3435 3176/3848/3434 3190/3906/3492 3189/3907/3493 
f 3178/3850/3436 3177/3849/3435 3214/3909/3495 3215/3910/3496 
f 3179/3851/3437 3178/3850/3436 3205/3912/3498 3204/3913/3499 
f 3176/3848/3434 3179/3851/3437 3213/3915/3501 3212/3904/3490 
s 4
f 3181/3853/3439 3180/3852/3438 3187/3918/3504 3186/3919/3505 
f 3182/3854/3440 3181/3853/3439 3208/3921/3507 3211/3922/3508 
f 3183/3855/3441 3182/3854/3440 3196/3924/3510 3207/3925/3511 
f 3180/3852/3438 3183/3855/3441 3215/3927/3513 3214/3916/3502 
s 32
f 1263/1475/3514 1166/1367/3515 3216/3928/3516 3217/3929/3517 
f 3217/3929/3517 3216/3928/3516 3218/3930/3518 3219/3931/3519 
f 3219/3931/3519 3218/3930/3518 3220/3932/3520 3221/3933/3521 
f 3221/3933/3521 3220/3932/3520 3222/3934/3522 3223/3935/3523 
f 3223/3935/3523 3222/3934/3522 3224/3936/3524 3225/3937/3525 
f 3225/3937/3525 3224/3936/3524 3226/3938/3526 3227/3939/3527 
f 3227/3939/3527 3226/3938/3526 3228/3940/3528 3229/3941/3529 
f 3229/3942/3529 3228/3943/3528 3230/3944/3530 3231/3945/3531 
f 3231/3945/3531 3230/3944/3530 3232/3946/3532 3233/3947/3533 
f 3233/3947/3533 3232/3946/3532 3234/3948/3534 3235/3949/3535 
f 3235/3949/3535 3234/3948/3534 3236/3950/3536 3237/3951/3537 
f 3237/3951/3537 3236/3950/3536 3238/3952/3538 3239/3953/3539 
f 3239/3953/3539 3238/3952/3538 3240/3954/3540 3241/3955/3541 
f 3241/3955/3541 3240/3954/3540 2611/3136/3542 2696/3234/3543 
f 1262/1474/1394 2698/3236/3544 2695/3233/2974 
f 2695/3233/2974 2698/3236/3544 2697/3235/3545 2694/3232/2972 
f 2694/3232/2972 2697/3235/3545 2598/3123/2871 2693/3231/2969 
s off
f 2693/3231/3546 2598/3123/3546 2610/3135/3546 2696/3234/3546 
s 32
f 2696/3234/3543 2610/3135/2907 2631/3156/2903 3241/3955/3541 
f 3241/3955/3541 2631/3156/2903 2634/3159/2906 3239/3953/3539 
f 3239/3953/3539 2634/3159/2906 2655/3180/2928 3237/3951/3537 
f 3237/3951/3537 2655/3180/2928 2654/3179/2927 3235/3949/3535 
f 3235/3949/3535 2654/3179/2927 3242/3956/3547 3233/3947/3533 
f 3233/3947/3533 3242/3956/3547 3243/3957/3548 3231/3945/3531 
f 3231/3945/3531 3243/3957/3548 3244/3958/3549 3229/3942/3529 
f 3229/3941/3529 3244/3959/3549 3245/3960/3550 3227/3939/3527 
f 3227/3939/3527 3245/3960/3550 3246/3961/3551 3225/3937/3525 
f 3225/3937/3525 3246/3961/3551 1212/1413/1339 3223/3935/3523 
f 3223/3935/3523 1212/1413/1339 1211/1412/1338 3221/3933/3521 
f 3221/3933/3521 1211/1412/1338 1188/1389/1314 3219/3931/3519 
f 3219/3931/3519 1188/1389/1314 1191/1392/1317 3217/3929/3517 
f 3217/3929/3517 1191/1392/1317 1165/1366/1318 1263/1475/3514 
s off
f 1263/1475/3552 1165/1366/3552 1150/1351/3552 1260/1472/3552 
s 32
f 1260/1472/1391 1150/1351/1279 1264/1476/3553 1259/1471/1388 
f 1259/1471/1388 1264/1476/3553 1265/1477/3554 1261/1473/1392 
f 1261/1473/1392 1265/1477/3554 1262/1474/1394 
f 1187/1388/1313 3218/3930/3518 3216/3928/3516 1185/1386/1311 
f 1185/1386/1311 3216/3928/3516 1166/1367/3515 1182/1383/1308 
f 1182/1383/1308 1166/1367/3515 1169/1370/3555 1202/1403/1329 
f 1202/1403/1329 1169/1370/3555 1171/1372/3556 1248/1458/1375 
f 1248/1458/1375 1171/1372/3556 1173/1374/3557 1250/1462/1377 
f 1250/1462/1377 1173/1374/3557 2615/3140/3558 2691/3225/2964 
f 2691/3225/2964 2615/3140/3558 2612/3137/3559 2646/3171/2919 
f 2646/3171/2919 2612/3137/3559 2611/3136/3542 2628/3153/2900 
f 2628/3153/2900 2611/3136/3542 3240/3954/3540 2625/3150/2897 
f 2625/3150/2897 3240/3954/3540 3238/3952/3538 2629/3154/2901 
f 2629/3154/2901 3238/3952/3538 3236/3950/3536 2652/3177/2925 
f 2652/3177/2925 3236/3950/3536 3234/3948/3534 2642/3167/2915 
f 2642/3167/2915 3234/3948/3534 3232/3946/3532 2639/3164/2912 
f 2639/3164/2912 3232/3946/3532 3230/3944/3530 2643/3168/2916 
f 2643/3168/2916 3230/3944/3530 3228/3943/3528 1546/3581/1684 
f 1546/1842/1684 3228/3940/3528 3226/3938/3526 1201/1402/1328 
f 1201/1402/1328 3226/3938/3526 3224/3936/3524 1199/1400/1326 
f 1199/1400/1326 3224/3936/3524 3222/3934/3522 1196/1397/1323 
f 1196/1397/1323 3222/3934/3522 3220/3932/3520 1208/1409/1335 
f 1208/1409/1335 3220/3932/3520 3218/3930/3518 1187/1388/1313 
f 1195/1396/1322 1212/1413/1339 3246/3961/3551 1193/1394/1320 
f 1193/1394/1320 3246/3961/3551 3245/3960/3550 1247/1457/1374 
f 1247/1457/1374 3245/3960/3550 3244/3959/3549 1548/1844/1685 
f 1548/3583/1685 3244/3958/3549 3243/3957/3548 2690/3224/2963 
f 2690/3224/2963 3243/3957/3548 3242/3956/3547 2638/3163/2911 
f 2638/3163/2911 3242/3956/3547 2654/3179/2927 2636/3161/2909 
# 3053 polygons - 60 triangles

